date,run_ts,sku_id,shop_id,status,title,url,price_local,currency,price_eur,price_eur_net,vat,availability,source,flag
2026-10-01,2026-10-01T10:46:11Z,SH-105-STBR,bike-components,ok,105 Front+Rear Set Disc Brake BR-R7170 + Di2 ST-R7170,https://www.bike-components.de/en/Shimano/105-Front-Rear-Set-Disc-Brake-BR-R7170-Di2-ST-R7170-p88625/,299.0,EUR,299.0,251.26,0.19,out,jsonld,vyprodáno
2026-10-01,2026-10-01T10:46:11Z,SH-105-RD,bike-components,ok,105 Di2 Rear Derailleur Shadow RD-R7150 12-speed,https://www.bike-components.de/en/Shimano/105-Di2-Rear-Derailleur-Shadow-RD-R7150-12-speed-p88619/,149.99,EUR,149.99,126.04,0.19,in_stock,jsonld,
2026-10-01,2026-10-01T10:46:11Z,SH-105-FD,bike-components,ok,105 Di2 Umwerfer FD-R7150 2-/12-fach,https://www.bike-components.de/de/Shimano/105-Di2-Umwerfer-FD-R7150-2-12-fach-p88620/,76.99,EUR,76.99,64.7,0.19,out,jsonld,vyprodáno
2026-10-01,2026-10-01T10:46:11Z,SH-105-FC,bike-components,ok,105 FC-R7100 Hollowtech II Crankset,https://www.bike-components.de/en/Shimano/105-FC-R7100-Hollowtech-II-Crankset-p88622/,114.99,EUR,114.99,96.63,0.19,in_stock,jsonld,ověřit variantu
2026-10-01,2026-10-01T10:46:11Z,SH-105-CS,bike-components,not_found,,,,,,,0.19,unknown,,
2026-10-01,2026-10-01T10:46:11Z,SH-105-CS2,bike-components,ok,CS-HG710-12 12-speed Cassette,https://www.bike-components.de/en/Shimano/CS-HG710-12-12-speed-Cassette-p88624/,54.99,EUR,54.99,46.21,0.19,in_stock,jsonld,ověřit variantu
2026-10-01,2026-10-01T10:46:11Z,SH-105-CN,bike-components,ok,SLX / 105 / E-Bike Quick-Link Chain CN-M7100 12-speed,https://www.bike-components.de/en/Shimano/SLX-105-E-Bike-Quick-Link-Chain-CN-M7100-12-speed-p71462/,18.99,EUR,18.99,15.96,0.19,in_stock,jsonld,
2026-10-01,2026-10-01T10:46:11Z,SH-105-SET,bike-components,ok,105 Di2 R7150 Gruppe 2x12 34-50,https://www.bike-components.de/de/Shimano/105-Di2-R7150-Gruppe-2x12-34-50-p88663/,999.0,EUR,999.0,839.5,0.19,out,jsonld,vyprodáno
2026-10-01,2026-10-01T10:46:11Z,SH-ULT-STBR,bike-components,ok,Ultegra Front+Rear Set Disc Brake BR-R8170 + Di2 ST-R8170,https://www.bike-components.de/en/Shimano/Ultegra-Front-Rear-Set-Disc-Brake-BR-R8170-Di2-ST-R8170-p84490/,509.0,EUR,509.0,427.73,0.19,out,jsonld,vyprodáno
2026-10-01,2026-10-01T10:46:11Z,SH-ULT-RD,bike-components,ok,Ultegra Di2 Rear Derailleur Shadow RD-R8150 12-speed,https://www.bike-components.de/en/Shimano/Ultegra-Di2-Rear-Derailleur-Shadow-RD-R8150-12-speed-p212608/,250.0,EUR,250.0,210.08,0.19,backorder,jsonld,
2026-10-01,2026-10-01T10:46:11Z,SH-ULT-FD,bike-components,ok,Ultegra Di2 FD-R8150 2-/12-speed Front Derailleur,https://www.bike-components.de/en/Shimano/Ultegra-Di2-FD-R8150-2-12-speed-Front-Derailleur-p84391/,149.99,EUR,149.99,126.04,0.19,backorder,jsonld,
2026-10-01,2026-10-01T10:46:11Z,SH-ULT-FC,bike-components,ok,Ultegra FC-R8100 Hollowtech II Crankset,https://www.bike-components.de/en/Shimano/Ultegra-FC-R8100-Hollowtech-II-Crankset-p84397/,181.99,EUR,181.99,152.93,0.19,in_stock,jsonld,ověřit variantu
2026-10-01,2026-10-01T10:46:11Z,SH-ULT-FC-PM,bike-components,ok,Ultegra Powermeter Crankset FC-R8100-P Hollowtech II,https://www.bike-components.de/en/Shimano/Ultegra-Powermeter-Crankset-FC-R8100-P-Hollowtech-II-p212607/,889.0,EUR,889.0,747.06,0.19,in_stock,jsonld,ověřit variantu
2026-10-01,2026-10-01T10:46:11Z,SH-ULT-CS,bike-components,ok,Ultegra Cassette CS-R8100 + Chain CN-M8101 12-speed Wear Set,https://www.bike-components.de/en/Shimano/Ultegra-Cassette-CS-R8100-Chain-CN-M8101-12-speed-Wear-Set-p213611/,129.99,EUR,129.99,109.24,0.19,in_stock,jsonld,ověřit variantu
2026-10-01,2026-10-01T10:46:11Z,SH-ULT-CN,bike-components,ok,XT / Ultegra / E-Bike Quick-Link Chain CN-M8100 12-speed,https://www.bike-components.de/en/Shimano/XT-Ultegra-E-Bike-Quick-Link-Chain-CN-M8100-12-speed-p71475/,27.99,EUR,27.99,23.52,0.19,in_stock,jsonld,
2026-10-01,2026-10-01T10:46:11Z,SH-ULT-SET,bike-components,ok,Ultegra Di2 R8150 Groupset 2x12,https://www.bike-components.de/en/Shimano/Ultegra-Di2-R8150-Groupset-2x12-p221432/,1460.0,EUR,1460.0,1226.89,0.19,in_stock,jsonld,
2026-10-01,2026-10-01T10:46:11Z,SH-ULT-SET-PM,bike-components,not_found,,,,,,,0.19,unknown,,
2026-10-01,2026-10-01T10:46:11Z,SH-DA-STBR,bike-components,ok,Dura-Ace Front+Rear Set Disc Brake BR-R9270 + Di2 ST-R9270,https://www.bike-components.de/en/Shimano/Dura-Ace-Front-Rear-Set-Disc-Brake-BR-R9270-Di2-ST-R9270-p84487/,779.0,EUR,779.0,654.62,0.19,out,jsonld,vyprodáno
2026-10-01,2026-10-01T10:46:11Z,SH-DA-RD,bike-components,ok,Dura-Ace Di2 Rear Derailleur Shadow RD-R9250 12-speed,https://www.bike-components.de/en/Shimano/Dura-Ace-Di2-Rear-Derailleur-Shadow-RD-R9250-12-speed-p212606/,589.0,EUR,589.0,494.96,0.19,in_stock,jsonld,
2026-10-01,2026-10-01T10:46:11Z,SH-DA-FD,bike-components,ok,Dura-Ace Di2 FD-R9250 2-/12-speed Front Derailleur,https://www.bike-components.de/en/Shimano/Dura-Ace-Di2-FD-R9250-2-12-speed-Front-Derailleur-p84376/,289.0,EUR,289.0,242.86,0.19,in_stock,jsonld,
2026-10-01,2026-10-01T10:46:11Z,SH-DA-FC,bike-components,ok,Dura-Ace Hollowtech II FC-R9200 Crankset,https://www.bike-components.de/en/Shimano/Dura-Ace-Hollowtech-II-FC-R9200-Crankset-p84383/,249.0,EUR,249.0,209.24,0.19,in_stock,jsonld,ověřit variantu
2026-10-01,2026-10-01T10:46:11Z,SH-DA-FC-PM,bike-components,implausible,Magnet Set for FC-R9100-P / FC-R9200-P Power Meters,https://www.bike-components.de/en/Shimano/Magnet-Set-for-FC-R9100-P-FC-R9200-P-Power-Meters-p63981/,4.99,EUR,4.99,4.19,0.19,in_stock,jsonld,ověřit variantu; vyřazeno: -76.3 % vs medián ostatních shopů 431 Kč – nejspíš jiný sortiment
2026-10-01,2026-10-01T10:46:11Z,SH-DA-CS,bike-components,ok,Dura-Ace CS-R9200-12 12-speed Cassette,https://www.bike-components.de/en/Shimano/Dura-Ace-CS-R9200-12-12-speed-Cassette-p84382/,219.99,EUR,219.99,184.87,0.19,in_stock,jsonld,ověřit variantu
2026-10-01,2026-10-01T10:46:11Z,SH-DA-CN,bike-components,ok,XTR / Dura-Ace / E-bike Quick-Link CN-M9100 12-speed Chain,https://www.bike-components.de/en/Shimano/XTR-Dura-Ace-E-bike-Quick-Link-CN-M9100-12-speed-Chain-p62087/,42.99,EUR,42.99,36.13,0.19,in_stock,jsonld,
2026-10-01,2026-10-01T10:46:11Z,SH-DA-SET,bike-components,ok,Dura-Ace Di2 R9250 Groupset 2x12,https://www.bike-components.de/en/Shimano/Dura-Ace-Di2-R9250-Groupset-2x12-p221431/,2520.0,EUR,2520.0,2117.65,0.19,in_stock,jsonld,
2026-10-01,2026-10-01T10:46:11Z,SH-DA-SET-PM,bike-components,not_found,,,,,,,0.19,unknown,,
2026-10-01,2026-10-01T10:46:11Z,SH-X-BT-DN300,bike-components,implausible,USB Charging Cable EW-EC300 for BT-DN300 Di2/FC-R9200-P Power Meter,https://www.bike-components.de/en/Shimano/USB-Charging-Cable-EW-EC300-for-BT-DN300-Di2-FC-R9200-P-Power-Meter-p84426/,31.99,EUR,31.99,26.88,0.19,in_stock,jsonld,vyřazeno: -74.3 % vs medián ostatních shopů 2554 Kč – nejspíš jiný sortiment
2026-10-01,2026-10-01T10:46:11Z,SH-X-EW-EC300,bike-components,ok,USB Charging Cable EW-EC300 for BT-DN300 Di2/FC-R9200-P Power Meter,https://www.bike-components.de/en/Shimano/USB-Charging-Cable-EW-EC300-for-BT-DN300-Di2-FC-R9200-P-Power-Meter-p84426/,31.99,EUR,31.99,26.88,0.19,in_stock,jsonld,
2026-10-01,2026-10-01T10:46:11Z,SH-X-RT-CL800,bike-components,not_found,,,,,,,0.19,unknown,,
2026-10-01,2026-10-01T10:46:11Z,SH-X-RT-CL900,bike-components,not_found,,,,,,,0.19,unknown,,
2026-10-01,2026-10-01T10:46:11Z,SR-RED-SET,bike-components,ok,Red E1 AXS HRD FM Groupset 2x12-speed 37-50,https://www.bike-components.de/en/SRAM/Red-E1-AXS-HRD-FM-Groupset-2x12-speed-37-50-p94470/,2800.0,EUR,2800.0,2352.94,0.19,out,jsonld,vyprodáno
2026-10-01,2026-10-01T10:46:11Z,SR-RED-SET-PM,bike-components,ok,Red E1 AXS Power Meter HRD FM Groupset 2x12-speed 33-46,https://www.bike-components.de/en/SRAM/Red-E1-AXS-Power-Meter-HRD-FM-Groupset-2x12-speed-33-46-p94472/,3160.0,EUR,3160.0,2655.46,0.19,out,jsonld,vyprodáno
2026-10-01,2026-10-01T10:46:11Z,SR-FORCE-SET,bike-components,not_found,,,,,,,0.19,unknown,,
2026-10-01,2026-10-01T10:46:11Z,SR-FORCE-SET-PM,bike-components,ok,Force E1 AXS HRD FM Powermeter Gruppe 2x12-fach 33-46,https://www.bike-components.de/de/SRAM/Force-E1-AXS-HRD-FM-Powermeter-Gruppe-2x12-fach-33-46-p218460/,2810.0,EUR,2810.0,2361.34,0.19,out,jsonld,vyprodáno
2026-10-01,2026-10-01T10:46:11Z,SR-RIVAL-SET,bike-components,ok,Rival E1 AXS HRD FM groupset 2x12-speed 35-48,https://www.bike-components.de/en/SRAM/Rival-E1-AXS-HRD-FM-groupset-2x12-speed-35-48-p218856/,1580.0,EUR,1580.0,1327.73,0.19,out,jsonld,vyprodáno
2026-10-01,2026-10-01T10:46:11Z,SR-RIVAL-SET-PM,bike-components,ok,Rival E1 AXS HRD FM Powermeter Gruppe 2x12-fach 35-48,https://www.bike-components.de/de/SRAM/Rival-E1-AXS-HRD-FM-Powermeter-Gruppe-2x12-fach-35-48-p218860/,1740.0,EUR,1740.0,1462.18,0.19,out,jsonld,vyprodáno
2026-10-01,2026-10-01T10:46:11Z,SR-FORCE-D2-SET,bike-components,not_found,,,,,,,0.19,unknown,,
2026-10-01,2026-10-01T10:46:11Z,SR-RIVAL-D1-SET,bike-components,not_found,,,,,,,0.19,unknown,,
2026-10-01,2026-10-01T10:46:11Z,SR-RED-D1-SET,bike-components,not_found,,,,,,,0.19,unknown,,
2026-10-01,2026-10-01T10:46:11Z,SH-105-STBR,starbike,ok,Shimano 105 Di2 ST-R7170 shift- and brake dual control lever,https://www.starbike.com/en/shimano-105-di2-st-r7170-shift-and-brake-dual-control-lever/,203.89,EUR,203.89,171.34,0.19,in_stock,jsonld,ověřit variantu
2026-10-01,2026-10-01T10:46:11Z,SH-105-RD,starbike,not_found,,,,,,,0.19,unknown,,
2026-10-01,2026-10-01T10:46:11Z,SH-105-FD,starbike,ok,Shimano 105 Di2 FD-R7150-F front derailleur braze-on,https://www.starbike.com/en/shimano-105-di2-fd-r7150-f-front-derailleur-braze-on/,112.9,EUR,112.9,94.87,0.19,in_stock,jsonld,
2026-10-01,2026-10-01T10:46:11Z,SH-105-FC,starbike,ok,Shimano 105 FC-R7100 crankset 12-speed Hollowtech black,https://www.starbike.com/en/shimano-105-fc-r7100-crankset-12-speed-hollowtech-black/,137.9,EUR,137.9,115.88,0.19,in_stock,jsonld,ověřit variantu
2026-10-01,2026-10-01T10:46:11Z,SH-105-CS,starbike,not_found,,,,,,,0.19,unknown,,
2026-10-01,2026-10-01T10:46:11Z,SH-105-CS2,starbike,not_found,,,,,,,0.19,unknown,,
2026-10-01,2026-10-01T10:46:11Z,SH-105-CN,starbike,ok,Shimano CN-M7100 12-speed chain,https://www.starbike.com/en/shimano-cn-m7100-12-speed-chain/,18.3,EUR,18.3,15.38,0.19,in_stock,jsonld,
2026-10-01,2026-10-01T10:46:11Z,SH-105-SET,starbike,ok,Shimano 105 Di2 R7170 2x12-speed Flatmount groupset electric,https://www.starbike.com/en/shimano-105-di2-r7170-2x12-speed-flatmount-groupset-electric/,1112.9,EUR,1112.9,935.21,0.19,in_stock,jsonld,
2026-10-01,2026-10-01T10:46:11Z,SH-ULT-STBR,starbike,ok,Shimano BR-R8170/ST-R8170 disc brake I-Spec EV excl. adaptor Resin,https://www.starbike.com/en/shimano-br-r8170-st-r8170-disc-brake-i-spec-ev-excl.-adaptor-resin/,368.9,EUR,368.9,310.0,0.19,in_stock,jsonld,
2026-10-01,2026-10-01T10:46:11Z,SH-ULT-RD,starbike,ok,Shimano Ultegra RD-R8150 Di2 12-speed rear derailleur black,https://www.starbike.com/en/shimano-ultegra-rd-r8150-di2-12-speed-rear-derailleur-black/,334.9,EUR,334.9,281.43,0.19,in_stock,jsonld,
2026-10-01,2026-10-01T10:46:11Z,SH-ULT-FD,starbike,ok,Shimano Ultegra FD-R8150 Di2 front derailleur 2/12-speed braze-on 50-54T,https://www.starbike.com/en/shimano-ultegra-fd-r8150-di2-front-derailleur-212-speed-braze-on-50-54t/,185.9,EUR,185.9,156.22,0.19,in_stock,jsonld,
2026-10-01,2026-10-01T10:46:11Z,SH-ULT-FC,starbike,ok,Shimano Ultegra FC-R8100 crankset 12-speed Hollowtech anthracite,https://www.starbike.com/en/shimano-ultegra-fc-r8100-crankset-12-speed-hollowtech-anthracite/,203.89,EUR,203.89,171.34,0.19,in_stock,jsonld,ověřit variantu
2026-10-01,2026-10-01T10:46:11Z,SH-ULT-FC-PM,starbike,ok,Shimano Ultegra FC-R8100-P 2x12-speed powermeter crankset,https://www.starbike.com/en/shimano-ultegra-fc-r8100-p-2x12-speed-powermeter-crankset/,859.91,EUR,859.91,722.61,0.19,in_stock,jsonld,ověřit variantu
2026-10-01,2026-10-01T10:46:11Z,SH-ULT-CS,starbike,not_found,,,,,,,0.19,unknown,,
2026-10-01,2026-10-01T10:46:11Z,SH-ULT-CN,starbike,ok,Shimano XT CN-M8100 12-speed chain,https://www.starbike.com/en/shimano-xt-cn-m8100-12-speed-chain/,30.9,EUR,30.9,25.97,0.19,in_stock,jsonld,
2026-10-01,2026-10-01T10:46:11Z,SH-ULT-SET,starbike,ok,Shimano Ultegra Di2 R8100 2x12-speed Flatmount groupset electric,https://www.starbike.com/en/shimano-ultegra-di2-r8100-2x12-speed-flatmount-groupset-electric/,1507.9,EUR,1507.9,1267.14,0.19,in_stock,jsonld,
2026-10-01,2026-10-01T10:46:11Z,SH-ULT-SET-PM,starbike,ok,Shimano Ultegra Di2 R8100 2x12-speed Powermeter Flatmount groupset electric,https://www.starbike.com/en/shimano-ultegra-di2-r8100-2x12-speed-powermeter-flatmount-groupset-electric/,2159.9,EUR,2159.9,1815.04,0.19,in_stock,jsonld,
2026-10-01,2026-10-01T10:46:11Z,SH-DA-STBR,starbike,ok,Shimano Dura-Ace BR-R9270 Hydraulic Disc Brake / ST-R9270 Di2 STI Shift/Brake Lever,https://www.starbike.com/en/shimano-dura-ace-st-r9270-di2-12-speed-sti-shift-and-brake-lever-hydraulic/,511.9,EUR,511.9,430.17,0.19,in_stock,jsonld,
2026-10-01,2026-10-01T10:46:11Z,SH-DA-RD,starbike,ok,Shimano Dura-Ace Di2 RD-R9250 rear derailleur 12-speed black,https://www.starbike.com/en/shimano-dura-ace-di2-rd-r9250-rear-derailleur-12-speed-black/,694.9,EUR,694.9,583.95,0.19,in_stock,jsonld,
2026-10-01,2026-10-01T10:46:11Z,SH-DA-FD,starbike,ok,Shimano Dura-Ace Di2 FD-R9250 front derailleur 2-speed anl&ouml;t 46-55T for 12-speed,https://www.starbike.com/en/shimano-dura-ace-di2-fd-r9250-front-derailleur-2-speed-anloet-46-55t-for-12-speed/,341.9,EUR,341.9,287.31,0.19,in_stock,jsonld,
2026-10-01,2026-10-01T10:46:11Z,SH-DA-FC,starbike,ok,Shimano Dura-Ace FC-R9200 crankset black 12-speed HT2,https://www.starbike.com/en/shimano-dura-ace-fc-r9200-crankset-black-12-speed-ht2/,473.91,EUR,473.91,398.24,0.19,in_stock,jsonld,ověřit variantu
2026-10-01,2026-10-01T10:46:11Z,SH-DA-FC-PM,starbike,ok,Shimano Dura-Ace FC-R9200-P 2x12-speed powermeter crankset,https://www.starbike.com/en/shimano-dura-ace-fc-r9200-p-2x12-speed-powermeter-crankset/,1088.9,EUR,1088.9,915.04,0.19,in_stock,jsonld,ověřit variantu
2026-10-01,2026-10-01T10:46:11Z,SH-DA-CS,starbike,ok,Shimano Dura-Ace CS-R9200 cassette 12-speed,https://www.starbike.com/en/shimano-dura-ace-cs-r9200-cassette-12-speed/,271.9,EUR,271.9,228.49,0.19,in_stock,jsonld,ověřit variantu
2026-10-01,2026-10-01T10:46:11Z,SH-DA-CN,starbike,ok,Shimano XTR CN-M9100 chain 12-speed for E-MTB,https://www.starbike.com/en/shimano-xtr-cn-9100-chain/,37.65,EUR,37.65,31.64,0.19,in_stock,jsonld,
2026-10-01,2026-10-01T10:46:11Z,SH-DA-SET,starbike,ok,Shimano Dura-Ace Di2 R9200 12-speed Flatmount groupset electric,https://www.starbike.com/en/shimano-dura-ace-di2-r9200-12-speed-flatmount-groupset-electric/,2615.91,EUR,2615.91,2198.24,0.19,in_stock,jsonld,
2026-10-01,2026-10-01T10:46:11Z,SH-DA-SET-PM,starbike,not_found,,,,,,,0.19,unknown,,
2026-10-01,2026-10-01T10:46:11Z,SH-X-BT-DN300,starbike,ok,Shimano BT-DN300 Di2 battery for seatpost/fork,https://www.starbike.com/en/shimano-bt-dn300-di2-battery-for-seatpostfork/,150.9,EUR,150.9,126.81,0.19,in_stock,jsonld,
2026-10-01,2026-10-01T10:46:11Z,SH-X-EW-EC300,starbike,ok,Shimano EW-EC300 Di2 battery charging cable 1.5m USB black,https://www.starbike.com/en/shimano-ew-ec300-di2-battery-charging-cable-15m-usb-black/,42.9,EUR,42.9,36.05,0.19,in_stock,jsonld,
2026-10-01,2026-10-01T10:46:11Z,SH-X-RT-CL800,starbike,ok,Shimano RT-CL800 Centerlock disc rotor with lock ring with magnet 160mm,https://www.starbike.com/en/shimano-rt-cl800-centerlock-disc-rotor-with-lock-ring-with-magnet-160mm/,53.9,EUR,53.9,45.29,0.19,in_stock,jsonld,
2026-10-01,2026-10-01T10:46:11Z,SH-X-RT-CL900,starbike,ok,Shimano RT-CL900 Centerlock disc rotor with lock ring with magnet 160mm,https://www.starbike.com/en/shimano-rt-cl900-centerlock-disc-rotor-with-lock-ring-with-magnet-160mm/,67.9,EUR,67.9,57.06,0.19,in_stock,jsonld,
2026-10-01,2026-10-01T10:46:11Z,SR-RED-SET,starbike,ok,SRAM RED AXS Kit 2-speed hydraulic 36T rear derailleur incl. 160mm disc Flatmount Hammerhead (excl. crankset),https://www.starbike.com/en/sram-red-axs-kit-2-speed-hydraulic-36t-rear-derailleur-incl.-160mm-disc-flatmount-hammerhead-excl.-crankset/,2721.9,EUR,2721.9,2287.31,0.19,preorder,jsonld,
2026-10-01,2026-10-01T10:46:11Z,SR-RED-SET-PM,starbike,not_found,,,,,,,0.19,unknown,,
2026-10-01,2026-10-01T10:46:11Z,SR-FORCE-SET,starbike,ok,SRAM Force AXS 2-speed groupset hydraulic without crank 36T rear derailleur disc flatmount incl. 160mm brake rotor,https://www.starbike.com/en/sram-force-axs-2-speed-groupset-hydraulic-without-crank-36t-rear-derailleur-disc-flatmount-incl-160mm-brake-rotor/,1297.9,EUR,1297.9,1090.67,0.19,in_stock,jsonld,
2026-10-01,2026-10-01T10:46:11Z,SR-FORCE-SET-PM,starbike,not_found,,,,,,,0.19,unknown,,
2026-10-01,2026-10-01T10:46:11Z,SR-RIVAL-SET,starbike,not_found,,,,,,,0.19,unknown,,
2026-10-01,2026-10-01T10:46:11Z,SR-RIVAL-SET-PM,starbike,not_found,,,,,,,0.19,unknown,,
2026-10-01,2026-10-01T10:46:11Z,SR-FORCE-D2-SET,starbike,ok,SRAM Force AXS 2-speed groupset hydraulic without crank 36T rear derailleur disc flatmount incl. 160mm brake rotor,https://www.starbike.com/en/sram-force-axs-2-speed-groupset-hydraulic-without-crank-36t-rear-derailleur-disc-flatmount-incl-160mm-brake-rotor/,1297.9,EUR,1297.9,1090.67,0.19,in_stock,jsonld,ověřit variantu
2026-10-01,2026-10-01T10:46:11Z,SR-RIVAL-D1-SET,starbike,ok,SRAM Rival Mullet eTap AXS 1/12-speed Road Wide groupset disc,https://www.starbike.com/en/sram-rival-mullet-etap-axs-1-12-speed-road-wide-groupset-disc/,1305.43,EUR,1305.43,1097.0,0.19,preorder,jsonld,ověřit variantu
2026-10-01,2026-10-01T10:46:11Z,SR-RED-D1-SET,starbike,not_found,,,,,,,0.19,unknown,,
2026-10-01,2026-10-01T10:46:11Z,SH-105-STBR,koloshop,not_found,,,,,,,0.21,unknown,,"shop nevrátil žádnou cenu – HTTP 200×293 („Ujišťujeme se, že nejste robot!“, 7463 B)"
2026-10-01,2026-10-01T10:46:11Z,SH-105-RD,koloshop,not_found,,,,,,,0.21,unknown,,"shop nevrátil žádnou cenu – HTTP 200×293 („Ujišťujeme se, že nejste robot!“, 7463 B)"
2026-10-01,2026-10-01T10:46:11Z,SH-105-FD,koloshop,not_found,,,,,,,0.21,unknown,,"shop nevrátil žádnou cenu – HTTP 200×293 („Ujišťujeme se, že nejste robot!“, 7463 B)"
2026-10-01,2026-10-01T10:46:11Z,SH-105-FC,koloshop,not_found,,,,,,,0.21,unknown,,"shop nevrátil žádnou cenu – HTTP 200×293 („Ujišťujeme se, že nejste robot!“, 7463 B)"
2026-10-01,2026-10-01T10:46:11Z,SH-105-CS,koloshop,not_found,,,,,,,0.21,unknown,,"shop nevrátil žádnou cenu – HTTP 200×293 („Ujišťujeme se, že nejste robot!“, 7463 B)"
2026-10-01,2026-10-01T10:46:11Z,SH-105-CS2,koloshop,not_found,,,,,,,0.21,unknown,,"shop nevrátil žádnou cenu – HTTP 200×293 („Ujišťujeme se, že nejste robot!“, 7463 B)"
2026-10-01,2026-10-01T10:46:11Z,SH-105-CN,koloshop,not_found,,,,,,,0.21,unknown,,"shop nevrátil žádnou cenu – HTTP 200×293 („Ujišťujeme se, že nejste robot!“, 7463 B)"
2026-10-01,2026-10-01T10:46:11Z,SH-105-SET,koloshop,not_found,,,,,,,0.21,unknown,,"shop nevrátil žádnou cenu – HTTP 200×293 („Ujišťujeme se, že nejste robot!“, 7463 B)"
2026-10-01,2026-10-01T10:46:11Z,SH-ULT-STBR,koloshop,not_found,,,,,,,0.21,unknown,,"shop nevrátil žádnou cenu – HTTP 200×293 („Ujišťujeme se, že nejste robot!“, 7463 B)"
2026-10-01,2026-10-01T10:46:11Z,SH-ULT-RD,koloshop,not_found,,,,,,,0.21,unknown,,"shop nevrátil žádnou cenu – HTTP 200×293 („Ujišťujeme se, že nejste robot!“, 7463 B)"
2026-10-01,2026-10-01T10:46:11Z,SH-ULT-FD,koloshop,not_found,,,,,,,0.21,unknown,,"shop nevrátil žádnou cenu – HTTP 200×293 („Ujišťujeme se, že nejste robot!“, 7463 B)"
2026-10-01,2026-10-01T10:46:11Z,SH-ULT-FC,koloshop,not_found,,,,,,,0.21,unknown,,"shop nevrátil žádnou cenu – HTTP 200×293 („Ujišťujeme se, že nejste robot!“, 7463 B)"
2026-10-01,2026-10-01T10:46:11Z,SH-ULT-FC-PM,koloshop,not_found,,,,,,,0.21,unknown,,"shop nevrátil žádnou cenu – HTTP 200×293 („Ujišťujeme se, že nejste robot!“, 7463 B)"
2026-10-01,2026-10-01T10:46:11Z,SH-ULT-CS,koloshop,not_found,,,,,,,0.21,unknown,,"shop nevrátil žádnou cenu – HTTP 200×293 („Ujišťujeme se, že nejste robot!“, 7463 B)"
2026-10-01,2026-10-01T10:46:11Z,SH-ULT-CN,koloshop,not_found,,,,,,,0.21,unknown,,"shop nevrátil žádnou cenu – HTTP 200×293 („Ujišťujeme se, že nejste robot!“, 7463 B)"
2026-10-01,2026-10-01T10:46:11Z,SH-ULT-SET,koloshop,not_found,,,,,,,0.21,unknown,,"shop nevrátil žádnou cenu – HTTP 200×293 („Ujišťujeme se, že nejste robot!“, 7463 B)"
2026-10-01,2026-10-01T10:46:11Z,SH-ULT-SET-PM,koloshop,not_found,,,,,,,0.21,unknown,,"shop nevrátil žádnou cenu – HTTP 200×293 („Ujišťujeme se, že nejste robot!“, 7463 B)"
2026-10-01,2026-10-01T10:46:11Z,SH-DA-STBR,koloshop,not_found,,,,,,,0.21,unknown,,"shop nevrátil žádnou cenu – HTTP 200×293 („Ujišťujeme se, že nejste robot!“, 7463 B)"
2026-10-01,2026-10-01T10:46:11Z,SH-DA-RD,koloshop,not_found,,,,,,,0.21,unknown,,"shop nevrátil žádnou cenu – HTTP 200×293 („Ujišťujeme se, že nejste robot!“, 7463 B)"
2026-10-01,2026-10-01T10:46:11Z,SH-DA-FD,koloshop,not_found,,,,,,,0.21,unknown,,"shop nevrátil žádnou cenu – HTTP 200×293 („Ujišťujeme se, že nejste robot!“, 7463 B)"
2026-10-01,2026-10-01T10:46:11Z,SH-DA-FC,koloshop,not_found,,,,,,,0.21,unknown,,"shop nevrátil žádnou cenu – HTTP 200×293 („Ujišťujeme se, že nejste robot!“, 7463 B)"
2026-10-01,2026-10-01T10:46:11Z,SH-DA-FC-PM,koloshop,not_found,,,,,,,0.21,unknown,,"shop nevrátil žádnou cenu – HTTP 200×293 („Ujišťujeme se, že nejste robot!“, 7463 B)"
2026-10-01,2026-10-01T10:46:11Z,SH-DA-CS,koloshop,not_found,,,,,,,0.21,unknown,,"shop nevrátil žádnou cenu – HTTP 200×293 („Ujišťujeme se, že nejste robot!“, 7463 B)"
2026-10-01,2026-10-01T10:46:11Z,SH-DA-CN,koloshop,not_found,,,,,,,0.21,unknown,,"shop nevrátil žádnou cenu – HTTP 200×293 („Ujišťujeme se, že nejste robot!“, 7463 B)"
2026-10-01,2026-10-01T10:46:11Z,SH-DA-SET,koloshop,not_found,,,,,,,0.21,unknown,,"shop nevrátil žádnou cenu – HTTP 200×293 („Ujišťujeme se, že nejste robot!“, 7463 B)"
2026-10-01,2026-10-01T10:46:11Z,SH-DA-SET-PM,koloshop,not_found,,,,,,,0.21,unknown,,"shop nevrátil žádnou cenu – HTTP 200×293 („Ujišťujeme se, že nejste robot!“, 7463 B)"
2026-10-01,2026-10-01T10:46:11Z,SH-X-BT-DN300,koloshop,not_found,,,,,,,0.21,unknown,,"shop nevrátil žádnou cenu – HTTP 200×293 („Ujišťujeme se, že nejste robot!“, 7463 B)"
2026-10-01,2026-10-01T10:46:11Z,SH-X-EW-EC300,koloshop,not_found,,,,,,,0.21,unknown,,"shop nevrátil žádnou cenu – HTTP 200×293 („Ujišťujeme se, že nejste robot!“, 7463 B)"
2026-10-01,2026-10-01T10:46:11Z,SH-X-RT-CL800,koloshop,not_found,,,,,,,0.21,unknown,,"shop nevrátil žádnou cenu – HTTP 200×293 („Ujišťujeme se, že nejste robot!“, 7463 B)"
2026-10-01,2026-10-01T10:46:11Z,SH-X-RT-CL900,koloshop,not_found,,,,,,,0.21,unknown,,"shop nevrátil žádnou cenu – HTTP 200×293 („Ujišťujeme se, že nejste robot!“, 7463 B)"
2026-10-01,2026-10-01T10:46:11Z,SR-RED-SET,koloshop,not_found,,,,,,,0.21,unknown,,"shop nevrátil žádnou cenu – HTTP 200×293 („Ujišťujeme se, že nejste robot!“, 7463 B)"
2026-10-01,2026-10-01T10:46:11Z,SR-RED-SET-PM,koloshop,not_found,,,,,,,0.21,unknown,,"shop nevrátil žádnou cenu – HTTP 200×293 („Ujišťujeme se, že nejste robot!“, 7463 B)"
2026-10-01,2026-10-01T10:46:11Z,SR-FORCE-SET,koloshop,not_found,,,,,,,0.21,unknown,,"shop nevrátil žádnou cenu – HTTP 200×293 („Ujišťujeme se, že nejste robot!“, 7463 B)"
2026-10-01,2026-10-01T10:46:11Z,SR-FORCE-SET-PM,koloshop,not_found,,,,,,,0.21,unknown,,"shop nevrátil žádnou cenu – HTTP 200×293 („Ujišťujeme se, že nejste robot!“, 7463 B)"
2026-10-01,2026-10-01T10:46:11Z,SR-RIVAL-SET,koloshop,not_found,,,,,,,0.21,unknown,,"shop nevrátil žádnou cenu – HTTP 200×293 („Ujišťujeme se, že nejste robot!“, 7463 B)"
2026-10-01,2026-10-01T10:46:11Z,SR-RIVAL-SET-PM,koloshop,not_found,,,,,,,0.21,unknown,,"shop nevrátil žádnou cenu – HTTP 200×293 („Ujišťujeme se, že nejste robot!“, 7463 B)"
2026-10-01,2026-10-01T10:46:11Z,SR-FORCE-D2-SET,koloshop,not_found,,,,,,,0.21,unknown,,"shop nevrátil žádnou cenu – HTTP 200×293 („Ujišťujeme se, že nejste robot!“, 7463 B)"
2026-10-01,2026-10-01T10:46:11Z,SR-RIVAL-D1-SET,koloshop,not_found,,,,,,,0.21,unknown,,"shop nevrátil žádnou cenu – HTTP 200×293 („Ujišťujeme se, že nejste robot!“, 7463 B)"
2026-10-01,2026-10-01T10:46:11Z,SR-RED-D1-SET,koloshop,not_found,,,,,,,0.21,unknown,,"shop nevrátil žádnou cenu – HTTP 200×293 („Ujišťujeme se, že nejste robot!“, 7463 B)"
2026-10-01,2026-10-01T10:46:11Z,SH-105-STBR,mtbiker,blocked,,,,,,,0.21,unknown,,
2026-10-01,2026-10-01T10:46:11Z,SH-105-RD,mtbiker,blocked,,,,,,,0.21,unknown,,
2026-10-01,2026-10-01T10:46:11Z,SH-105-FD,mtbiker,blocked,,,,,,,0.21,unknown,,
2026-10-01,2026-10-01T10:46:11Z,SH-105-FC,mtbiker,blocked,,,,,,,0.21,unknown,,
2026-10-01,2026-10-01T10:46:11Z,SH-105-CS,mtbiker,blocked,,,,,,,0.21,unknown,,
2026-10-01,2026-10-01T10:46:11Z,SH-105-CS2,mtbiker,blocked,,,,,,,0.21,unknown,,
2026-10-01,2026-10-01T10:46:11Z,SH-105-CN,mtbiker,blocked,,,,,,,0.21,unknown,,
2026-10-01,2026-10-01T10:46:11Z,SH-105-SET,mtbiker,blocked,,,,,,,0.21,unknown,,
2026-10-01,2026-10-01T10:46:11Z,SH-ULT-STBR,mtbiker,blocked,,,,,,,0.21,unknown,,
2026-10-01,2026-10-01T10:46:11Z,SH-ULT-RD,mtbiker,blocked,,,,,,,0.21,unknown,,
2026-10-01,2026-10-01T10:46:11Z,SH-ULT-FD,mtbiker,blocked,,,,,,,0.21,unknown,,
2026-10-01,2026-10-01T10:46:11Z,SH-ULT-FC,mtbiker,blocked,,,,,,,0.21,unknown,,
2026-10-01,2026-10-01T10:46:11Z,SH-ULT-FC-PM,mtbiker,blocked,,,,,,,0.21,unknown,,
2026-10-01,2026-10-01T10:46:11Z,SH-ULT-CS,mtbiker,blocked,,,,,,,0.21,unknown,,
2026-10-01,2026-10-01T10:46:11Z,SH-ULT-CN,mtbiker,blocked,,,,,,,0.21,unknown,,
2026-10-01,2026-10-01T10:46:11Z,SH-ULT-SET,mtbiker,blocked,,,,,,,0.21,unknown,,
2026-10-01,2026-10-01T10:46:11Z,SH-ULT-SET-PM,mtbiker,blocked,,,,,,,0.21,unknown,,
2026-10-01,2026-10-01T10:46:11Z,SH-DA-STBR,mtbiker,blocked,,,,,,,0.21,unknown,,
2026-10-01,2026-10-01T10:46:11Z,SH-DA-RD,mtbiker,blocked,,,,,,,0.21,unknown,,
2026-10-01,2026-10-01T10:46:11Z,SH-DA-FD,mtbiker,blocked,,,,,,,0.21,unknown,,
2026-10-01,2026-10-01T10:46:11Z,SH-DA-FC,mtbiker,blocked,,,,,,,0.21,unknown,,
2026-10-01,2026-10-01T10:46:11Z,SH-DA-FC-PM,mtbiker,blocked,,,,,,,0.21,unknown,,
2026-10-01,2026-10-01T10:46:11Z,SH-DA-CS,mtbiker,blocked,,,,,,,0.21,unknown,,
2026-10-01,2026-10-01T10:46:11Z,SH-DA-CN,mtbiker,blocked,,,,,,,0.21,unknown,,
2026-10-01,2026-10-01T10:46:11Z,SH-DA-SET,mtbiker,blocked,,,,,,,0.21,unknown,,
2026-10-01,2026-10-01T10:46:11Z,SH-DA-SET-PM,mtbiker,blocked,,,,,,,0.21,unknown,,
2026-10-01,2026-10-01T10:46:11Z,SH-X-BT-DN300,mtbiker,blocked,,,,,,,0.21,unknown,,
2026-10-01,2026-10-01T10:46:11Z,SH-X-EW-EC300,mtbiker,blocked,,,,,,,0.21,unknown,,
2026-10-01,2026-10-01T10:46:11Z,SH-X-RT-CL800,mtbiker,blocked,,,,,,,0.21,unknown,,
2026-10-01,2026-10-01T10:46:11Z,SH-X-RT-CL900,mtbiker,blocked,,,,,,,0.21,unknown,,
2026-10-01,2026-10-01T10:46:11Z,SR-RED-SET,mtbiker,blocked,,,,,,,0.21,unknown,,
2026-10-01,2026-10-01T10:46:11Z,SR-RED-SET-PM,mtbiker,blocked,,,,,,,0.21,unknown,,
2026-10-01,2026-10-01T10:46:11Z,SR-FORCE-SET,mtbiker,blocked,,,,,,,0.21,unknown,,
2026-10-01,2026-10-01T10:46:11Z,SR-FORCE-SET-PM,mtbiker,blocked,,,,,,,0.21,unknown,,
2026-10-01,2026-10-01T10:46:11Z,SR-RIVAL-SET,mtbiker,blocked,,,,,,,0.21,unknown,,
2026-10-01,2026-10-01T10:46:11Z,SR-RIVAL-SET-PM,mtbiker,blocked,,,,,,,0.21,unknown,,
2026-10-01,2026-10-01T10:46:11Z,SR-FORCE-D2-SET,mtbiker,blocked,,,,,,,0.21,unknown,,
2026-10-01,2026-10-01T10:46:11Z,SR-RIVAL-D1-SET,mtbiker,blocked,,,,,,,0.21,unknown,,
2026-10-01,2026-10-01T10:46:11Z,SR-RED-D1-SET,mtbiker,blocked,,,,,,,0.21,unknown,,
2026-10-01,2026-10-01T10:46:11Z,SH-105-STBR,bike-discount,ok,105 Di2 ST-R7170+BR-R7170 2x12-fach Scheibenbremsen-Set,https://www.bike-discount.de/de/shimano-105-di2-st-r7170-br-r7170-2x12-fach-scheibenbremsen-set-1,439.99,EUR,439.99,369.74,0.19,out,jsonld,vyprodáno
2026-10-01,2026-10-01T10:46:11Z,SH-105-RD,bike-discount,ok,105 Di2 RD-R7150 12-fach Schaltwerk,https://www.bike-discount.de/de/shimano-105-di2-rd-r7150-12-fach-schaltwerk-1,169.99,EUR,169.99,142.85,0.19,in_stock,jsonld,
2026-10-01,2026-10-01T10:46:11Z,SH-105-FD,bike-discount,ok,105 Di2 FD-R7150 2x12-fach Umwerfer Anlöt,https://www.bike-discount.de/de/shimano-105-di2-fd-r7150-2x12-fach-umwerfer,99.99,EUR,99.99,84.03,0.19,in_stock,jsonld,
2026-10-01,2026-10-01T10:46:11Z,SH-105-FC,bike-discount,ok,105 FC-R7100 12-fach Kurbel 50/34,https://www.bike-discount.de/de/shimano-105-fc-r7100-12-fach-kurbel-50/34,117.99,EUR,117.99,99.15,0.19,in_stock,jsonld,
2026-10-01,2026-10-01T10:46:11Z,SH-105-CS,bike-discount,not_found,,,,,,,0.19,unknown,,
2026-10-01,2026-10-01T10:46:11Z,SH-105-CS2,bike-discount,ok,105 CS-HG710 12-fach Kassette,https://www.bike-discount.de/de/shimano-105-cs-hg710-12-fach-kassette,58.99,EUR,58.99,49.57,0.19,in_stock,jsonld,ověřit variantu
2026-10-01,2026-10-01T10:46:11Z,SH-105-CN,bike-discount,ok,SLX CN-M7100 12-fach Kette mit Quick-Link,https://www.bike-discount.de/de/shimano-slx-cn-m7100-12-fach-kette-mit-quick-link,18.99,EUR,18.99,15.96,0.19,in_stock,jsonld,
2026-10-01,2026-10-01T10:46:11Z,SH-105-SET,bike-discount,ok,105 Di2 R7170 2x12-fach Gruppe Disc TOP-DEAL,https://www.bike-discount.de/de/shimano-105-di2-r7170-2x12-fach-gruppe-disc-top-deal,799.0,EUR,799.0,671.43,0.19,in_stock,jsonld,
2026-10-01,2026-10-01T10:46:11Z,SH-ULT-STBR,bike-discount,ok,ULTEGRA Di2 ST-R8170+BR-R8170 2x12-fach Scheibenbremsen-Set,https://www.bike-discount.de/de/shimano-ultegra-di2-st-r8170-br-r8170-2x12-fach-scheibenbremsen-set-2,578.99,EUR,578.99,486.55,0.19,in_stock,jsonld,
2026-10-01,2026-10-01T10:46:11Z,SH-ULT-RD,bike-discount,ok,ULTEGRA Di2 RD-R8150 12-fach Schaltwerk,https://www.bike-discount.de/de/shimano-ultegra-di2-rd-r8150-12-fach-schaltwerk-2,254.99,EUR,254.99,214.28,0.19,in_stock,jsonld,
2026-10-01,2026-10-01T10:46:11Z,SH-ULT-FD,bike-discount,ok,ULTEGRA Di2 FD-R8150 2x12-fach Umwerfer,https://www.bike-discount.de/de/shimano-ultegra-di2-fd-r8150-2x12-fach-umwerfer,159.99,EUR,159.99,134.45,0.19,in_stock,jsonld,
2026-10-01,2026-10-01T10:46:11Z,SH-ULT-FC,bike-discount,ok,ULTEGRA FC-R8100 12-fach Kurbel 50/34,https://www.bike-discount.de/de/shimano-ultegra-fc-r8100-12-fach-kurbel-50/34,194.99,EUR,194.99,163.86,0.19,in_stock,jsonld,
2026-10-01,2026-10-01T10:46:11Z,SH-ULT-FC-PM,bike-discount,ok,Adapter - H PM zu PM vorne 183,https://www.bike-discount.de/de/hope-adapter-h-pm-zu-pm-vorne-183,20.99,EUR,20.99,17.64,0.19,in_stock,jsonld,ověřit variantu
2026-10-01,2026-10-01T10:46:11Z,SH-ULT-CS,bike-discount,not_found,,,,,,,0.19,unknown,,
2026-10-01,2026-10-01T10:46:11Z,SH-ULT-CN,bike-discount,ok,XT CN-M8100 12-fach Kette mit Quick-Link,https://www.bike-discount.de/de/shimano-xt-cn-m8100-12-fach-kette-mit-quick-link,27.99,EUR,27.99,23.52,0.19,in_stock,jsonld,
2026-10-01,2026-10-01T10:46:11Z,SH-ULT-SET,bike-discount,ok,ULTEGRA Di2 R8170 2x12-fach Gruppe Disc 140/160mm TOP-DEAL,https://www.bike-discount.de/de/shimano-ultegra-di2-r8170-2x12-fach-gruppe-disc-140/160mm-1,1199.99,EUR,1199.99,1008.39,0.19,in_stock,jsonld,
2026-10-01,2026-10-01T10:46:11Z,SH-ULT-SET-PM,bike-discount,not_found,,,,,,,0.19,unknown,,
2026-10-01,2026-10-01T10:46:11Z,SH-DA-STBR,bike-discount,ok,DURA ACE Di2 ST-R9270+BR-R9270 2x12-fach Scheibenbremsen-Set,https://www.bike-discount.de/de/shimano-dura-ace-di2-st-r9270-br-r9270-2x12-fach-scheibenbremsen-set-3,969.99,EUR,969.99,815.12,0.19,in_stock,jsonld,
2026-10-01,2026-10-01T10:46:11Z,SH-DA-RD,bike-discount,ok,DURA-ACE Di2 RD-R9250 12-fach Schaltwerk,https://www.bike-discount.de/de/shimano-dura-ace-di2-rd-r9250-12-fach-schaltwerk-3,529.99,EUR,529.99,445.37,0.19,in_stock,jsonld,
2026-10-01,2026-10-01T10:46:11Z,SH-DA-FD,bike-discount,ok,DURA-ACE Di2 FD-R9250 2x12-fach Umwerfer,https://www.bike-discount.de/de/shimano-dura-ace-di2-fd-r9250-2x12-fach-umwerfer,279.99,EUR,279.99,235.29,0.19,in_stock,jsonld,
2026-10-01,2026-10-01T10:46:11Z,SH-DA-FC,bike-discount,ok,DURA ACE FC-R9200 12-fach Kurbel 52/36,https://www.bike-discount.de/de/shimano-dura-ace-fc-r9200-12-fach-kurbel-52/36,384.99,EUR,384.99,323.52,0.19,in_stock,jsonld,
2026-10-01,2026-10-01T10:46:11Z,SH-DA-FC-PM,bike-discount,ok,Adapter - H PM zu PM vorne 183,https://www.bike-discount.de/de/hope-adapter-h-pm-zu-pm-vorne-183,20.99,EUR,20.99,17.64,0.19,in_stock,jsonld,ověřit variantu
2026-10-01,2026-10-01T10:46:11Z,SH-DA-CS,bike-discount,ok,DURA ACE CS-R9200 12-fach Kassette,https://www.bike-discount.de/de/shimano-dura-ace-cs-r9200-12-fach-kassette,224.99,EUR,224.99,189.07,0.19,in_stock,jsonld,ověřit variantu
2026-10-01,2026-10-01T10:46:11Z,SH-DA-CN,bike-discount,ok,XTR CN-M9100 12-fach Kette mit Quick-Link,https://www.bike-discount.de/de/shimano-xtr-cn-m9100-12-fach-kette-mit-quick-link,41.99,EUR,41.99,35.29,0.19,in_stock,jsonld,
2026-10-01,2026-10-01T10:46:11Z,SH-DA-SET,bike-discount,ok,DURA ACE Di2 R9270 2x12-fach Gruppe Disc 140/160mm TOP-DEAL,https://www.bike-discount.de/de/shimano-dura-ace-di2-r9270-2x12-fach-gruppe-disc-140/160mm,1999.0,EUR,1999.0,1679.83,0.19,in_stock,jsonld,
2026-10-01,2026-10-01T10:46:11Z,SH-DA-SET-PM,bike-discount,not_found,,,,,,,0.19,unknown,,
2026-10-01,2026-10-01T10:46:11Z,SH-X-BT-DN300,bike-discount,implausible,Unità adattatore per BT-DN300,https://www.bike-discount.de/it/shimano-unita-adattatore-per-bt-dn300,5.99,EUR,5.99,5.03,0.19,in_stock,jsonld,vyřazeno: -95.2 % vs medián ostatních shopů 2554 Kč – nejspíš jiný sortiment
2026-10-01,2026-10-01T10:46:11Z,SH-X-EW-EC300,bike-discount,ok,Di2 EW-EC300 Ladekabel,https://www.bike-discount.de/de/shimano-di2-ew-ec300-ladekabel,34.99,EUR,34.99,29.4,0.19,in_stock,jsonld,
2026-10-01,2026-10-01T10:46:11Z,SH-X-RT-CL800,bike-discount,not_found,,,,,,,0.19,unknown,,
2026-10-01,2026-10-01T10:46:11Z,SH-X-RT-CL900,bike-discount,not_found,,,,,,,0.19,unknown,,
2026-10-01,2026-10-01T10:46:11Z,SR-RED-SET,bike-discount,not_found,,,,,,,0.19,unknown,,
2026-10-01,2026-10-01T10:46:11Z,SR-RED-SET-PM,bike-discount,not_found,,,,,,,0.19,unknown,,
2026-10-01,2026-10-01T10:46:11Z,SR-FORCE-SET,bike-discount,ok,Force E1 50-37T Carbon AXS 12-fach Gruppe,https://www.bike-discount.de/de/sram-force-e1-50-37t-carbon-axs-12-fach-gruppe,1549.99,EUR,1549.99,1302.51,0.19,in_stock,jsonld,
2026-10-01,2026-10-01T10:46:11Z,SR-FORCE-SET-PM,bike-discount,ok,Force E1 48-35T Powermeter Carbon AXS 12-fach Gruppe,https://www.bike-discount.de/de/sram-force-e1-48-35t-powermeter-carbon-axs-12-fach-gruppe,1849.99,EUR,1849.99,1554.61,0.19,in_stock,jsonld,
2026-10-01,2026-10-01T10:46:11Z,SR-RIVAL-SET,bike-discount,ok,Rival E1 AXS 2x12-fach 48/35T Gruppe,https://www.bike-discount.de/de/sram-rival-e1-axs-2x12-fach-48/35t-gruppe,1149.99,EUR,1149.99,966.38,0.19,in_stock,jsonld,
2026-10-01,2026-10-01T10:46:11Z,SR-RIVAL-SET-PM,bike-discount,not_found,,,,,,,0.19,unknown,,
2026-10-01,2026-10-01T10:46:11Z,SR-FORCE-D2-SET,bike-discount,not_found,,,,,,,0.19,unknown,,
2026-10-01,2026-10-01T10:46:11Z,SR-RIVAL-D1-SET,bike-discount,not_found,,,,,,,0.19,unknown,,
2026-10-01,2026-10-01T10:46:11Z,SR-RED-D1-SET,bike-discount,not_found,,,,,,,0.19,unknown,,
2026-10-01,2026-10-01T10:46:11Z,SH-105-STBR,bike-eshop,blocked,,,,,,,0.21,unknown,,
2026-10-01,2026-10-01T10:46:11Z,SH-105-RD,bike-eshop,blocked,,,,,,,0.21,unknown,,
2026-10-01,2026-10-01T10:46:11Z,SH-105-FD,bike-eshop,blocked,,,,,,,0.21,unknown,,
2026-10-01,2026-10-01T10:46:11Z,SH-105-FC,bike-eshop,blocked,,,,,,,0.21,unknown,,
2026-10-01,2026-10-01T10:46:11Z,SH-105-CS,bike-eshop,blocked,,,,,,,0.21,unknown,,
2026-10-01,2026-10-01T10:46:11Z,SH-105-CS2,bike-eshop,blocked,,,,,,,0.21,unknown,,
2026-10-01,2026-10-01T10:46:11Z,SH-105-CN,bike-eshop,blocked,,,,,,,0.21,unknown,,
2026-10-01,2026-10-01T10:46:11Z,SH-105-SET,bike-eshop,blocked,,,,,,,0.21,unknown,,
2026-10-01,2026-10-01T10:46:11Z,SH-ULT-STBR,bike-eshop,blocked,,,,,,,0.21,unknown,,
2026-10-01,2026-10-01T10:46:11Z,SH-ULT-RD,bike-eshop,blocked,,,,,,,0.21,unknown,,
2026-10-01,2026-10-01T10:46:11Z,SH-ULT-FD,bike-eshop,blocked,,,,,,,0.21,unknown,,
2026-10-01,2026-10-01T10:46:11Z,SH-ULT-FC,bike-eshop,blocked,,,,,,,0.21,unknown,,
2026-10-01,2026-10-01T10:46:11Z,SH-ULT-FC-PM,bike-eshop,blocked,,,,,,,0.21,unknown,,
2026-10-01,2026-10-01T10:46:11Z,SH-ULT-CS,bike-eshop,blocked,,,,,,,0.21,unknown,,
2026-10-01,2026-10-01T10:46:11Z,SH-ULT-CN,bike-eshop,blocked,,,,,,,0.21,unknown,,
2026-10-01,2026-10-01T10:46:11Z,SH-ULT-SET,bike-eshop,blocked,,,,,,,0.21,unknown,,
2026-10-01,2026-10-01T10:46:11Z,SH-ULT-SET-PM,bike-eshop,blocked,,,,,,,0.21,unknown,,
2026-10-01,2026-10-01T10:46:11Z,SH-DA-STBR,bike-eshop,blocked,,,,,,,0.21,unknown,,
2026-10-01,2026-10-01T10:46:11Z,SH-DA-RD,bike-eshop,blocked,,,,,,,0.21,unknown,,
2026-10-01,2026-10-01T10:46:11Z,SH-DA-FD,bike-eshop,blocked,,,,,,,0.21,unknown,,
2026-10-01,2026-10-01T10:46:11Z,SH-DA-FC,bike-eshop,blocked,,,,,,,0.21,unknown,,
2026-10-01,2026-10-01T10:46:11Z,SH-DA-FC-PM,bike-eshop,blocked,,,,,,,0.21,unknown,,
2026-10-01,2026-10-01T10:46:11Z,SH-DA-CS,bike-eshop,blocked,,,,,,,0.21,unknown,,
2026-10-01,2026-10-01T10:46:11Z,SH-DA-CN,bike-eshop,blocked,,,,,,,0.21,unknown,,
2026-10-01,2026-10-01T10:46:11Z,SH-DA-SET,bike-eshop,blocked,,,,,,,0.21,unknown,,
2026-10-01,2026-10-01T10:46:11Z,SH-DA-SET-PM,bike-eshop,blocked,,,,,,,0.21,unknown,,
2026-10-01,2026-10-01T10:46:11Z,SH-X-BT-DN300,bike-eshop,blocked,,,,,,,0.21,unknown,,
2026-10-01,2026-10-01T10:46:11Z,SH-X-EW-EC300,bike-eshop,blocked,,,,,,,0.21,unknown,,
2026-10-01,2026-10-01T10:46:11Z,SH-X-RT-CL800,bike-eshop,blocked,,,,,,,0.21,unknown,,
2026-10-01,2026-10-01T10:46:11Z,SH-X-RT-CL900,bike-eshop,blocked,,,,,,,0.21,unknown,,
2026-10-01,2026-10-01T10:46:11Z,SR-RED-SET,bike-eshop,blocked,,,,,,,0.21,unknown,,
2026-10-01,2026-10-01T10:46:11Z,SR-RED-SET-PM,bike-eshop,blocked,,,,,,,0.21,unknown,,
2026-10-01,2026-10-01T10:46:11Z,SR-FORCE-SET,bike-eshop,blocked,,,,,,,0.21,unknown,,
2026-10-01,2026-10-01T10:46:11Z,SR-FORCE-SET-PM,bike-eshop,blocked,,,,,,,0.21,unknown,,
2026-10-01,2026-10-01T10:46:11Z,SR-RIVAL-SET,bike-eshop,blocked,,,,,,,0.21,unknown,,
2026-10-01,2026-10-01T10:46:11Z,SR-RIVAL-SET-PM,bike-eshop,blocked,,,,,,,0.21,unknown,,
2026-10-01,2026-10-01T10:46:11Z,SR-FORCE-D2-SET,bike-eshop,blocked,,,,,,,0.21,unknown,,
2026-10-01,2026-10-01T10:46:11Z,SR-RIVAL-D1-SET,bike-eshop,blocked,,,,,,,0.21,unknown,,
2026-10-01,2026-10-01T10:46:11Z,SR-RED-D1-SET,bike-eshop,blocked,,,,,,,0.21,unknown,,
2026-10-01,2026-10-01T10:46:11Z,SH-105-STBR,bikero,not_found,,,,,,,0.21,unknown,,
2026-10-01,2026-10-01T10:46:11Z,SH-105-RD,bikero,not_found,,,,,,,0.21,unknown,,
2026-10-01,2026-10-01T10:46:11Z,SH-105-FD,bikero,ok,"SHIMANO - přesmykač 105 FD-R7150, 2x12, navářka",https://www.bikero.cz/shimano-presmykac-105-fd-r7150-2x12-navarka-p707663/,2799.0,CZK,114.53,94.65,0.21,supplier,jsonld,
2026-10-01,2026-10-01T10:46:11Z,SH-105-FC,bikero,ok,"SHIMANO - kliky 105 FC-R7100, 175mm, 50/34z, 2x12 rychlostí",https://www.bikero.cz/shimano-kliky-105-fc-r7100-175mm-50-34z-2x12-rychlosti-p708392/,3190.0,CZK,130.52,107.87,0.21,supplier,jsonld,
2026-10-01,2026-10-01T10:46:11Z,SH-105-CS,bikero,not_found,,,,,,,0.21,unknown,,
2026-10-01,2026-10-01T10:46:11Z,SH-105-CS2,bikero,ok,SHIMANO - kazeta 105 CS-HG710 12 rychlostí 11-36 zubů,https://www.bikero.cz/shimano-kazeta-105-cs-hg710-12-rychlosti-11-36-zubu-p782403/,1620.0,CZK,66.28,54.78,0.21,supplier,jsonld,ověřit variantu
2026-10-01,2026-10-01T10:46:11Z,SH-105-CN,bikero,not_found,,,,,,,0.21,unknown,,
2026-10-01,2026-10-01T10:46:11Z,SH-105-SET,bikero,not_found,,,,,,,0.21,unknown,,
2026-10-01,2026-10-01T10:46:11Z,SH-ULT-STBR,bikero,not_found,,,,,,,0.21,unknown,,
2026-10-01,2026-10-01T10:46:11Z,SH-ULT-RD,bikero,ok,SHIMANO - přehazovačka Ultegra Di2 RD-R8150 - 12 rychlostí,https://www.bikero.cz/shimano-prehazovacka-ultegra-di2-rd-r8150-12-rychlosti-p707638/,6999.0,CZK,286.37,236.67,0.21,supplier,jsonld,
2026-10-01,2026-10-01T10:46:11Z,SH-ULT-FD,bikero,ok,"Přesmykač Shimano Ultegra FD-R8150, navářka",https://www.bikero.cz/presmykac-shimano-ultegra-fd-r8150-navarka-p811774/,4599.0,CZK,188.18,155.52,0.21,supplier,jsonld,
2026-10-01,2026-10-01T10:46:11Z,SH-ULT-FC,bikero,ok,"SHIMANO - kliky Ultegra FC-R8100, 175mm, 50/34z, 2x12 rychlostí",https://www.bikero.cz/shimano-kliky-ultegra-fc-r8100-175mm-50-34z-2x12-rychlosti-p708386/,4790.0,CZK,195.99,161.98,0.21,supplier,jsonld,
2026-10-01,2026-10-01T10:46:11Z,SH-ULT-FC-PM,bikero,implausible,MAX1 - adaptér kotoučové brzdy PM-IS-R180,https://www.bikero.cz/max1-adapter-kotoucove-brzdy-pm-is-r180-p22046/,175.0,CZK,7.16,5.92,0.21,supplier,jsonld,ověřit variantu; vyřazeno: -66.4 % vs medián ostatních shopů 431 Kč – nejspíš jiný sortiment
2026-10-01,2026-10-01T10:46:11Z,SH-ULT-CS,bikero,not_found,,,,,,,0.21,unknown,,
2026-10-01,2026-10-01T10:46:11Z,SH-ULT-CN,bikero,not_found,,,,,,,0.21,unknown,,
2026-10-01,2026-10-01T10:46:11Z,SH-ULT-SET,bikero,not_found,,,,,,,0.21,unknown,,
2026-10-01,2026-10-01T10:46:11Z,SH-ULT-SET-PM,bikero,not_found,,,,,,,0.21,unknown,,
2026-10-01,2026-10-01T10:46:11Z,SH-DA-STBR,bikero,not_found,,,,,,,0.21,unknown,,
2026-10-01,2026-10-01T10:46:11Z,SH-DA-RD,bikero,not_found,,,,,,,0.21,unknown,,
2026-10-01,2026-10-01T10:46:11Z,SH-DA-FD,bikero,not_found,,,,,,,0.21,unknown,,
2026-10-01,2026-10-01T10:46:11Z,SH-DA-FC,bikero,not_found,,,,,,,0.21,unknown,,
2026-10-01,2026-10-01T10:46:11Z,SH-DA-FC-PM,bikero,implausible,MAX1 - adaptér kotoučové brzdy PM-IS-R180,https://www.bikero.cz/max1-adapter-kotoucove-brzdy-pm-is-r180-p22046/,175.0,CZK,7.16,5.92,0.21,supplier,jsonld,ověřit variantu; vyřazeno: -66.4 % vs medián ostatních shopů 431 Kč – nejspíš jiný sortiment
2026-10-01,2026-10-01T10:46:11Z,SH-DA-CS,bikero,not_found,,,,,,,0.21,unknown,,
2026-10-01,2026-10-01T10:46:11Z,SH-DA-CN,bikero,not_found,,,,,,,0.21,unknown,,
2026-10-01,2026-10-01T10:46:11Z,SH-DA-SET,bikero,not_found,,,,,,,0.21,unknown,,
2026-10-01,2026-10-01T10:46:11Z,SH-DA-SET-PM,bikero,not_found,,,,,,,0.21,unknown,,
2026-10-01,2026-10-01T10:46:11Z,SH-X-BT-DN300,bikero,ok,SHIMANO - baterie Di2 BT-DN300,https://www.bikero.cz/shimano-baterie-di2-bt-dn300-p708161/,3390.0,CZK,138.71,114.63,0.21,supplier,jsonld,
2026-10-01,2026-10-01T10:46:11Z,SH-X-EW-EC300,bikero,ok,SHIMANO - USB Di2 nabíjecí kabel EW-EC300 1500 mm,https://www.bikero.cz/shimano-usb-di2-nabijeci-kabel-ew-ec300-1500-mm-p708164/,900.0,CZK,36.82,30.43,0.21,supplier,jsonld,
2026-10-01,2026-10-01T10:46:11Z,SH-X-RT-CL800,bikero,not_found,,,,,,,0.21,unknown,,
2026-10-01,2026-10-01T10:46:11Z,SH-X-RT-CL900,bikero,not_found,,,,,,,0.21,unknown,,
2026-10-01,2026-10-01T10:46:11Z,SR-RED-SET,bikero,not_found,,,,,,,0.21,unknown,,
2026-10-01,2026-10-01T10:46:11Z,SR-RED-SET-PM,bikero,not_found,,,,,,,0.21,unknown,,
2026-10-01,2026-10-01T10:46:11Z,SR-FORCE-SET,bikero,not_found,,,,,,,0.21,unknown,,
2026-10-01,2026-10-01T10:46:11Z,SR-FORCE-SET-PM,bikero,not_found,,,,,,,0.21,unknown,,
2026-10-01,2026-10-01T10:46:11Z,SR-RIVAL-SET,bikero,not_found,,,,,,,0.21,unknown,,
2026-10-01,2026-10-01T10:46:11Z,SR-RIVAL-SET-PM,bikero,not_found,,,,,,,0.21,unknown,,
2026-10-01,2026-10-01T10:46:11Z,SR-FORCE-D2-SET,bikero,not_found,,,,,,,0.21,unknown,,
2026-10-01,2026-10-01T10:46:11Z,SR-RIVAL-D1-SET,bikero,not_found,,,,,,,0.21,unknown,,
2026-10-01,2026-10-01T10:46:11Z,SR-RED-D1-SET,bikero,not_found,,,,,,,0.21,unknown,,
2026-10-01,2026-10-01T10:46:11Z,SH-105-STBR,hupnakolo,ok,"Řadicí a brzdová páka Shimano 105, ST-R7170 + třmen BR-7170 - Hupnakolo",https://www.hupnakolo.cz/radici-a-brzdova-paka-shimano-105--st-r7170-trmen-br-7170/,5315.0,CZK,217.47,179.73,0.21,in_stock,meta,ověřit variantu
2026-10-01,2026-10-01T10:46:11Z,SH-105-RD,hupnakolo,ok,Shimano 105 RD R7150 Di2 přehazovačka 12s,https://www.hupnakolo.cz/shimano-prehazovacka-105-rd-r7150-12-rychl--max-36z-min-11z-kapacita-41z-bal/,3888.0,CZK,159.08,131.47,0.21,in_stock,meta,
2026-10-01,2026-10-01T10:46:11Z,SH-105-FD,hupnakolo,not_found,,,,,,,0.21,unknown,,
2026-10-01,2026-10-01T10:46:11Z,SH-105-FC,hupnakolo,ok,Shimano 105 FC-R7100 | Silniční kliky 2x12 | 50-34 zubů,https://www.hupnakolo.cz/shimano-kliky-105-fc-r7100-integr-klika-2x12-cerna-bez-bb-misek-bal/,2665.0,CZK,109.04,90.12,0.21,in_stock,meta,
2026-10-01,2026-10-01T10:46:11Z,SH-105-CS,hupnakolo,not_found,,,,,,,0.21,unknown,,
2026-10-01,2026-10-01T10:46:11Z,SH-105-CS2,hupnakolo,not_found,,,,,,,0.21,unknown,,
2026-10-01,2026-10-01T10:46:11Z,SH-105-CN,hupnakolo,ok,"SHIMANO SLX CN-M7100 12 rychlostní řetěz, 116 článků, baleno v sáčků - Hupnakolo",https://www.hupnakolo.cz/shimano-retez-slx-cn-m7100-12rychl-116cl--s-rychlospojkou-box-20-ks/,429.0,CZK,17.55,14.51,0.21,in_stock,meta,
2026-10-01,2026-10-01T10:46:11Z,SH-105-SET,hupnakolo,not_found,,,,,,,0.21,unknown,,
2026-10-01,2026-10-01T10:46:11Z,SH-ULT-STBR,hupnakolo,ok,Shimano Ultegra Di2 ST R8170 BR R8170 prava 12s brzda,https://www.hupnakolo.cz/shimano-kot-brzd-set-ultegra-br-r8170-st-r8170-zadprava-j-kit-di2-bez-adapt-polymer-chl-bh90170c/,6988.0,CZK,285.92,236.3,0.21,in_stock,meta,
2026-10-01,2026-10-01T10:46:11Z,SH-ULT-RD,hupnakolo,not_found,,,,,,,0.21,unknown,,
2026-10-01,2026-10-01T10:46:11Z,SH-ULT-FD,hupnakolo,not_found,,,,,,,0.21,unknown,,
2026-10-01,2026-10-01T10:46:11Z,SH-ULT-FC,hupnakolo,not_found,,,,,,,0.21,unknown,,
2026-10-01,2026-10-01T10:46:11Z,SH-ULT-FC-PM,hupnakolo,implausible,Adaptér přední brzdy IS-PM 203 mm - Hupnakolo,https://www.hupnakolo.cz/adapter-predni-brzdy-is-pm-203-mm/,63.0,CZK,2.58,2.13,0.21,in_stock,meta,ověřit variantu; vyřazeno: -87.9 % vs medián ostatních shopů 431 Kč – nejspíš jiný sortiment
2026-10-01,2026-10-01T10:46:11Z,SH-ULT-CS,hupnakolo,not_found,,,,,,,0.21,unknown,,
2026-10-01,2026-10-01T10:46:11Z,SH-ULT-CN,hupnakolo,not_found,,,,,,,0.21,unknown,,
2026-10-01,2026-10-01T10:46:11Z,SH-ULT-SET,hupnakolo,not_found,,,,,,,0.21,unknown,,
2026-10-01,2026-10-01T10:46:11Z,SH-ULT-SET-PM,hupnakolo,not_found,,,,,,,0.21,unknown,,
2026-10-01,2026-10-01T10:46:11Z,SH-DA-STBR,hupnakolo,not_found,,,,,,,0.21,unknown,,
2026-10-01,2026-10-01T10:46:11Z,SH-DA-RD,hupnakolo,ok,Shimano Dura Ace RD R9250 Di2 přehazovačka 12s Shadow+,https://www.hupnakolo.cz/shimano-prehazovacka-dura-ace-di2-rd-r9250-12-rychl--bal/,11787.0,CZK,482.28,398.58,0.21,in_stock,meta,
2026-10-01,2026-10-01T10:46:11Z,SH-DA-FD,hupnakolo,not_found,,,,,,,0.21,unknown,,
2026-10-01,2026-10-01T10:46:11Z,SH-DA-FC,hupnakolo,ok,Shimano Dura-Ace FC-R9200 – kliková sada 2×12,https://www.hupnakolo.cz/shimano-kliky-dura-ace-fc-r9200-integr-klika-2x12-175-mm-52x36z-bez-bb-misek/,8915.0,CZK,364.77,301.46,0.21,in_stock,meta,ověřit variantu
2026-10-01,2026-10-01T10:46:11Z,SH-DA-FC-PM,hupnakolo,ok,"Shimano DURA-ACE FC-R9200-P Powermeter kliky | 2x12, 175 mm, wattmetr",https://www.hupnakolo.cz/shimano-kliky-dura-ace-fc-r9200-p-integr-klika-2x12-175-mm-bez-prev--bez-bb-misek-pro-mer-vyk-bal/,21798.0,CZK,891.9,737.11,0.21,in_stock,meta,ověřit variantu
2026-10-01,2026-10-01T10:46:11Z,SH-DA-CS,hupnakolo,ok,"SHIMANO CS-R9200 Dura-Ace 12-kazeta 11-30 zubů, v krabičce - Hupnakolo",https://www.hupnakolo.cz/shimano-cs-r9200-dura-ace-12-kazeta-11-30-zubu--v-krabicce/?parameterValueId=9618,5163.0,CZK,211.25,174.59,0.21,in_stock,meta,
2026-10-01,2026-10-01T10:46:11Z,SH-DA-CN,hupnakolo,ok,Řetěz SHIMANO XTR CN-M9100 - 12 rychlostí - Hupnakolo,https://www.hupnakolo.cz/shimano-xtr-cn-m9100/,1049.0,CZK,42.92,35.47,0.21,in_stock,meta,
2026-10-01,2026-10-01T10:46:11Z,SH-DA-SET,hupnakolo,not_found,,,,,,,0.21,unknown,,
2026-10-01,2026-10-01T10:46:11Z,SH-DA-SET-PM,hupnakolo,not_found,,,,,,,0.21,unknown,,
2026-10-01,2026-10-01T10:46:11Z,SH-X-BT-DN300,hupnakolo,not_found,,,,,,,0.21,unknown,,
2026-10-01,2026-10-01T10:46:11Z,SH-X-EW-EC300,hupnakolo,not_found,,,,,,,0.21,unknown,,
2026-10-01,2026-10-01T10:46:11Z,SH-X-RT-CL800,hupnakolo,ok,Shimano RT-CL800 160 mm – Ultegra brzdový kotouč Ice Tech FREEZA,https://www.hupnakolo.cz/brzdovy-kotouc-shimano-rt-cl800-160mm-center-lock--ice-technologies--v-krabicce/,920.0,CZK,37.64,31.11,0.21,in_stock,meta,ověřit variantu
2026-10-01,2026-10-01T10:46:11Z,SH-X-RT-CL900,hupnakolo,ok,SHIMANO brzd kotouč -ostatní RT-CL900 center lock 160 mm pro Ice tech + lock ring (interní) - Hupnakolo,https://www.hupnakolo.cz/shimano-brzd-kotouc-ostatni-rt-cl900-center-lock-160-mm-pro-ice-tech-lock-ring--interni-/,1188.0,CZK,48.61,40.17,0.21,in_stock,meta,
2026-10-01,2026-10-01T10:46:11Z,SR-RED-SET,hupnakolo,not_found,,,,,,,0.21,unknown,,
2026-10-01,2026-10-01T10:46:11Z,SR-RED-SET-PM,hupnakolo,not_found,,,,,,,0.21,unknown,,
2026-10-01,2026-10-01T10:46:11Z,SR-FORCE-SET,hupnakolo,ok,SRAM Force AXS E2 2×12 – bezdrátová silniční sada,https://www.hupnakolo.cz/00-7918-418-000-sram-force-axs-groupset-2--12-e2---bezdratova-silnicni-sada/,33371.0,CZK,1365.43,1128.45,0.21,in_stock,meta,ověřit variantu
2026-10-01,2026-10-01T10:46:11Z,SR-FORCE-SET-PM,hupnakolo,not_found,,,,,,,0.21,unknown,,
2026-10-01,2026-10-01T10:46:11Z,SR-RIVAL-SET,hupnakolo,not_found,,,,,,,0.21,unknown,,
2026-10-01,2026-10-01T10:46:11Z,SR-RIVAL-SET-PM,hupnakolo,not_found,,,,,,,0.21,unknown,,
2026-10-01,2026-10-01T10:46:11Z,SR-FORCE-D2-SET,hupnakolo,ok,SRAM Force AXS E2 2×12 – bezdrátová silniční sada,https://www.hupnakolo.cz/00-7918-418-000-sram-force-axs-groupset-2--12-e2---bezdratova-silnicni-sada/,33371.0,CZK,1365.43,1128.45,0.21,in_stock,meta,ověřit variantu
2026-10-01,2026-10-01T10:46:11Z,SR-RIVAL-D1-SET,hupnakolo,not_found,,,,,,,0.21,unknown,,
2026-10-01,2026-10-01T10:46:11Z,SR-RED-D1-SET,hupnakolo,not_found,,,,,,,0.21,unknown,,
2026-10-01,2026-10-01T10:46:11Z,SH-105-STBR,kupkolo,ok,"Řadicí a brzdová páka Shimano 105 Di2, ST-R7170, 2x12",https://www.kupkolo.cz/radici-a-brzdova-paka-shimano-105-di2-st-r7170-2x12_z119215/,4590.0,CZK,187.81,155.21,0.21,in_stock,jsonld,ověřit variantu
2026-10-01,2026-10-01T10:46:11Z,SH-105-RD,kupkolo,ok,"Přehazovačka Shimano 105 Di2, RD-R7150, 12s",https://www.kupkolo.cz/prehazovacka-shimano-105-di2-rd-r7150-12s_z119220/,3990.0,CZK,163.26,134.92,0.21,in_stock,jsonld,
2026-10-01,2026-10-01T10:46:11Z,SH-105-FD,kupkolo,ok,"Přesmykač Shimano 105, FD-R7150, 2x12 Di2",https://www.kupkolo.cz/presmykac-shimano-105-fd-r7150-2x12-di2_z123245/,2590.0,CZK,105.97,87.58,0.21,in_stock,jsonld,
2026-10-01,2026-10-01T10:46:11Z,SH-105-FC,kupkolo,ok,"Kliky Shimano 105, FC-R7100, 2x12s",https://www.kupkolo.cz/kliky-shimano-105-fc-r7100-2x12s_z119207/,2790.0,CZK,114.16,94.34,0.21,in_stock,jsonld,ověřit variantu
2026-10-01,2026-10-01T10:46:11Z,SH-105-CS,kupkolo,not_found,,,,,,,0.21,unknown,,
2026-10-01,2026-10-01T10:46:11Z,SH-105-CS2,kupkolo,not_found,,,,,,,0.21,unknown,,
2026-10-01,2026-10-01T10:46:11Z,SH-105-CN,kupkolo,not_found,,,,,,,0.21,unknown,,
2026-10-01,2026-10-01T10:46:11Z,SH-105-SET,kupkolo,not_found,,,,,,,0.21,unknown,,
2026-10-01,2026-10-01T10:46:11Z,SH-ULT-STBR,kupkolo,ok,"Řadicí a brzdová páka Shimano Ultegra Di2 2x12s, ST-R8170 + třmen BR-R8170",https://www.kupkolo.cz/radici-a-brzdova-paka-shimano-ultegra-di2-2x12s-st-r8170-trmen-br-r8170_z122996/,6990.0,CZK,286.01,236.37,0.21,in_stock,jsonld,
2026-10-01,2026-10-01T10:46:11Z,SH-ULT-RD,kupkolo,ok,"Přehazovačka Shimano Ultegra, RD-R8150, 12s Di2",https://www.kupkolo.cz/prehazovacka-shimano-ultegra-rd-r8150-12s-di2_z116563/,8990.0,CZK,367.84,304.0,0.21,in_stock,jsonld,
2026-10-01,2026-10-01T10:46:11Z,SH-ULT-FD,kupkolo,ok,"Přesmykač Shimano Ultegra, FD-R8150, 2x12 Di2",https://www.kupkolo.cz/presmykac-shimano-ultegra-fd-r8150-2x12-di2_z116564/,4499.0,CZK,184.08,152.14,0.21,in_stock,jsonld,
2026-10-01,2026-10-01T10:46:11Z,SH-ULT-FC,kupkolo,ok,"Kliky Shimano Ultegra, FC-R8100",https://www.kupkolo.cz/kliky-shimano-ultegra-fc-r8100_z116228/,4379.0,CZK,179.17,148.08,0.21,in_stock,jsonld,ověřit variantu
2026-10-01,2026-10-01T10:46:11Z,SH-ULT-FC-PM,kupkolo,implausible,"Přední adaptér kot. brzdy a2z, PM/PM-180 F180",https://www.kupkolo.cz/predni-adapter-kot-brzdy-a2z-pm-pm-180-f180_z3923/,149.0,CZK,6.1,5.04,0.21,in_stock,jsonld,ověřit variantu; vyřazeno: -71.5 % vs medián ostatních shopů 431 Kč – nejspíš jiný sortiment
2026-10-01,2026-10-01T10:46:11Z,SH-ULT-CS,kupkolo,not_found,,,,,,,0.21,unknown,,
2026-10-01,2026-10-01T10:46:11Z,SH-ULT-CN,kupkolo,not_found,,,,,,,0.21,unknown,,
2026-10-01,2026-10-01T10:46:11Z,SH-ULT-SET,kupkolo,not_found,,,,,,,0.21,unknown,,
2026-10-01,2026-10-01T10:46:11Z,SH-ULT-SET-PM,kupkolo,not_found,,,,,,,0.21,unknown,,
2026-10-01,2026-10-01T10:46:11Z,SH-DA-STBR,kupkolo,implausible,"Řadicí a brzdová páka Shimano Dura-Ace Di2, ST-R9270 + třmen BR-R9270",https://www.kupkolo.cz/radici-a-brzdova-paka-shimano-dura-ace-di2-st-r9270-trmen-br-r9270_z123165/,9279.0,CZK,379.66,313.77,0.21,in_stock,jsonld,vyřazeno: -52.1 % vs medián ostatních shopů 15999 Kč – nejspíš jiný sortiment
2026-10-01,2026-10-01T10:46:11Z,SH-DA-RD,kupkolo,implausible,SHIMANO vnější vodítko (včetně šroubu) pro RD-R9250,https://www.kupkolo.cz/shimano-vnejsi-voditko-vcetne-sroubu-pro-rd-r9250_z138318/,349.0,CZK,14.28,11.8,0.21,in_stock,jsonld,vyřazeno: -97.5 % vs medián ostatních shopů 11491 Kč – nejspíš jiný sortiment
2026-10-01,2026-10-01T10:46:11Z,SH-DA-FD,kupkolo,ok,"Přesmykač Shimano Dura-Ace, FD-R9250, 2x12 Di2",https://www.kupkolo.cz/presmykac-shimano-dura-ace-fd-r9250-2x12-di2_z116539/,6379.0,CZK,261.01,215.71,0.21,preorder,jsonld,
2026-10-01,2026-10-01T10:46:11Z,SH-DA-FC,kupkolo,ok,"Kliky Shimano Dura Ace, FC-R9200",https://www.kupkolo.cz/kliky-shimano-dura-ace-fc-r9200_z116149/,9590.0,CZK,392.39,324.29,0.21,in_stock,jsonld,ověřit variantu
2026-10-01,2026-10-01T10:46:11Z,SH-DA-FC-PM,kupkolo,implausible,"Přední adaptér kot. brzdy a2z, PM/PM-180 F180",https://www.kupkolo.cz/predni-adapter-kot-brzdy-a2z-pm-pm-180-f180_z3923/,149.0,CZK,6.1,5.04,0.21,in_stock,jsonld,ověřit variantu; vyřazeno: -71.5 % vs medián ostatních shopů 431 Kč – nejspíš jiný sortiment
2026-10-01,2026-10-01T10:46:11Z,SH-DA-CS,kupkolo,ok,"Kazeta silniční Shimano Dura Ace, CS-R9200 - 12s",https://www.kupkolo.cz/kazeta-silnicni-shimano-dura-ace-cs-r9200-12s_z114733/,4879.0,CZK,199.63,164.98,0.21,in_stock,jsonld,ověřit variantu
2026-10-01,2026-10-01T10:46:11Z,SH-DA-CN,kupkolo,not_found,,,,,,,0.21,unknown,,
2026-10-01,2026-10-01T10:46:11Z,SH-DA-SET,kupkolo,not_found,,,,,,,0.21,unknown,,
2026-10-01,2026-10-01T10:46:11Z,SH-DA-SET-PM,kupkolo,not_found,,,,,,,0.21,unknown,,
2026-10-01,2026-10-01T10:46:11Z,SH-X-BT-DN300,kupkolo,ok,SHIMANO baterie Di2 / BT-DN300,https://www.kupkolo.cz/shimano-baterie-di2-bt-dn300_z116543/,2790.0,CZK,114.16,94.34,0.21,in_stock,jsonld,
2026-10-01,2026-10-01T10:46:11Z,SH-X-EW-EC300,kupkolo,ok,"Shimano EW-EC300 nabíjecí konektor Di2/powermetr, 12s",https://www.kupkolo.cz/shimano-ew-ec300-nabijeci-konektor-di2-powermetr-12s_z116542/,890.0,CZK,36.42,30.1,0.21,in_stock,jsonld,
2026-10-01,2026-10-01T10:46:11Z,SH-X-RT-CL800,kupkolo,not_found,,,,,,,0.21,unknown,,
2026-10-01,2026-10-01T10:46:11Z,SH-X-RT-CL900,kupkolo,not_found,,,,,,,0.21,unknown,,
2026-10-01,2026-10-01T10:46:11Z,SR-RED-SET,kupkolo,not_found,,,,,,,0.21,unknown,,
2026-10-01,2026-10-01T10:46:11Z,SR-RED-SET-PM,kupkolo,not_found,,,,,,,0.21,unknown,,
2026-10-01,2026-10-01T10:46:11Z,SR-FORCE-SET,kupkolo,not_found,,,,,,,0.21,unknown,,
2026-10-01,2026-10-01T10:46:11Z,SR-FORCE-SET-PM,kupkolo,not_found,,,,,,,0.21,unknown,,
2026-10-01,2026-10-01T10:46:11Z,SR-RIVAL-SET,kupkolo,not_found,,,,,,,0.21,unknown,,
2026-10-01,2026-10-01T10:46:11Z,SR-RIVAL-SET-PM,kupkolo,not_found,,,,,,,0.21,unknown,,
2026-10-01,2026-10-01T10:46:11Z,SR-FORCE-D2-SET,kupkolo,not_found,,,,,,,0.21,unknown,,
2026-10-01,2026-10-01T10:46:11Z,SR-RIVAL-D1-SET,kupkolo,not_found,,,,,,,0.21,unknown,,
2026-10-01,2026-10-01T10:46:11Z,SR-RED-D1-SET,kupkolo,not_found,,,,,,,0.21,unknown,,
2026-10-02,2026-10-02T10:21:02Z,SH-105-STBR,bike-components,ok,105 Front+Rear Set Disc Brake BR-R7170 + Di2 ST-R7170,https://www.bike-components.de/en/Shimano/105-Front-Rear-Set-Disc-Brake-BR-R7170-Di2-ST-R7170-p88625/,299.0,EUR,299.0,251.26,0.19,out,jsonld,vyprodáno
2026-10-02,2026-10-02T10:21:02Z,SH-105-RD,bike-components,ok,105 Di2 Rear Derailleur Shadow RD-R7150 12-speed,https://www.bike-components.de/en/Shimano/105-Di2-Rear-Derailleur-Shadow-RD-R7150-12-speed-p88619/,149.99,EUR,149.99,126.04,0.19,in_stock,jsonld,
2026-10-02,2026-10-02T10:21:02Z,SH-105-FD,bike-components,ok,105 Di2 Umwerfer FD-R7150 2-/12-fach,https://www.bike-components.de/de/Shimano/105-Di2-Umwerfer-FD-R7150-2-12-fach-p88620/,76.99,EUR,76.99,64.7,0.19,out,jsonld,vyprodáno
2026-10-02,2026-10-02T10:21:02Z,SH-105-FC,bike-components,ok,105 FC-R7100 Hollowtech II Crankset,https://www.bike-components.de/en/Shimano/105-FC-R7100-Hollowtech-II-Crankset-p88622/,114.99,EUR,114.99,96.63,0.19,in_stock,jsonld,ověřit variantu
2026-10-02,2026-10-02T10:21:02Z,SH-105-CS,bike-components,not_found,,,,,,,0.19,unknown,,
2026-10-02,2026-10-02T10:21:02Z,SH-105-CS2,bike-components,ok,CS-HG710-12 12-speed Cassette,https://www.bike-components.de/en/Shimano/CS-HG710-12-12-speed-Cassette-p88624/,54.99,EUR,54.99,46.21,0.19,in_stock,jsonld,ověřit variantu
2026-10-02,2026-10-02T10:21:02Z,SH-105-CN,bike-components,ok,SLX / 105 / E-Bike Quick-Link Chain CN-M7100 12-speed,https://www.bike-components.de/en/Shimano/SLX-105-E-Bike-Quick-Link-Chain-CN-M7100-12-speed-p71462/,18.99,EUR,18.99,15.96,0.19,in_stock,jsonld,
2026-10-02,2026-10-02T10:21:02Z,SH-105-SET,bike-components,ok,105 Di2 R7150 Gruppe 2x12 34-50,https://www.bike-components.de/de/Shimano/105-Di2-R7150-Gruppe-2x12-34-50-p88663/,999.0,EUR,999.0,839.5,0.19,out,jsonld,vyprodáno
2026-10-02,2026-10-02T10:21:02Z,SH-ULT-STBR,bike-components,ok,Ultegra Front+Rear Set Disc Brake BR-R8170 + Di2 ST-R8170,https://www.bike-components.de/en/Shimano/Ultegra-Front-Rear-Set-Disc-Brake-BR-R8170-Di2-ST-R8170-p84490/,509.0,EUR,509.0,427.73,0.19,out,jsonld,vyprodáno
2026-10-02,2026-10-02T10:21:02Z,SH-ULT-RD,bike-components,ok,Ultegra Di2 Rear Derailleur Shadow RD-R8150 12-speed,https://www.bike-components.de/en/Shimano/Ultegra-Di2-Rear-Derailleur-Shadow-RD-R8150-12-speed-p212608/,250.0,EUR,250.0,210.08,0.19,backorder,jsonld,
2026-10-02,2026-10-02T10:21:02Z,SH-ULT-FD,bike-components,ok,Ultegra Di2 FD-R8150 2-/12-speed Front Derailleur,https://www.bike-components.de/en/Shimano/Ultegra-Di2-FD-R8150-2-12-speed-Front-Derailleur-p84391/,149.99,EUR,149.99,126.04,0.19,backorder,jsonld,
2026-10-02,2026-10-02T10:21:02Z,SH-ULT-FC,bike-components,ok,Ultegra FC-R8100 Hollowtech II Crankset,https://www.bike-components.de/en/Shimano/Ultegra-FC-R8100-Hollowtech-II-Crankset-p84397/,183.99,EUR,183.99,154.61,0.19,in_stock,jsonld,ověřit variantu
2026-10-02,2026-10-02T10:21:02Z,SH-ULT-FC-PM,bike-components,ok,Ultegra Powermeter Crankset FC-R8100-P Hollowtech II,https://www.bike-components.de/en/Shimano/Ultegra-Powermeter-Crankset-FC-R8100-P-Hollowtech-II-p212607/,889.0,EUR,889.0,747.06,0.19,in_stock,jsonld,ověřit variantu
2026-10-02,2026-10-02T10:21:02Z,SH-ULT-CS,bike-components,ok,Ultegra Cassette CS-R8100 + Chain CN-M8101 12-speed Wear Set,https://www.bike-components.de/en/Shimano/Ultegra-Cassette-CS-R8100-Chain-CN-M8101-12-speed-Wear-Set-p213611/,129.99,EUR,129.99,109.24,0.19,in_stock,jsonld,ověřit variantu
2026-10-02,2026-10-02T10:21:02Z,SH-ULT-CN,bike-components,ok,XT / Ultegra / E-Bike Quick-Link Chain CN-M8100 12-speed,https://www.bike-components.de/en/Shimano/XT-Ultegra-E-Bike-Quick-Link-Chain-CN-M8100-12-speed-p71475/,27.99,EUR,27.99,23.52,0.19,in_stock,jsonld,
2026-10-02,2026-10-02T10:21:02Z,SH-ULT-SET,bike-components,ok,Ultegra Di2 R8150 Groupset 2x12,https://www.bike-components.de/en/Shimano/Ultegra-Di2-R8150-Groupset-2x12-p221432/,1460.0,EUR,1460.0,1226.89,0.19,in_stock,jsonld,
2026-10-02,2026-10-02T10:21:02Z,SH-ULT-SET-PM,bike-components,not_found,,,,,,,0.19,unknown,,
2026-10-02,2026-10-02T10:21:02Z,SH-DA-STBR,bike-components,ok,Dura-Ace Front+Rear Set Disc Brake BR-R9270 + Di2 ST-R9270,https://www.bike-components.de/en/Shimano/Dura-Ace-Front-Rear-Set-Disc-Brake-BR-R9270-Di2-ST-R9270-p84487/,779.0,EUR,779.0,654.62,0.19,out,jsonld,vyprodáno
2026-10-02,2026-10-02T10:21:02Z,SH-DA-RD,bike-components,ok,Dura-Ace Di2 Rear Derailleur Shadow RD-R9250 12-speed,https://www.bike-components.de/en/Shimano/Dura-Ace-Di2-Rear-Derailleur-Shadow-RD-R9250-12-speed-p212606/,589.0,EUR,589.0,494.96,0.19,in_stock,jsonld,
2026-10-02,2026-10-02T10:21:02Z,SH-DA-FD,bike-components,ok,Dura-Ace Di2 FD-R9250 2-/12-speed Front Derailleur,https://www.bike-components.de/en/Shimano/Dura-Ace-Di2-FD-R9250-2-12-speed-Front-Derailleur-p84376/,289.0,EUR,289.0,242.86,0.19,in_stock,jsonld,
2026-10-02,2026-10-02T10:21:02Z,SH-DA-FC,bike-components,ok,Dura-Ace Hollowtech II FC-R9200 Crankset,https://www.bike-components.de/en/Shimano/Dura-Ace-Hollowtech-II-FC-R9200-Crankset-p84383/,249.0,EUR,249.0,209.24,0.19,in_stock,jsonld,ověřit variantu
2026-10-02,2026-10-02T10:21:02Z,SH-DA-FC-PM,bike-components,implausible,Magnet Set for FC-R9100-P / FC-R9200-P Power Meters,https://www.bike-components.de/en/Shimano/Magnet-Set-for-FC-R9100-P-FC-R9200-P-Power-Meters-p63981/,4.99,EUR,4.99,4.19,0.19,in_stock,jsonld,ověřit variantu; vyřazeno: -76.3 % vs medián ostatních shopů 431 Kč – nejspíš jiný sortiment
2026-10-02,2026-10-02T10:21:02Z,SH-DA-CS,bike-components,ok,Dura-Ace CS-R9200-12 12-speed Cassette,https://www.bike-components.de/en/Shimano/Dura-Ace-CS-R9200-12-12-speed-Cassette-p84382/,219.99,EUR,219.99,184.87,0.19,in_stock,jsonld,ověřit variantu
2026-10-02,2026-10-02T10:21:02Z,SH-DA-CN,bike-components,ok,XTR / Dura-Ace / E-bike Quick-Link CN-M9100 12-speed Chain,https://www.bike-components.de/en/Shimano/XTR-Dura-Ace-E-bike-Quick-Link-CN-M9100-12-speed-Chain-p62087/,42.99,EUR,42.99,36.13,0.19,in_stock,jsonld,
2026-10-02,2026-10-02T10:21:02Z,SH-DA-SET,bike-components,ok,Dura-Ace Di2 R9250 Groupset 2x12,https://www.bike-components.de/en/Shimano/Dura-Ace-Di2-R9250-Groupset-2x12-p221431/,2520.0,EUR,2520.0,2117.65,0.19,in_stock,jsonld,
2026-10-02,2026-10-02T10:21:02Z,SH-DA-SET-PM,bike-components,not_found,,,,,,,0.19,unknown,,
2026-10-02,2026-10-02T10:21:02Z,SH-X-BT-DN300,bike-components,implausible,USB Charging Cable EW-EC300 for BT-DN300 Di2/FC-R9200-P Power Meter,https://www.bike-components.de/en/Shimano/USB-Charging-Cable-EW-EC300-for-BT-DN300-Di2-FC-R9200-P-Power-Meter-p84426/,31.99,EUR,31.99,26.88,0.19,in_stock,jsonld,vyřazeno: -74.3 % vs medián ostatních shopů 2554 Kč – nejspíš jiný sortiment
2026-10-02,2026-10-02T10:21:02Z,SH-X-EW-EC300,bike-components,ok,USB Charging Cable EW-EC300 for BT-DN300 Di2/FC-R9200-P Power Meter,https://www.bike-components.de/en/Shimano/USB-Charging-Cable-EW-EC300-for-BT-DN300-Di2-FC-R9200-P-Power-Meter-p84426/,31.99,EUR,31.99,26.88,0.19,in_stock,jsonld,
2026-10-02,2026-10-02T10:21:02Z,SH-X-RT-CL800,bike-components,not_found,,,,,,,0.19,unknown,,
2026-10-02,2026-10-02T10:21:02Z,SH-X-RT-CL900,bike-components,not_found,,,,,,,0.19,unknown,,
2026-10-02,2026-10-02T10:21:02Z,SR-RED-SET,bike-components,ok,Red E1 AXS HRD FM Groupset 2x12-speed 37-50,https://www.bike-components.de/en/SRAM/Red-E1-AXS-HRD-FM-Groupset-2x12-speed-37-50-p94470/,2800.0,EUR,2800.0,2352.94,0.19,out,jsonld,vyprodáno
2026-10-02,2026-10-02T10:21:02Z,SR-RED-SET-PM,bike-components,ok,Red E1 AXS Power Meter HRD FM Groupset 2x12-speed 33-46,https://www.bike-components.de/en/SRAM/Red-E1-AXS-Power-Meter-HRD-FM-Groupset-2x12-speed-33-46-p94472/,3160.0,EUR,3160.0,2655.46,0.19,out,jsonld,vyprodáno
2026-10-02,2026-10-02T10:21:02Z,SR-FORCE-SET,bike-components,not_found,,,,,,,0.19,unknown,,
2026-10-02,2026-10-02T10:21:02Z,SR-FORCE-SET-PM,bike-components,ok,Force E1 AXS HRD FM Powermeter Gruppe 2x12-fach 33-46,https://www.bike-components.de/de/SRAM/Force-E1-AXS-HRD-FM-Powermeter-Gruppe-2x12-fach-33-46-p218460/,2810.0,EUR,2810.0,2361.34,0.19,out,jsonld,vyprodáno
2026-10-02,2026-10-02T10:21:02Z,SR-RIVAL-SET,bike-components,ok,Rival E1 AXS HRD FM groupset 2x12-speed 35-48,https://www.bike-components.de/en/SRAM/Rival-E1-AXS-HRD-FM-groupset-2x12-speed-35-48-p218856/,1580.0,EUR,1580.0,1327.73,0.19,out,jsonld,vyprodáno
2026-10-02,2026-10-02T10:21:02Z,SR-RIVAL-SET-PM,bike-components,ok,Rival E1 AXS HRD FM Powermeter Gruppe 2x12-fach 35-48,https://www.bike-components.de/de/SRAM/Rival-E1-AXS-HRD-FM-Powermeter-Gruppe-2x12-fach-35-48-p218860/,1740.0,EUR,1740.0,1462.18,0.19,out,jsonld,vyprodáno
2026-10-02,2026-10-02T10:21:02Z,SR-FORCE-D2-SET,bike-components,not_found,,,,,,,0.19,unknown,,
2026-10-02,2026-10-02T10:21:02Z,SR-RIVAL-D1-SET,bike-components,not_found,,,,,,,0.19,unknown,,
2026-10-02,2026-10-02T10:21:02Z,SR-RED-D1-SET,bike-components,not_found,,,,,,,0.19,unknown,,
2026-10-02,2026-10-02T10:21:02Z,SH-105-STBR,starbike,ok,Shimano 105 Di2 ST-R7170 shift- and brake dual control lever,https://www.starbike.com/en/shimano-105-di2-st-r7170-shift-and-brake-dual-control-lever/,203.89,EUR,203.89,171.34,0.19,in_stock,jsonld,ověřit variantu
2026-10-02,2026-10-02T10:21:02Z,SH-105-RD,starbike,not_found,,,,,,,0.19,unknown,,
2026-10-02,2026-10-02T10:21:02Z,SH-105-FD,starbike,ok,Shimano 105 Di2 FD-R7150-F front derailleur braze-on,https://www.starbike.com/en/shimano-105-di2-fd-r7150-f-front-derailleur-braze-on/,112.9,EUR,112.9,94.87,0.19,in_stock,jsonld,
2026-10-02,2026-10-02T10:21:02Z,SH-105-FC,starbike,ok,Shimano 105 FC-R7100 crankset 12-speed Hollowtech black,https://www.starbike.com/en/shimano-105-fc-r7100-crankset-12-speed-hollowtech-black/,137.9,EUR,137.9,115.88,0.19,in_stock,jsonld,ověřit variantu
2026-10-02,2026-10-02T10:21:02Z,SH-105-CS,starbike,not_found,,,,,,,0.19,unknown,,
2026-10-02,2026-10-02T10:21:02Z,SH-105-CS2,starbike,not_found,,,,,,,0.19,unknown,,
2026-10-02,2026-10-02T10:21:02Z,SH-105-CN,starbike,ok,Shimano CN-M7100 12-speed chain,https://www.starbike.com/en/shimano-cn-m7100-12-speed-chain/,18.3,EUR,18.3,15.38,0.19,in_stock,jsonld,
2026-10-02,2026-10-02T10:21:02Z,SH-105-SET,starbike,ok,Shimano 105 Di2 R7170 2x12-speed Flatmount groupset electric,https://www.starbike.com/en/shimano-105-di2-r7170-2x12-speed-flatmount-groupset-electric/,1112.9,EUR,1112.9,935.21,0.19,in_stock,jsonld,
2026-10-02,2026-10-02T10:21:02Z,SH-ULT-STBR,starbike,ok,Shimano BR-R8170/ST-R8170 disc brake I-Spec EV excl. adaptor Resin,https://www.starbike.com/en/shimano-br-r8170-st-r8170-disc-brake-i-spec-ev-excl.-adaptor-resin/,368.9,EUR,368.9,310.0,0.19,in_stock,jsonld,
2026-10-02,2026-10-02T10:21:02Z,SH-ULT-RD,starbike,ok,Shimano Ultegra RD-R8150 Di2 12-speed rear derailleur black,https://www.starbike.com/en/shimano-ultegra-rd-r8150-di2-12-speed-rear-derailleur-black/,334.9,EUR,334.9,281.43,0.19,in_stock,jsonld,
2026-10-02,2026-10-02T10:21:02Z,SH-ULT-FD,starbike,ok,Shimano Ultegra FD-R8150 Di2 front derailleur 2/12-speed braze-on 50-54T,https://www.starbike.com/en/shimano-ultegra-fd-r8150-di2-front-derailleur-212-speed-braze-on-50-54t/,185.9,EUR,185.9,156.22,0.19,in_stock,jsonld,
2026-10-02,2026-10-02T10:21:02Z,SH-ULT-FC,starbike,ok,Shimano Ultegra FC-R8100 crankset 12-speed Hollowtech anthracite,https://www.starbike.com/en/shimano-ultegra-fc-r8100-crankset-12-speed-hollowtech-anthracite/,203.89,EUR,203.89,171.34,0.19,in_stock,jsonld,ověřit variantu
2026-10-02,2026-10-02T10:21:02Z,SH-ULT-FC-PM,starbike,ok,Shimano Ultegra FC-R8100-P 2x12-speed powermeter crankset,https://www.starbike.com/en/shimano-ultegra-fc-r8100-p-2x12-speed-powermeter-crankset/,859.91,EUR,859.91,722.61,0.19,in_stock,jsonld,ověřit variantu
2026-10-02,2026-10-02T10:21:02Z,SH-ULT-CS,starbike,not_found,,,,,,,0.19,unknown,,
2026-10-02,2026-10-02T10:21:02Z,SH-ULT-CN,starbike,ok,Shimano XT CN-M8100 12-speed chain,https://www.starbike.com/en/shimano-xt-cn-m8100-12-speed-chain/,30.9,EUR,30.9,25.97,0.19,in_stock,jsonld,
2026-10-02,2026-10-02T10:21:02Z,SH-ULT-SET,starbike,ok,Shimano Ultegra Di2 R8100 2x12-speed Flatmount groupset electric,https://www.starbike.com/en/shimano-ultegra-di2-r8100-2x12-speed-flatmount-groupset-electric/,1507.9,EUR,1507.9,1267.14,0.19,in_stock,jsonld,
2026-10-02,2026-10-02T10:21:02Z,SH-ULT-SET-PM,starbike,ok,Shimano Ultegra Di2 R8100 2x12-speed Powermeter Flatmount groupset electric,https://www.starbike.com/en/shimano-ultegra-di2-r8100-2x12-speed-powermeter-flatmount-groupset-electric/,2159.9,EUR,2159.9,1815.04,0.19,in_stock,jsonld,
2026-10-02,2026-10-02T10:21:02Z,SH-DA-STBR,starbike,ok,Shimano Dura-Ace BR-R9270 Hydraulic Disc Brake / ST-R9270 Di2 STI Shift/Brake Lever,https://www.starbike.com/en/shimano-dura-ace-st-r9270-di2-12-speed-sti-shift-and-brake-lever-hydraulic/,511.9,EUR,511.9,430.17,0.19,in_stock,jsonld,
2026-10-02,2026-10-02T10:21:02Z,SH-DA-RD,starbike,ok,Shimano Dura-Ace Di2 RD-R9250 rear derailleur 12-speed black,https://www.starbike.com/en/shimano-dura-ace-di2-rd-r9250-rear-derailleur-12-speed-black/,694.9,EUR,694.9,583.95,0.19,in_stock,jsonld,
2026-10-02,2026-10-02T10:21:02Z,SH-DA-FD,starbike,ok,Shimano Dura-Ace Di2 FD-R9250 front derailleur 2-speed anl&ouml;t 46-55T for 12-speed,https://www.starbike.com/en/shimano-dura-ace-di2-fd-r9250-front-derailleur-2-speed-anloet-46-55t-for-12-speed/,341.9,EUR,341.9,287.31,0.19,in_stock,jsonld,
2026-10-02,2026-10-02T10:21:02Z,SH-DA-FC,starbike,ok,Shimano Dura-Ace FC-R9200 crankset black 12-speed HT2,https://www.starbike.com/en/shimano-dura-ace-fc-r9200-crankset-black-12-speed-ht2/,473.91,EUR,473.91,398.24,0.19,in_stock,jsonld,ověřit variantu
2026-10-02,2026-10-02T10:21:02Z,SH-DA-FC-PM,starbike,ok,Shimano Dura-Ace FC-R9200-P 2x12-speed powermeter crankset,https://www.starbike.com/en/shimano-dura-ace-fc-r9200-p-2x12-speed-powermeter-crankset/,1088.9,EUR,1088.9,915.04,0.19,in_stock,jsonld,ověřit variantu
2026-10-02,2026-10-02T10:21:02Z,SH-DA-CS,starbike,ok,Shimano Dura-Ace CS-R9200 cassette 12-speed,https://www.starbike.com/en/shimano-dura-ace-cs-r9200-cassette-12-speed/,271.9,EUR,271.9,228.49,0.19,in_stock,jsonld,ověřit variantu
2026-10-02,2026-10-02T10:21:02Z,SH-DA-CN,starbike,ok,Shimano XTR CN-M9100 chain 12-speed for E-MTB,https://www.starbike.com/en/shimano-xtr-cn-9100-chain/,37.65,EUR,37.65,31.64,0.19,in_stock,jsonld,
2026-10-02,2026-10-02T10:21:02Z,SH-DA-SET,starbike,ok,Shimano Dura-Ace Di2 R9200 12-speed Flatmount groupset electric,https://www.starbike.com/en/shimano-dura-ace-di2-r9200-12-speed-flatmount-groupset-electric/,2615.91,EUR,2615.91,2198.24,0.19,in_stock,jsonld,
2026-10-02,2026-10-02T10:21:02Z,SH-DA-SET-PM,starbike,not_found,,,,,,,0.19,unknown,,
2026-10-02,2026-10-02T10:21:02Z,SH-X-BT-DN300,starbike,ok,Shimano BT-DN300 Di2 battery for seatpost/fork,https://www.starbike.com/en/shimano-bt-dn300-di2-battery-for-seatpostfork/,150.9,EUR,150.9,126.81,0.19,in_stock,jsonld,
2026-10-02,2026-10-02T10:21:02Z,SH-X-EW-EC300,starbike,ok,Shimano EW-EC300 Di2 battery charging cable 1.5m USB black,https://www.starbike.com/en/shimano-ew-ec300-di2-battery-charging-cable-15m-usb-black/,42.9,EUR,42.9,36.05,0.19,in_stock,jsonld,
2026-10-02,2026-10-02T10:21:02Z,SH-X-RT-CL800,starbike,ok,Shimano RT-CL800 Centerlock disc rotor with lock ring with magnet 160mm,https://www.starbike.com/en/shimano-rt-cl800-centerlock-disc-rotor-with-lock-ring-with-magnet-160mm/,53.9,EUR,53.9,45.29,0.19,in_stock,jsonld,
2026-10-02,2026-10-02T10:21:02Z,SH-X-RT-CL900,starbike,ok,Shimano RT-CL900 Centerlock disc rotor with lock ring with magnet 160mm,https://www.starbike.com/en/shimano-rt-cl900-centerlock-disc-rotor-with-lock-ring-with-magnet-160mm/,67.9,EUR,67.9,57.06,0.19,in_stock,jsonld,
2026-10-02,2026-10-02T10:21:02Z,SR-RED-SET,starbike,ok,SRAM RED AXS Kit 2-speed hydraulic 36T rear derailleur incl. 160mm disc Flatmount Hammerhead (excl. crankset),https://www.starbike.com/en/sram-red-axs-kit-2-speed-hydraulic-36t-rear-derailleur-incl.-160mm-disc-flatmount-hammerhead-excl.-crankset/,2721.9,EUR,2721.9,2287.31,0.19,preorder,jsonld,
2026-10-02,2026-10-02T10:21:02Z,SR-RED-SET-PM,starbike,not_found,,,,,,,0.19,unknown,,
2026-10-02,2026-10-02T10:21:02Z,SR-FORCE-SET,starbike,ok,SRAM Force AXS 2-speed groupset hydraulic without crank 36T rear derailleur disc flatmount incl. 160mm brake rotor,https://www.starbike.com/en/sram-force-axs-2-speed-groupset-hydraulic-without-crank-36t-rear-derailleur-disc-flatmount-incl-160mm-brake-rotor/,1297.9,EUR,1297.9,1090.67,0.19,in_stock,jsonld,
2026-10-02,2026-10-02T10:21:02Z,SR-FORCE-SET-PM,starbike,not_found,,,,,,,0.19,unknown,,
2026-10-02,2026-10-02T10:21:02Z,SR-RIVAL-SET,starbike,not_found,,,,,,,0.19,unknown,,
2026-10-02,2026-10-02T10:21:02Z,SR-RIVAL-SET-PM,starbike,not_found,,,,,,,0.19,unknown,,
2026-10-02,2026-10-02T10:21:02Z,SR-FORCE-D2-SET,starbike,ok,SRAM Force AXS 2-speed groupset hydraulic without crank 36T rear derailleur disc flatmount incl. 160mm brake rotor,https://www.starbike.com/en/sram-force-axs-2-speed-groupset-hydraulic-without-crank-36t-rear-derailleur-disc-flatmount-incl-160mm-brake-rotor/,1297.9,EUR,1297.9,1090.67,0.19,in_stock,jsonld,ověřit variantu
2026-10-02,2026-10-02T10:21:02Z,SR-RIVAL-D1-SET,starbike,ok,SRAM Rival Mullet eTap AXS 1/12-speed Road Wide groupset disc,https://www.starbike.com/en/sram-rival-mullet-etap-axs-1-12-speed-road-wide-groupset-disc/,1305.43,EUR,1305.43,1097.0,0.19,preorder,jsonld,ověřit variantu
2026-10-02,2026-10-02T10:21:02Z,SR-RED-D1-SET,starbike,not_found,,,,,,,0.19,unknown,,
2026-10-02,2026-10-02T10:21:02Z,SH-105-STBR,koloshop,not_found,,,,,,,0.21,unknown,,"shop nevrátil žádnou cenu – HTTP 200×293 („Ujišťujeme se, že nejste robot!“, 7461 B)"
2026-10-02,2026-10-02T10:21:02Z,SH-105-RD,koloshop,not_found,,,,,,,0.21,unknown,,"shop nevrátil žádnou cenu – HTTP 200×293 („Ujišťujeme se, že nejste robot!“, 7461 B)"
2026-10-02,2026-10-02T10:21:02Z,SH-105-FD,koloshop,not_found,,,,,,,0.21,unknown,,"shop nevrátil žádnou cenu – HTTP 200×293 („Ujišťujeme se, že nejste robot!“, 7461 B)"
2026-10-02,2026-10-02T10:21:02Z,SH-105-FC,koloshop,not_found,,,,,,,0.21,unknown,,"shop nevrátil žádnou cenu – HTTP 200×293 („Ujišťujeme se, že nejste robot!“, 7461 B)"
2026-10-02,2026-10-02T10:21:02Z,SH-105-CS,koloshop,not_found,,,,,,,0.21,unknown,,"shop nevrátil žádnou cenu – HTTP 200×293 („Ujišťujeme se, že nejste robot!“, 7461 B)"
2026-10-02,2026-10-02T10:21:02Z,SH-105-CS2,koloshop,not_found,,,,,,,0.21,unknown,,"shop nevrátil žádnou cenu – HTTP 200×293 („Ujišťujeme se, že nejste robot!“, 7461 B)"
2026-10-02,2026-10-02T10:21:02Z,SH-105-CN,koloshop,not_found,,,,,,,0.21,unknown,,"shop nevrátil žádnou cenu – HTTP 200×293 („Ujišťujeme se, že nejste robot!“, 7461 B)"
2026-10-02,2026-10-02T10:21:02Z,SH-105-SET,koloshop,not_found,,,,,,,0.21,unknown,,"shop nevrátil žádnou cenu – HTTP 200×293 („Ujišťujeme se, že nejste robot!“, 7461 B)"
2026-10-02,2026-10-02T10:21:02Z,SH-ULT-STBR,koloshop,not_found,,,,,,,0.21,unknown,,"shop nevrátil žádnou cenu – HTTP 200×293 („Ujišťujeme se, že nejste robot!“, 7461 B)"
2026-10-02,2026-10-02T10:21:02Z,SH-ULT-RD,koloshop,not_found,,,,,,,0.21,unknown,,"shop nevrátil žádnou cenu – HTTP 200×293 („Ujišťujeme se, že nejste robot!“, 7461 B)"
2026-10-02,2026-10-02T10:21:02Z,SH-ULT-FD,koloshop,not_found,,,,,,,0.21,unknown,,"shop nevrátil žádnou cenu – HTTP 200×293 („Ujišťujeme se, že nejste robot!“, 7461 B)"
2026-10-02,2026-10-02T10:21:02Z,SH-ULT-FC,koloshop,not_found,,,,,,,0.21,unknown,,"shop nevrátil žádnou cenu – HTTP 200×293 („Ujišťujeme se, že nejste robot!“, 7461 B)"
2026-10-02,2026-10-02T10:21:02Z,SH-ULT-FC-PM,koloshop,not_found,,,,,,,0.21,unknown,,"shop nevrátil žádnou cenu – HTTP 200×293 („Ujišťujeme se, že nejste robot!“, 7461 B)"
2026-10-02,2026-10-02T10:21:02Z,SH-ULT-CS,koloshop,not_found,,,,,,,0.21,unknown,,"shop nevrátil žádnou cenu – HTTP 200×293 („Ujišťujeme se, že nejste robot!“, 7461 B)"
2026-10-02,2026-10-02T10:21:02Z,SH-ULT-CN,koloshop,not_found,,,,,,,0.21,unknown,,"shop nevrátil žádnou cenu – HTTP 200×293 („Ujišťujeme se, že nejste robot!“, 7461 B)"
2026-10-02,2026-10-02T10:21:02Z,SH-ULT-SET,koloshop,not_found,,,,,,,0.21,unknown,,"shop nevrátil žádnou cenu – HTTP 200×293 („Ujišťujeme se, že nejste robot!“, 7461 B)"
2026-10-02,2026-10-02T10:21:02Z,SH-ULT-SET-PM,koloshop,not_found,,,,,,,0.21,unknown,,"shop nevrátil žádnou cenu – HTTP 200×293 („Ujišťujeme se, že nejste robot!“, 7461 B)"
2026-10-02,2026-10-02T10:21:02Z,SH-DA-STBR,koloshop,not_found,,,,,,,0.21,unknown,,"shop nevrátil žádnou cenu – HTTP 200×293 („Ujišťujeme se, že nejste robot!“, 7461 B)"
2026-10-02,2026-10-02T10:21:02Z,SH-DA-RD,koloshop,not_found,,,,,,,0.21,unknown,,"shop nevrátil žádnou cenu – HTTP 200×293 („Ujišťujeme se, že nejste robot!“, 7461 B)"
2026-10-02,2026-10-02T10:21:02Z,SH-DA-FD,koloshop,not_found,,,,,,,0.21,unknown,,"shop nevrátil žádnou cenu – HTTP 200×293 („Ujišťujeme se, že nejste robot!“, 7461 B)"
2026-10-02,2026-10-02T10:21:02Z,SH-DA-FC,koloshop,not_found,,,,,,,0.21,unknown,,"shop nevrátil žádnou cenu – HTTP 200×293 („Ujišťujeme se, že nejste robot!“, 7461 B)"
2026-10-02,2026-10-02T10:21:02Z,SH-DA-FC-PM,koloshop,not_found,,,,,,,0.21,unknown,,"shop nevrátil žádnou cenu – HTTP 200×293 („Ujišťujeme se, že nejste robot!“, 7461 B)"
2026-10-02,2026-10-02T10:21:02Z,SH-DA-CS,koloshop,not_found,,,,,,,0.21,unknown,,"shop nevrátil žádnou cenu – HTTP 200×293 („Ujišťujeme se, že nejste robot!“, 7461 B)"
2026-10-02,2026-10-02T10:21:02Z,SH-DA-CN,koloshop,not_found,,,,,,,0.21,unknown,,"shop nevrátil žádnou cenu – HTTP 200×293 („Ujišťujeme se, že nejste robot!“, 7461 B)"
2026-10-02,2026-10-02T10:21:02Z,SH-DA-SET,koloshop,not_found,,,,,,,0.21,unknown,,"shop nevrátil žádnou cenu – HTTP 200×293 („Ujišťujeme se, že nejste robot!“, 7461 B)"
2026-10-02,2026-10-02T10:21:02Z,SH-DA-SET-PM,koloshop,not_found,,,,,,,0.21,unknown,,"shop nevrátil žádnou cenu – HTTP 200×293 („Ujišťujeme se, že nejste robot!“, 7461 B)"
2026-10-02,2026-10-02T10:21:02Z,SH-X-BT-DN300,koloshop,not_found,,,,,,,0.21,unknown,,"shop nevrátil žádnou cenu – HTTP 200×293 („Ujišťujeme se, že nejste robot!“, 7461 B)"
2026-10-02,2026-10-02T10:21:02Z,SH-X-EW-EC300,koloshop,not_found,,,,,,,0.21,unknown,,"shop nevrátil žádnou cenu – HTTP 200×293 („Ujišťujeme se, že nejste robot!“, 7461 B)"
2026-10-02,2026-10-02T10:21:02Z,SH-X-RT-CL800,koloshop,not_found,,,,,,,0.21,unknown,,"shop nevrátil žádnou cenu – HTTP 200×293 („Ujišťujeme se, že nejste robot!“, 7461 B)"
2026-10-02,2026-10-02T10:21:02Z,SH-X-RT-CL900,koloshop,not_found,,,,,,,0.21,unknown,,"shop nevrátil žádnou cenu – HTTP 200×293 („Ujišťujeme se, že nejste robot!“, 7461 B)"
2026-10-02,2026-10-02T10:21:02Z,SR-RED-SET,koloshop,not_found,,,,,,,0.21,unknown,,"shop nevrátil žádnou cenu – HTTP 200×293 („Ujišťujeme se, že nejste robot!“, 7461 B)"
2026-10-02,2026-10-02T10:21:02Z,SR-RED-SET-PM,koloshop,not_found,,,,,,,0.21,unknown,,"shop nevrátil žádnou cenu – HTTP 200×293 („Ujišťujeme se, že nejste robot!“, 7461 B)"
2026-10-02,2026-10-02T10:21:02Z,SR-FORCE-SET,koloshop,not_found,,,,,,,0.21,unknown,,"shop nevrátil žádnou cenu – HTTP 200×293 („Ujišťujeme se, že nejste robot!“, 7461 B)"
2026-10-02,2026-10-02T10:21:02Z,SR-FORCE-SET-PM,koloshop,not_found,,,,,,,0.21,unknown,,"shop nevrátil žádnou cenu – HTTP 200×293 („Ujišťujeme se, že nejste robot!“, 7461 B)"
2026-10-02,2026-10-02T10:21:02Z,SR-RIVAL-SET,koloshop,not_found,,,,,,,0.21,unknown,,"shop nevrátil žádnou cenu – HTTP 200×293 („Ujišťujeme se, že nejste robot!“, 7461 B)"
2026-10-02,2026-10-02T10:21:02Z,SR-RIVAL-SET-PM,koloshop,not_found,,,,,,,0.21,unknown,,"shop nevrátil žádnou cenu – HTTP 200×293 („Ujišťujeme se, že nejste robot!“, 7461 B)"
2026-10-02,2026-10-02T10:21:02Z,SR-FORCE-D2-SET,koloshop,not_found,,,,,,,0.21,unknown,,"shop nevrátil žádnou cenu – HTTP 200×293 („Ujišťujeme se, že nejste robot!“, 7461 B)"
2026-10-02,2026-10-02T10:21:02Z,SR-RIVAL-D1-SET,koloshop,not_found,,,,,,,0.21,unknown,,"shop nevrátil žádnou cenu – HTTP 200×293 („Ujišťujeme se, že nejste robot!“, 7461 B)"
2026-10-02,2026-10-02T10:21:02Z,SR-RED-D1-SET,koloshop,not_found,,,,,,,0.21,unknown,,"shop nevrátil žádnou cenu – HTTP 200×293 („Ujišťujeme se, že nejste robot!“, 7461 B)"
2026-10-02,2026-10-02T10:21:02Z,SH-105-STBR,mtbiker,blocked,,,,,,,0.21,unknown,,
2026-10-02,2026-10-02T10:21:02Z,SH-105-RD,mtbiker,blocked,,,,,,,0.21,unknown,,
2026-10-02,2026-10-02T10:21:02Z,SH-105-FD,mtbiker,blocked,,,,,,,0.21,unknown,,
2026-10-02,2026-10-02T10:21:02Z,SH-105-FC,mtbiker,blocked,,,,,,,0.21,unknown,,
2026-10-02,2026-10-02T10:21:02Z,SH-105-CS,mtbiker,blocked,,,,,,,0.21,unknown,,
2026-10-02,2026-10-02T10:21:02Z,SH-105-CS2,mtbiker,blocked,,,,,,,0.21,unknown,,
2026-10-02,2026-10-02T10:21:02Z,SH-105-CN,mtbiker,blocked,,,,,,,0.21,unknown,,
2026-10-02,2026-10-02T10:21:02Z,SH-105-SET,mtbiker,blocked,,,,,,,0.21,unknown,,
2026-10-02,2026-10-02T10:21:02Z,SH-ULT-STBR,mtbiker,blocked,,,,,,,0.21,unknown,,
2026-10-02,2026-10-02T10:21:02Z,SH-ULT-RD,mtbiker,blocked,,,,,,,0.21,unknown,,
2026-10-02,2026-10-02T10:21:02Z,SH-ULT-FD,mtbiker,blocked,,,,,,,0.21,unknown,,
2026-10-02,2026-10-02T10:21:02Z,SH-ULT-FC,mtbiker,blocked,,,,,,,0.21,unknown,,
2026-10-02,2026-10-02T10:21:02Z,SH-ULT-FC-PM,mtbiker,blocked,,,,,,,0.21,unknown,,
2026-10-02,2026-10-02T10:21:02Z,SH-ULT-CS,mtbiker,blocked,,,,,,,0.21,unknown,,
2026-10-02,2026-10-02T10:21:02Z,SH-ULT-CN,mtbiker,blocked,,,,,,,0.21,unknown,,
2026-10-02,2026-10-02T10:21:02Z,SH-ULT-SET,mtbiker,blocked,,,,,,,0.21,unknown,,
2026-10-02,2026-10-02T10:21:02Z,SH-ULT-SET-PM,mtbiker,blocked,,,,,,,0.21,unknown,,
2026-10-02,2026-10-02T10:21:02Z,SH-DA-STBR,mtbiker,blocked,,,,,,,0.21,unknown,,
2026-10-02,2026-10-02T10:21:02Z,SH-DA-RD,mtbiker,blocked,,,,,,,0.21,unknown,,
2026-10-02,2026-10-02T10:21:02Z,SH-DA-FD,mtbiker,blocked,,,,,,,0.21,unknown,,
2026-10-02,2026-10-02T10:21:02Z,SH-DA-FC,mtbiker,blocked,,,,,,,0.21,unknown,,
2026-10-02,2026-10-02T10:21:02Z,SH-DA-FC-PM,mtbiker,blocked,,,,,,,0.21,unknown,,
2026-10-02,2026-10-02T10:21:02Z,SH-DA-CS,mtbiker,blocked,,,,,,,0.21,unknown,,
2026-10-02,2026-10-02T10:21:02Z,SH-DA-CN,mtbiker,blocked,,,,,,,0.21,unknown,,
2026-10-02,2026-10-02T10:21:02Z,SH-DA-SET,mtbiker,blocked,,,,,,,0.21,unknown,,
2026-10-02,2026-10-02T10:21:02Z,SH-DA-SET-PM,mtbiker,blocked,,,,,,,0.21,unknown,,
2026-10-02,2026-10-02T10:21:02Z,SH-X-BT-DN300,mtbiker,blocked,,,,,,,0.21,unknown,,
2026-10-02,2026-10-02T10:21:02Z,SH-X-EW-EC300,mtbiker,blocked,,,,,,,0.21,unknown,,
2026-10-02,2026-10-02T10:21:02Z,SH-X-RT-CL800,mtbiker,blocked,,,,,,,0.21,unknown,,
2026-10-02,2026-10-02T10:21:02Z,SH-X-RT-CL900,mtbiker,blocked,,,,,,,0.21,unknown,,
2026-10-02,2026-10-02T10:21:02Z,SR-RED-SET,mtbiker,blocked,,,,,,,0.21,unknown,,
2026-10-02,2026-10-02T10:21:02Z,SR-RED-SET-PM,mtbiker,blocked,,,,,,,0.21,unknown,,
2026-10-02,2026-10-02T10:21:02Z,SR-FORCE-SET,mtbiker,blocked,,,,,,,0.21,unknown,,
2026-10-02,2026-10-02T10:21:02Z,SR-FORCE-SET-PM,mtbiker,blocked,,,,,,,0.21,unknown,,
2026-10-02,2026-10-02T10:21:02Z,SR-RIVAL-SET,mtbiker,blocked,,,,,,,0.21,unknown,,
2026-10-02,2026-10-02T10:21:02Z,SR-RIVAL-SET-PM,mtbiker,blocked,,,,,,,0.21,unknown,,
2026-10-02,2026-10-02T10:21:02Z,SR-FORCE-D2-SET,mtbiker,blocked,,,,,,,0.21,unknown,,
2026-10-02,2026-10-02T10:21:02Z,SR-RIVAL-D1-SET,mtbiker,blocked,,,,,,,0.21,unknown,,
2026-10-02,2026-10-02T10:21:02Z,SR-RED-D1-SET,mtbiker,blocked,,,,,,,0.21,unknown,,
2026-10-02,2026-10-02T10:21:02Z,SH-105-STBR,bikero,not_found,,,,,,,0.21,unknown,,
2026-10-02,2026-10-02T10:21:02Z,SH-105-RD,bikero,not_found,,,,,,,0.21,unknown,,
2026-10-02,2026-10-02T10:21:02Z,SH-105-FD,bikero,ok,"SHIMANO - přesmykač 105 FD-R7150, 2x12, navářka",https://www.bikero.cz/shimano-presmykac-105-fd-r7150-2x12-navarka-p707663/,2799.0,CZK,114.44,94.58,0.21,supplier,jsonld,
2026-10-02,2026-10-02T10:21:02Z,SH-105-FC,bikero,ok,"SHIMANO - kliky 105 FC-R7100, 175mm, 50/34z, 2x12 rychlostí",https://www.bikero.cz/shimano-kliky-105-fc-r7100-175mm-50-34z-2x12-rychlosti-p708392/,3190.0,CZK,130.42,107.79,0.21,supplier,jsonld,
2026-10-02,2026-10-02T10:21:02Z,SH-105-CS,bikero,not_found,,,,,,,0.21,unknown,,
2026-10-02,2026-10-02T10:21:02Z,SH-105-CS2,bikero,ok,SHIMANO - kazeta 105 CS-HG710 12 rychlostí 11-36 zubů,https://www.bikero.cz/shimano-kazeta-105-cs-hg710-12-rychlosti-11-36-zubu-p782403/,1620.0,CZK,66.23,54.74,0.21,supplier,jsonld,ověřit variantu
2026-10-02,2026-10-02T10:21:02Z,SH-105-CN,bikero,not_found,,,,,,,0.21,unknown,,
2026-10-02,2026-10-02T10:21:02Z,SH-105-SET,bikero,not_found,,,,,,,0.21,unknown,,
2026-10-02,2026-10-02T10:21:02Z,SH-ULT-STBR,bikero,not_found,,,,,,,0.21,unknown,,
2026-10-02,2026-10-02T10:21:02Z,SH-ULT-RD,bikero,ok,SHIMANO - přehazovačka Ultegra Di2 RD-R8150 - 12 rychlostí,https://www.bikero.cz/shimano-prehazovacka-ultegra-di2-rd-r8150-12-rychlosti-p707638/,6999.0,CZK,286.15,236.49,0.21,supplier,jsonld,
2026-10-02,2026-10-02T10:21:02Z,SH-ULT-FD,bikero,ok,"Přesmykač Shimano Ultegra FD-R8150, navářka",https://www.bikero.cz/presmykac-shimano-ultegra-fd-r8150-navarka-p811774/,4599.0,CZK,188.03,155.4,0.21,supplier,jsonld,
2026-10-02,2026-10-02T10:21:02Z,SH-ULT-FC,bikero,ok,"SHIMANO - kliky Ultegra FC-R8100, 175mm, 50/34z, 2x12 rychlostí",https://www.bikero.cz/shimano-kliky-ultegra-fc-r8100-175mm-50-34z-2x12-rychlosti-p708386/,4790.0,CZK,195.84,161.85,0.21,supplier,jsonld,
2026-10-02,2026-10-02T10:21:02Z,SH-ULT-FC-PM,bikero,implausible,MAX1 - adaptér kotoučové brzdy PM-IS-R180,https://www.bikero.cz/max1-adapter-kotoucove-brzdy-pm-is-r180-p22046/,175.0,CZK,7.15,5.91,0.21,supplier,jsonld,ověřit variantu; vyřazeno: -66.4 % vs medián ostatních shopů 431 Kč – nejspíš jiný sortiment
2026-10-02,2026-10-02T10:21:02Z,SH-ULT-CS,bikero,not_found,,,,,,,0.21,unknown,,
2026-10-02,2026-10-02T10:21:02Z,SH-ULT-CN,bikero,not_found,,,,,,,0.21,unknown,,
2026-10-02,2026-10-02T10:21:02Z,SH-ULT-SET,bikero,not_found,,,,,,,0.21,unknown,,
2026-10-02,2026-10-02T10:21:02Z,SH-ULT-SET-PM,bikero,not_found,,,,,,,0.21,unknown,,
2026-10-02,2026-10-02T10:21:02Z,SH-DA-STBR,bikero,not_found,,,,,,,0.21,unknown,,
2026-10-02,2026-10-02T10:21:02Z,SH-DA-RD,bikero,not_found,,,,,,,0.21,unknown,,
2026-10-02,2026-10-02T10:21:02Z,SH-DA-FD,bikero,not_found,,,,,,,0.21,unknown,,
2026-10-02,2026-10-02T10:21:02Z,SH-DA-FC,bikero,not_found,,,,,,,0.21,unknown,,
2026-10-02,2026-10-02T10:21:02Z,SH-DA-FC-PM,bikero,implausible,MAX1 - adaptér kotoučové brzdy PM-IS-R180,https://www.bikero.cz/max1-adapter-kotoucove-brzdy-pm-is-r180-p22046/,175.0,CZK,7.15,5.91,0.21,supplier,jsonld,ověřit variantu; vyřazeno: -66.4 % vs medián ostatních shopů 431 Kč – nejspíš jiný sortiment
2026-10-02,2026-10-02T10:21:02Z,SH-DA-CS,bikero,not_found,,,,,,,0.21,unknown,,
2026-10-02,2026-10-02T10:21:02Z,SH-DA-CN,bikero,not_found,,,,,,,0.21,unknown,,
2026-10-02,2026-10-02T10:21:02Z,SH-DA-SET,bikero,not_found,,,,,,,0.21,unknown,,
2026-10-02,2026-10-02T10:21:02Z,SH-DA-SET-PM,bikero,not_found,,,,,,,0.21,unknown,,
2026-10-02,2026-10-02T10:21:02Z,SH-X-BT-DN300,bikero,ok,SHIMANO - baterie Di2 BT-DN300,https://www.bikero.cz/shimano-baterie-di2-bt-dn300-p708161/,3390.0,CZK,138.6,114.54,0.21,supplier,jsonld,
2026-10-02,2026-10-02T10:21:02Z,SH-X-EW-EC300,bikero,ok,SHIMANO - USB Di2 nabíjecí kabel EW-EC300 1500 mm,https://www.bikero.cz/shimano-usb-di2-nabijeci-kabel-ew-ec300-1500-mm-p708164/,900.0,CZK,36.8,30.41,0.21,supplier,jsonld,
2026-10-02,2026-10-02T10:21:02Z,SH-X-RT-CL800,bikero,not_found,,,,,,,0.21,unknown,,
2026-10-02,2026-10-02T10:21:02Z,SH-X-RT-CL900,bikero,not_found,,,,,,,0.21,unknown,,
2026-10-02,2026-10-02T10:21:02Z,SR-RED-SET,bikero,not_found,,,,,,,0.21,unknown,,
2026-10-02,2026-10-02T10:21:02Z,SR-RED-SET-PM,bikero,not_found,,,,,,,0.21,unknown,,
2026-10-02,2026-10-02T10:21:02Z,SR-FORCE-SET,bikero,not_found,,,,,,,0.21,unknown,,
2026-10-02,2026-10-02T10:21:02Z,SR-FORCE-SET-PM,bikero,not_found,,,,,,,0.21,unknown,,
2026-10-02,2026-10-02T10:21:02Z,SR-RIVAL-SET,bikero,not_found,,,,,,,0.21,unknown,,
2026-10-02,2026-10-02T10:21:02Z,SR-RIVAL-SET-PM,bikero,not_found,,,,,,,0.21,unknown,,
2026-10-02,2026-10-02T10:21:02Z,SR-FORCE-D2-SET,bikero,not_found,,,,,,,0.21,unknown,,
2026-10-02,2026-10-02T10:21:02Z,SR-RIVAL-D1-SET,bikero,not_found,,,,,,,0.21,unknown,,
2026-10-02,2026-10-02T10:21:02Z,SR-RED-D1-SET,bikero,not_found,,,,,,,0.21,unknown,,
2026-10-02,2026-10-02T10:21:02Z,SH-105-STBR,bike-eshop,blocked,,,,,,,0.21,unknown,,
2026-10-02,2026-10-02T10:21:02Z,SH-105-RD,bike-eshop,blocked,,,,,,,0.21,unknown,,
2026-10-02,2026-10-02T10:21:02Z,SH-105-FD,bike-eshop,blocked,,,,,,,0.21,unknown,,
2026-10-02,2026-10-02T10:21:02Z,SH-105-FC,bike-eshop,blocked,,,,,,,0.21,unknown,,
2026-10-02,2026-10-02T10:21:02Z,SH-105-CS,bike-eshop,blocked,,,,,,,0.21,unknown,,
2026-10-02,2026-10-02T10:21:02Z,SH-105-CS2,bike-eshop,blocked,,,,,,,0.21,unknown,,
2026-10-02,2026-10-02T10:21:02Z,SH-105-CN,bike-eshop,blocked,,,,,,,0.21,unknown,,
2026-10-02,2026-10-02T10:21:02Z,SH-105-SET,bike-eshop,blocked,,,,,,,0.21,unknown,,
2026-10-02,2026-10-02T10:21:02Z,SH-ULT-STBR,bike-eshop,blocked,,,,,,,0.21,unknown,,
2026-10-02,2026-10-02T10:21:02Z,SH-ULT-RD,bike-eshop,blocked,,,,,,,0.21,unknown,,
2026-10-02,2026-10-02T10:21:02Z,SH-ULT-FD,bike-eshop,blocked,,,,,,,0.21,unknown,,
2026-10-02,2026-10-02T10:21:02Z,SH-ULT-FC,bike-eshop,blocked,,,,,,,0.21,unknown,,
2026-10-02,2026-10-02T10:21:02Z,SH-ULT-FC-PM,bike-eshop,blocked,,,,,,,0.21,unknown,,
2026-10-02,2026-10-02T10:21:02Z,SH-ULT-CS,bike-eshop,blocked,,,,,,,0.21,unknown,,
2026-10-02,2026-10-02T10:21:02Z,SH-ULT-CN,bike-eshop,blocked,,,,,,,0.21,unknown,,
2026-10-02,2026-10-02T10:21:02Z,SH-ULT-SET,bike-eshop,blocked,,,,,,,0.21,unknown,,
2026-10-02,2026-10-02T10:21:02Z,SH-ULT-SET-PM,bike-eshop,blocked,,,,,,,0.21,unknown,,
2026-10-02,2026-10-02T10:21:02Z,SH-DA-STBR,bike-eshop,blocked,,,,,,,0.21,unknown,,
2026-10-02,2026-10-02T10:21:02Z,SH-DA-RD,bike-eshop,blocked,,,,,,,0.21,unknown,,
2026-10-02,2026-10-02T10:21:02Z,SH-DA-FD,bike-eshop,blocked,,,,,,,0.21,unknown,,
2026-10-02,2026-10-02T10:21:02Z,SH-DA-FC,bike-eshop,blocked,,,,,,,0.21,unknown,,
2026-10-02,2026-10-02T10:21:02Z,SH-DA-FC-PM,bike-eshop,blocked,,,,,,,0.21,unknown,,
2026-10-02,2026-10-02T10:21:02Z,SH-DA-CS,bike-eshop,blocked,,,,,,,0.21,unknown,,
2026-10-02,2026-10-02T10:21:02Z,SH-DA-CN,bike-eshop,blocked,,,,,,,0.21,unknown,,
2026-10-02,2026-10-02T10:21:02Z,SH-DA-SET,bike-eshop,blocked,,,,,,,0.21,unknown,,
2026-10-02,2026-10-02T10:21:02Z,SH-DA-SET-PM,bike-eshop,blocked,,,,,,,0.21,unknown,,
2026-10-02,2026-10-02T10:21:02Z,SH-X-BT-DN300,bike-eshop,blocked,,,,,,,0.21,unknown,,
2026-10-02,2026-10-02T10:21:02Z,SH-X-EW-EC300,bike-eshop,blocked,,,,,,,0.21,unknown,,
2026-10-02,2026-10-02T10:21:02Z,SH-X-RT-CL800,bike-eshop,blocked,,,,,,,0.21,unknown,,
2026-10-02,2026-10-02T10:21:02Z,SH-X-RT-CL900,bike-eshop,blocked,,,,,,,0.21,unknown,,
2026-10-02,2026-10-02T10:21:02Z,SR-RED-SET,bike-eshop,blocked,,,,,,,0.21,unknown,,
2026-10-02,2026-10-02T10:21:02Z,SR-RED-SET-PM,bike-eshop,blocked,,,,,,,0.21,unknown,,
2026-10-02,2026-10-02T10:21:02Z,SR-FORCE-SET,bike-eshop,blocked,,,,,,,0.21,unknown,,
2026-10-02,2026-10-02T10:21:02Z,SR-FORCE-SET-PM,bike-eshop,blocked,,,,,,,0.21,unknown,,
2026-10-02,2026-10-02T10:21:02Z,SR-RIVAL-SET,bike-eshop,blocked,,,,,,,0.21,unknown,,
2026-10-02,2026-10-02T10:21:02Z,SR-RIVAL-SET-PM,bike-eshop,blocked,,,,,,,0.21,unknown,,
2026-10-02,2026-10-02T10:21:02Z,SR-FORCE-D2-SET,bike-eshop,blocked,,,,,,,0.21,unknown,,
2026-10-02,2026-10-02T10:21:02Z,SR-RIVAL-D1-SET,bike-eshop,blocked,,,,,,,0.21,unknown,,
2026-10-02,2026-10-02T10:21:02Z,SR-RED-D1-SET,bike-eshop,blocked,,,,,,,0.21,unknown,,
2026-10-02,2026-10-02T10:21:02Z,SH-105-STBR,bike-discount,ok,105 Di2 ST-R7170+BR-R7170 2x12-fach Scheibenbremsen-Set,https://www.bike-discount.de/de/shimano-105-di2-st-r7170-br-r7170-2x12-fach-scheibenbremsen-set-1,439.99,EUR,439.99,369.74,0.19,out,jsonld,vyprodáno
2026-10-02,2026-10-02T10:21:02Z,SH-105-RD,bike-discount,ok,105 Di2 RD-R7150 12-fach Schaltwerk,https://www.bike-discount.de/de/shimano-105-di2-rd-r7150-12-fach-schaltwerk-1,169.99,EUR,169.99,142.85,0.19,in_stock,jsonld,
2026-10-02,2026-10-02T10:21:02Z,SH-105-FD,bike-discount,ok,105 Di2 FD-R7150 2x12-fach Umwerfer Anlöt,https://www.bike-discount.de/de/shimano-105-di2-fd-r7150-2x12-fach-umwerfer,99.99,EUR,99.99,84.03,0.19,in_stock,jsonld,
2026-10-02,2026-10-02T10:21:02Z,SH-105-FC,bike-discount,ok,105 FC-R7100 12-fach Kurbel 50/34,https://www.bike-discount.de/de/shimano-105-fc-r7100-12-fach-kurbel-50/34,117.99,EUR,117.99,99.15,0.19,in_stock,jsonld,
2026-10-02,2026-10-02T10:21:02Z,SH-105-CS,bike-discount,not_found,,,,,,,0.19,unknown,,
2026-10-02,2026-10-02T10:21:02Z,SH-105-CS2,bike-discount,ok,105 CS-HG710 12-fach Kassette,https://www.bike-discount.de/de/shimano-105-cs-hg710-12-fach-kassette,58.99,EUR,58.99,49.57,0.19,in_stock,jsonld,ověřit variantu
2026-10-02,2026-10-02T10:21:02Z,SH-105-CN,bike-discount,ok,SLX CN-M7100 12-fach Kette mit Quick-Link,https://www.bike-discount.de/de/shimano-slx-cn-m7100-12-fach-kette-mit-quick-link,18.99,EUR,18.99,15.96,0.19,in_stock,jsonld,
2026-10-02,2026-10-02T10:21:02Z,SH-105-SET,bike-discount,ok,105 Di2 R7170 2x12-fach Gruppe Disc TOP-DEAL,https://www.bike-discount.de/de/shimano-105-di2-r7170-2x12-fach-gruppe-disc-top-deal,799.0,EUR,799.0,671.43,0.19,in_stock,jsonld,
2026-10-02,2026-10-02T10:21:02Z,SH-ULT-STBR,bike-discount,ok,ULTEGRA Di2 ST-R8170+BR-R8170 2x12-fach Scheibenbremsen-Set,https://www.bike-discount.de/de/shimano-ultegra-di2-st-r8170-br-r8170-2x12-fach-scheibenbremsen-set-2,578.99,EUR,578.99,486.55,0.19,in_stock,jsonld,
2026-10-02,2026-10-02T10:21:02Z,SH-ULT-RD,bike-discount,ok,ULTEGRA Di2 RD-R8150 12-fach Schaltwerk,https://www.bike-discount.de/de/shimano-ultegra-di2-rd-r8150-12-fach-schaltwerk-2,254.99,EUR,254.99,214.28,0.19,in_stock,jsonld,
2026-10-02,2026-10-02T10:21:02Z,SH-ULT-FD,bike-discount,ok,ULTEGRA Di2 FD-R8150 2x12-fach Umwerfer,https://www.bike-discount.de/de/shimano-ultegra-di2-fd-r8150-2x12-fach-umwerfer,159.99,EUR,159.99,134.45,0.19,in_stock,jsonld,
2026-10-02,2026-10-02T10:21:02Z,SH-ULT-FC,bike-discount,ok,ULTEGRA FC-R8100 12-fach Kurbel 50/34,https://www.bike-discount.de/de/shimano-ultegra-fc-r8100-12-fach-kurbel-50/34,194.99,EUR,194.99,163.86,0.19,in_stock,jsonld,
2026-10-02,2026-10-02T10:21:02Z,SH-ULT-FC-PM,bike-discount,ok,Adapter - H PM zu PM vorne 183,https://www.bike-discount.de/de/hope-adapter-h-pm-zu-pm-vorne-183,20.99,EUR,20.99,17.64,0.19,in_stock,jsonld,ověřit variantu
2026-10-02,2026-10-02T10:21:02Z,SH-ULT-CS,bike-discount,not_found,,,,,,,0.19,unknown,,
2026-10-02,2026-10-02T10:21:02Z,SH-ULT-CN,bike-discount,ok,XT CN-M8100 12-fach Kette mit Quick-Link,https://www.bike-discount.de/de/shimano-xt-cn-m8100-12-fach-kette-mit-quick-link,27.99,EUR,27.99,23.52,0.19,in_stock,jsonld,
2026-10-02,2026-10-02T10:21:02Z,SH-ULT-SET,bike-discount,ok,ULTEGRA Di2 R8170 2x12-fach Gruppe Disc 140/160mm TOP-DEAL,https://www.bike-discount.de/de/shimano-ultegra-di2-r8170-2x12-fach-gruppe-disc-140/160mm-1,1199.99,EUR,1199.99,1008.39,0.19,in_stock,jsonld,
2026-10-02,2026-10-02T10:21:02Z,SH-ULT-SET-PM,bike-discount,not_found,,,,,,,0.19,unknown,,
2026-10-02,2026-10-02T10:21:02Z,SH-DA-STBR,bike-discount,ok,DURA-ACE Di2 ST-R9270+BR-R9270 2x12-fach Scheibenbremsen-Set,https://www.bike-discount.de/de/shimano-dura-ace-di2-st-r9270-br-r9270-2x12-fach-scheibenbremsen-set-3,969.99,EUR,969.99,815.12,0.19,in_stock,jsonld,
2026-10-02,2026-10-02T10:21:02Z,SH-DA-RD,bike-discount,ok,DURA-ACE Di2 RD-R9250 12-fach Schaltwerk,https://www.bike-discount.de/de/shimano-dura-ace-di2-rd-r9250-12-fach-schaltwerk-3,529.99,EUR,529.99,445.37,0.19,in_stock,jsonld,
2026-10-02,2026-10-02T10:21:02Z,SH-DA-FD,bike-discount,ok,DURA-ACE Di2 FD-R9250 2x12-fach Umwerfer,https://www.bike-discount.de/de/shimano-dura-ace-di2-fd-r9250-2x12-fach-umwerfer,279.99,EUR,279.99,235.29,0.19,in_stock,jsonld,
2026-10-02,2026-10-02T10:21:02Z,SH-DA-FC,bike-discount,ok,DURA-ACE FC-R9200 12-fach Kurbel 52/36,https://www.bike-discount.de/de/shimano-dura-ace-fc-r9200-12-fach-kurbel-52/36,384.99,EUR,384.99,323.52,0.19,in_stock,jsonld,
2026-10-02,2026-10-02T10:21:02Z,SH-DA-FC-PM,bike-discount,ok,Adapter - H PM zu PM vorne 183,https://www.bike-discount.de/de/hope-adapter-h-pm-zu-pm-vorne-183,20.99,EUR,20.99,17.64,0.19,in_stock,jsonld,ověřit variantu
2026-10-02,2026-10-02T10:21:02Z,SH-DA-CS,bike-discount,ok,DURA-ACE CS-R9200 12-fach Kassette,https://www.bike-discount.de/de/shimano-dura-ace-cs-r9200-12-fach-kassette,218.99,EUR,218.99,184.03,0.19,in_stock,jsonld,ověřit variantu
2026-10-02,2026-10-02T10:21:02Z,SH-DA-CN,bike-discount,ok,XTR CN-M9100 12-fach Kette mit Quick-Link,https://www.bike-discount.de/de/shimano-xtr-cn-m9100-12-fach-kette-mit-quick-link,41.99,EUR,41.99,35.29,0.19,in_stock,jsonld,
2026-10-02,2026-10-02T10:21:02Z,SH-DA-SET,bike-discount,ok,DURA-ACE Di2 R9270 2x12-fach Gruppe Disc 140/160mm TOP-DEAL,https://www.bike-discount.de/de/shimano-dura-ace-di2-r9270-2x12-fach-gruppe-disc-140/160mm,1999.0,EUR,1999.0,1679.83,0.19,in_stock,jsonld,
2026-10-02,2026-10-02T10:21:02Z,SH-DA-SET-PM,bike-discount,not_found,,,,,,,0.19,unknown,,
2026-10-02,2026-10-02T10:21:02Z,SH-X-BT-DN300,bike-discount,implausible,Unità adattatore per BT-DN300,https://www.bike-discount.de/it/shimano-unita-adattatore-per-bt-dn300,5.99,EUR,5.99,5.03,0.19,in_stock,jsonld,vyřazeno: -95.2 % vs medián ostatních shopů 2554 Kč – nejspíš jiný sortiment
2026-10-02,2026-10-02T10:21:02Z,SH-X-EW-EC300,bike-discount,ok,Di2 EW-EC300 Ladekabel,https://www.bike-discount.de/de/shimano-di2-ew-ec300-ladekabel,34.99,EUR,34.99,29.4,0.19,in_stock,jsonld,
2026-10-02,2026-10-02T10:21:02Z,SH-X-RT-CL800,bike-discount,not_found,,,,,,,0.19,unknown,,
2026-10-02,2026-10-02T10:21:02Z,SH-X-RT-CL900,bike-discount,not_found,,,,,,,0.19,unknown,,
2026-10-02,2026-10-02T10:21:02Z,SR-RED-SET,bike-discount,not_found,,,,,,,0.19,unknown,,
2026-10-02,2026-10-02T10:21:02Z,SR-RED-SET-PM,bike-discount,not_found,,,,,,,0.19,unknown,,
2026-10-02,2026-10-02T10:21:02Z,SR-FORCE-SET,bike-discount,ok,Force E1 50-37T Carbon AXS 12-fach Gruppe,https://www.bike-discount.de/de/sram-force-e1-50-37t-carbon-axs-12-fach-gruppe,1549.99,EUR,1549.99,1302.51,0.19,in_stock,jsonld,
2026-10-02,2026-10-02T10:21:02Z,SR-FORCE-SET-PM,bike-discount,ok,Force E1 48-35T Powermeter Carbon AXS 12-fach Gruppe,https://www.bike-discount.de/de/sram-force-e1-48-35t-powermeter-carbon-axs-12-fach-gruppe,1849.99,EUR,1849.99,1554.61,0.19,in_stock,jsonld,
2026-10-02,2026-10-02T10:21:02Z,SR-RIVAL-SET,bike-discount,ok,Rival E1 AXS 2x12-fach 48/35T Gruppe,https://www.bike-discount.de/de/sram-rival-e1-axs-2x12-fach-48/35t-gruppe,1149.99,EUR,1149.99,966.38,0.19,in_stock,jsonld,
2026-10-02,2026-10-02T10:21:02Z,SR-RIVAL-SET-PM,bike-discount,not_found,,,,,,,0.19,unknown,,
2026-10-02,2026-10-02T10:21:02Z,SR-FORCE-D2-SET,bike-discount,not_found,,,,,,,0.19,unknown,,
2026-10-02,2026-10-02T10:21:02Z,SR-RIVAL-D1-SET,bike-discount,not_found,,,,,,,0.19,unknown,,
2026-10-02,2026-10-02T10:21:02Z,SR-RED-D1-SET,bike-discount,not_found,,,,,,,0.19,unknown,,
2026-10-02,2026-10-02T10:21:02Z,SH-105-STBR,hupnakolo,ok,"Řadicí a brzdová páka Shimano 105, ST-R7170 + třmen BR-7170 - Hupnakolo",https://www.hupnakolo.cz/radici-a-brzdova-paka-shimano-105--st-r7170-trmen-br-7170/,5315.0,CZK,217.3,179.59,0.21,in_stock,meta,ověřit variantu
2026-10-02,2026-10-02T10:21:02Z,SH-105-RD,hupnakolo,ok,Shimano 105 RD R7150 Di2 přehazovačka 12s,https://www.hupnakolo.cz/shimano-prehazovacka-105-rd-r7150-12-rychl--max-36z-min-11z-kapacita-41z-bal/,3888.0,CZK,158.96,131.37,0.21,in_stock,meta,
2026-10-02,2026-10-02T10:21:02Z,SH-105-FD,hupnakolo,not_found,,,,,,,0.21,unknown,,
2026-10-02,2026-10-02T10:21:02Z,SH-105-FC,hupnakolo,ok,Shimano 105 FC-R7100 | Silniční kliky 2x12 | 50-34 zubů,https://www.hupnakolo.cz/shimano-kliky-105-fc-r7100-integr-klika-2x12-cerna-bez-bb-misek-bal/,2665.0,CZK,108.96,90.05,0.21,in_stock,meta,
2026-10-02,2026-10-02T10:21:02Z,SH-105-CS,hupnakolo,not_found,,,,,,,0.21,unknown,,
2026-10-02,2026-10-02T10:21:02Z,SH-105-CS2,hupnakolo,not_found,,,,,,,0.21,unknown,,
2026-10-02,2026-10-02T10:21:02Z,SH-105-CN,hupnakolo,ok,"SHIMANO SLX CN-M7100 12 rychlostní řetěz, 116 článků, baleno v sáčků - Hupnakolo",https://www.hupnakolo.cz/shimano-retez-slx-cn-m7100-12rychl-116cl--s-rychlospojkou-box-20-ks/,429.0,CZK,17.54,14.5,0.21,in_stock,meta,
2026-10-02,2026-10-02T10:21:02Z,SH-105-SET,hupnakolo,not_found,,,,,,,0.21,unknown,,
2026-10-02,2026-10-02T10:21:02Z,SH-ULT-STBR,hupnakolo,ok,Shimano Ultegra Di2 ST R8170 BR R8170 prava 12s brzda,https://www.hupnakolo.cz/shimano-kot-brzd-set-ultegra-br-r8170-st-r8170-zadprava-j-kit-di2-bez-adapt-polymer-chl-bh90170c/,6988.0,CZK,285.7,236.12,0.21,in_stock,meta,
2026-10-02,2026-10-02T10:21:02Z,SH-ULT-RD,hupnakolo,not_found,,,,,,,0.21,unknown,,
2026-10-02,2026-10-02T10:21:02Z,SH-ULT-FD,hupnakolo,not_found,,,,,,,0.21,unknown,,
2026-10-02,2026-10-02T10:21:02Z,SH-ULT-FC,hupnakolo,not_found,,,,,,,0.21,unknown,,
2026-10-02,2026-10-02T10:21:02Z,SH-ULT-FC-PM,hupnakolo,implausible,Adaptér přední brzdy IS-PM 203 mm - Hupnakolo,https://www.hupnakolo.cz/adapter-predni-brzdy-is-pm-203-mm/,63.0,CZK,2.58,2.13,0.21,in_stock,meta,ověřit variantu; vyřazeno: -87.9 % vs medián ostatních shopů 431 Kč – nejspíš jiný sortiment
2026-10-02,2026-10-02T10:21:02Z,SH-ULT-CS,hupnakolo,not_found,,,,,,,0.21,unknown,,
2026-10-02,2026-10-02T10:21:02Z,SH-ULT-CN,hupnakolo,not_found,,,,,,,0.21,unknown,,
2026-10-02,2026-10-02T10:21:02Z,SH-ULT-SET,hupnakolo,not_found,,,,,,,0.21,unknown,,
2026-10-02,2026-10-02T10:21:02Z,SH-ULT-SET-PM,hupnakolo,not_found,,,,,,,0.21,unknown,,
2026-10-02,2026-10-02T10:21:02Z,SH-DA-STBR,hupnakolo,not_found,,,,,,,0.21,unknown,,
2026-10-02,2026-10-02T10:21:02Z,SH-DA-RD,hupnakolo,ok,Shimano Dura Ace RD R9250 Di2 přehazovačka 12s Shadow+,https://www.hupnakolo.cz/shimano-prehazovacka-dura-ace-di2-rd-r9250-12-rychl--bal/,11787.0,CZK,481.91,398.27,0.21,in_stock,meta,
2026-10-02,2026-10-02T10:21:02Z,SH-DA-FD,hupnakolo,not_found,,,,,,,0.21,unknown,,
2026-10-02,2026-10-02T10:21:02Z,SH-DA-FC,hupnakolo,ok,Shimano Dura-Ace FC-R9200 – kliková sada 2×12,https://www.hupnakolo.cz/shimano-kliky-dura-ace-fc-r9200-integr-klika-2x12-175-mm-52x36z-bez-bb-misek/,8915.0,CZK,364.49,301.23,0.21,in_stock,meta,ověřit variantu
2026-10-02,2026-10-02T10:21:02Z,SH-DA-FC-PM,hupnakolo,ok,"Shimano DURA-ACE FC-R9200-P Powermeter kliky | 2x12, 175 mm, wattmetr",https://www.hupnakolo.cz/shimano-kliky-dura-ace-fc-r9200-p-integr-klika-2x12-175-mm-bez-prev--bez-bb-misek-pro-mer-vyk-bal/,21798.0,CZK,891.21,736.53,0.21,in_stock,meta,ověřit variantu
2026-10-02,2026-10-02T10:21:02Z,SH-DA-CS,hupnakolo,ok,"SHIMANO CS-R9200 Dura-Ace 12-kazeta 11-30 zubů, v krabičce - Hupnakolo",https://www.hupnakolo.cz/shimano-cs-r9200-dura-ace-12-kazeta-11-30-zubu--v-krabicce/?parameterValueId=9618,5163.0,CZK,211.09,174.45,0.21,in_stock,meta,
2026-10-02,2026-10-02T10:21:02Z,SH-DA-CN,hupnakolo,ok,Řetěz SHIMANO XTR CN-M9100 - 12 rychlostí - Hupnakolo,https://www.hupnakolo.cz/shimano-xtr-cn-m9100/,1049.0,CZK,42.89,35.44,0.21,in_stock,meta,
2026-10-02,2026-10-02T10:21:02Z,SH-DA-SET,hupnakolo,not_found,,,,,,,0.21,unknown,,
2026-10-02,2026-10-02T10:21:02Z,SH-DA-SET-PM,hupnakolo,not_found,,,,,,,0.21,unknown,,
2026-10-02,2026-10-02T10:21:02Z,SH-X-BT-DN300,hupnakolo,not_found,,,,,,,0.21,unknown,,
2026-10-02,2026-10-02T10:21:02Z,SH-X-EW-EC300,hupnakolo,not_found,,,,,,,0.21,unknown,,
2026-10-02,2026-10-02T10:21:02Z,SH-X-RT-CL800,hupnakolo,ok,Shimano RT-CL800 160 mm – Ultegra brzdový kotouč Ice Tech FREEZA,https://www.hupnakolo.cz/brzdovy-kotouc-shimano-rt-cl800-160mm-center-lock--ice-technologies--v-krabicce/,920.0,CZK,37.61,31.09,0.21,in_stock,meta,ověřit variantu
2026-10-02,2026-10-02T10:21:02Z,SH-X-RT-CL900,hupnakolo,ok,SHIMANO brzd kotouč -ostatní RT-CL900 center lock 160 mm pro Ice tech + lock ring (interní) - Hupnakolo,https://www.hupnakolo.cz/shimano-brzd-kotouc-ostatni-rt-cl900-center-lock-160-mm-pro-ice-tech-lock-ring--interni-/,1188.0,CZK,48.57,40.14,0.21,in_stock,meta,
2026-10-02,2026-10-02T10:21:02Z,SR-RED-SET,hupnakolo,not_found,,,,,,,0.21,unknown,,
2026-10-02,2026-10-02T10:21:02Z,SR-RED-SET-PM,hupnakolo,not_found,,,,,,,0.21,unknown,,
2026-10-02,2026-10-02T10:21:02Z,SR-FORCE-SET,hupnakolo,ok,SRAM Force AXS E2 2×12 – bezdrátová silniční sada,https://www.hupnakolo.cz/00-7918-418-000-sram-force-axs-groupset-2--12-e2---bezdratova-silnicni-sada/,33371.0,CZK,1364.36,1127.57,0.21,in_stock,meta,ověřit variantu
2026-10-02,2026-10-02T10:21:02Z,SR-FORCE-SET-PM,hupnakolo,not_found,,,,,,,0.21,unknown,,
2026-10-02,2026-10-02T10:21:02Z,SR-RIVAL-SET,hupnakolo,not_found,,,,,,,0.21,unknown,,
2026-10-02,2026-10-02T10:21:02Z,SR-RIVAL-SET-PM,hupnakolo,not_found,,,,,,,0.21,unknown,,
2026-10-02,2026-10-02T10:21:02Z,SR-FORCE-D2-SET,hupnakolo,ok,SRAM Force AXS E2 2×12 – bezdrátová silniční sada,https://www.hupnakolo.cz/00-7918-418-000-sram-force-axs-groupset-2--12-e2---bezdratova-silnicni-sada/,33371.0,CZK,1364.36,1127.57,0.21,in_stock,meta,ověřit variantu
2026-10-02,2026-10-02T10:21:02Z,SR-RIVAL-D1-SET,hupnakolo,not_found,,,,,,,0.21,unknown,,
2026-10-02,2026-10-02T10:21:02Z,SR-RED-D1-SET,hupnakolo,not_found,,,,,,,0.21,unknown,,
2026-10-02,2026-10-02T10:21:02Z,SH-105-STBR,kupkolo,ok,"Řadicí a brzdová páka Shimano 105 Di2, ST-R7170, 2x12",https://www.kupkolo.cz/radici-a-brzdova-paka-shimano-105-di2-st-r7170-2x12_z119215/,4590.0,CZK,187.66,155.09,0.21,in_stock,jsonld,ověřit variantu
2026-10-02,2026-10-02T10:21:02Z,SH-105-RD,kupkolo,ok,"Přehazovačka Shimano 105 Di2, RD-R7150, 12s",https://www.kupkolo.cz/prehazovacka-shimano-105-di2-rd-r7150-12s_z119220/,3990.0,CZK,163.13,134.82,0.21,in_stock,jsonld,
2026-10-02,2026-10-02T10:21:02Z,SH-105-FD,kupkolo,ok,"Přesmykač Shimano 105, FD-R7150, 2x12 Di2",https://www.kupkolo.cz/presmykac-shimano-105-fd-r7150-2x12-di2_z123245/,2590.0,CZK,105.89,87.51,0.21,in_stock,jsonld,
2026-10-02,2026-10-02T10:21:02Z,SH-105-FC,kupkolo,ok,"Kliky Shimano 105, FC-R7100, 2x12s",https://www.kupkolo.cz/kliky-shimano-105-fc-r7100-2x12s_z119207/,2790.0,CZK,114.07,94.27,0.21,in_stock,jsonld,ověřit variantu
2026-10-02,2026-10-02T10:21:02Z,SH-105-CS,kupkolo,not_found,,,,,,,0.21,unknown,,
2026-10-02,2026-10-02T10:21:02Z,SH-105-CS2,kupkolo,not_found,,,,,,,0.21,unknown,,
2026-10-02,2026-10-02T10:21:02Z,SH-105-CN,kupkolo,not_found,,,,,,,0.21,unknown,,
2026-10-02,2026-10-02T10:21:02Z,SH-105-SET,kupkolo,not_found,,,,,,,0.21,unknown,,
2026-10-02,2026-10-02T10:21:02Z,SH-ULT-STBR,kupkolo,ok,"Řadicí a brzdová páka Shimano Ultegra Di2 2x12s, ST-R8170 + třmen BR-R8170",https://www.kupkolo.cz/radici-a-brzdova-paka-shimano-ultegra-di2-2x12s-st-r8170-trmen-br-r8170_z122996/,6990.0,CZK,285.78,236.19,0.21,in_stock,jsonld,
2026-10-02,2026-10-02T10:21:02Z,SH-ULT-RD,kupkolo,ok,"Přehazovačka Shimano Ultegra, RD-R8150, 12s Di2",https://www.kupkolo.cz/prehazovacka-shimano-ultegra-rd-r8150-12s-di2_z116563/,8990.0,CZK,367.55,303.76,0.21,in_stock,jsonld,
2026-10-02,2026-10-02T10:21:02Z,SH-ULT-FD,kupkolo,ok,"Přesmykač Shimano Ultegra, FD-R8150, 2x12 Di2",https://www.kupkolo.cz/presmykac-shimano-ultegra-fd-r8150-2x12-di2_z116564/,4499.0,CZK,183.94,152.02,0.21,in_stock,jsonld,
2026-10-02,2026-10-02T10:21:02Z,SH-ULT-FC,kupkolo,ok,"Kliky Shimano Ultegra, FC-R8100",https://www.kupkolo.cz/kliky-shimano-ultegra-fc-r8100_z116228/,4379.0,CZK,179.03,147.96,0.21,in_stock,jsonld,ověřit variantu
2026-10-02,2026-10-02T10:21:02Z,SH-ULT-FC-PM,kupkolo,implausible,"Přední adaptér kot. brzdy a2z, PM/PM-180 F180",https://www.kupkolo.cz/predni-adapter-kot-brzdy-a2z-pm-pm-180-f180_z3923/,149.0,CZK,6.09,5.03,0.21,in_stock,jsonld,ověřit variantu; vyřazeno: -71.5 % vs medián ostatních shopů 431 Kč – nejspíš jiný sortiment
2026-10-02,2026-10-02T10:21:02Z,SH-ULT-CS,kupkolo,not_found,,,,,,,0.21,unknown,,
2026-10-02,2026-10-02T10:21:02Z,SH-ULT-CN,kupkolo,not_found,,,,,,,0.21,unknown,,
2026-10-02,2026-10-02T10:21:02Z,SH-ULT-SET,kupkolo,not_found,,,,,,,0.21,unknown,,
2026-10-02,2026-10-02T10:21:02Z,SH-ULT-SET-PM,kupkolo,not_found,,,,,,,0.21,unknown,,
2026-10-02,2026-10-02T10:21:02Z,SH-DA-STBR,kupkolo,implausible,"Řadicí a brzdová páka Shimano Dura-Ace Di2, ST-R9270 + třmen BR-R9270",https://www.kupkolo.cz/radici-a-brzdova-paka-shimano-dura-ace-di2-st-r9270-trmen-br-r9270_z123165/,9279.0,CZK,379.37,313.53,0.21,in_stock,jsonld,vyřazeno: -52.1 % vs medián ostatních shopů 16011 Kč – nejspíš jiný sortiment
2026-10-02,2026-10-02T10:21:02Z,SH-DA-RD,kupkolo,implausible,SHIMANO vnější vodítko (včetně šroubu) pro RD-R9250,https://www.kupkolo.cz/shimano-vnejsi-voditko-vcetne-sroubu-pro-rd-r9250_z138318/,349.0,CZK,14.27,11.79,0.21,in_stock,jsonld,vyřazeno: -97.5 % vs medián ostatních shopů 11500 Kč – nejspíš jiný sortiment
2026-10-02,2026-10-02T10:21:02Z,SH-DA-FD,kupkolo,ok,"Přesmykač Shimano Dura-Ace, FD-R9250, 2x12 Di2",https://www.kupkolo.cz/presmykac-shimano-dura-ace-fd-r9250-2x12-di2_z116539/,6379.0,CZK,260.8,215.54,0.21,preorder,jsonld,
2026-10-02,2026-10-02T10:21:02Z,SH-DA-FC,kupkolo,ok,"Kliky Shimano Dura Ace, FC-R9200",https://www.kupkolo.cz/kliky-shimano-dura-ace-fc-r9200_z116149/,9590.0,CZK,392.08,324.04,0.21,in_stock,jsonld,ověřit variantu
2026-10-02,2026-10-02T10:21:02Z,SH-DA-FC-PM,kupkolo,implausible,"Přední adaptér kot. brzdy a2z, PM/PM-180 F180",https://www.kupkolo.cz/predni-adapter-kot-brzdy-a2z-pm-pm-180-f180_z3923/,149.0,CZK,6.09,5.03,0.21,in_stock,jsonld,ověřit variantu; vyřazeno: -71.5 % vs medián ostatních shopů 431 Kč – nejspíš jiný sortiment
2026-10-02,2026-10-02T10:21:02Z,SH-DA-CS,kupkolo,ok,"Kazeta silniční Shimano Dura Ace, CS-R9200 - 12s",https://www.kupkolo.cz/kazeta-silnicni-shimano-dura-ace-cs-r9200-12s_z114733/,4879.0,CZK,199.48,164.86,0.21,in_stock,jsonld,ověřit variantu
2026-10-02,2026-10-02T10:21:02Z,SH-DA-CN,kupkolo,not_found,,,,,,,0.21,unknown,,
2026-10-02,2026-10-02T10:21:02Z,SH-DA-SET,kupkolo,not_found,,,,,,,0.21,unknown,,
2026-10-02,2026-10-02T10:21:02Z,SH-DA-SET-PM,kupkolo,not_found,,,,,,,0.21,unknown,,
2026-10-02,2026-10-02T10:21:02Z,SH-X-BT-DN300,kupkolo,ok,SHIMANO baterie Di2 / BT-DN300,https://www.kupkolo.cz/shimano-baterie-di2-bt-dn300_z116543/,2790.0,CZK,114.07,94.27,0.21,in_stock,jsonld,
2026-10-02,2026-10-02T10:21:02Z,SH-X-EW-EC300,kupkolo,ok,"Shimano EW-EC300 nabíjecí konektor Di2/powermetr, 12s",https://www.kupkolo.cz/shimano-ew-ec300-nabijeci-konektor-di2-powermetr-12s_z116542/,890.0,CZK,36.39,30.07,0.21,in_stock,jsonld,
2026-10-02,2026-10-02T10:21:02Z,SH-X-RT-CL800,kupkolo,not_found,,,,,,,0.21,unknown,,
2026-10-02,2026-10-02T10:21:02Z,SH-X-RT-CL900,kupkolo,not_found,,,,,,,0.21,unknown,,
2026-10-02,2026-10-02T10:21:02Z,SR-RED-SET,kupkolo,not_found,,,,,,,0.21,unknown,,
2026-10-02,2026-10-02T10:21:02Z,SR-RED-SET-PM,kupkolo,not_found,,,,,,,0.21,unknown,,
2026-10-02,2026-10-02T10:21:02Z,SR-FORCE-SET,kupkolo,not_found,,,,,,,0.21,unknown,,
2026-10-02,2026-10-02T10:21:02Z,SR-FORCE-SET-PM,kupkolo,not_found,,,,,,,0.21,unknown,,
2026-10-02,2026-10-02T10:21:02Z,SR-RIVAL-SET,kupkolo,not_found,,,,,,,0.21,unknown,,
2026-10-02,2026-10-02T10:21:02Z,SR-RIVAL-SET-PM,kupkolo,not_found,,,,,,,0.21,unknown,,
2026-10-02,2026-10-02T10:21:02Z,SR-FORCE-D2-SET,kupkolo,not_found,,,,,,,0.21,unknown,,
2026-10-02,2026-10-02T10:21:02Z,SR-RIVAL-D1-SET,kupkolo,not_found,,,,,,,0.21,unknown,,
2026-10-02,2026-10-02T10:21:02Z,SR-RED-D1-SET,kupkolo,not_found,,,,,,,0.21,unknown,,
2026-10-03,2026-10-03T09:43:09Z,SH-105-STBR,starbike,ok,Shimano 105 Di2 ST-R7170 shift- and brake dual control lever,https://www.starbike.com/en/shimano-105-di2-st-r7170-shift-and-brake-dual-control-lever/,203.89,EUR,203.89,171.34,0.19,in_stock,jsonld,ověřit variantu
2026-10-03,2026-10-03T09:43:09Z,SH-105-RD,starbike,not_found,,,,,,,0.19,unknown,,
2026-10-03,2026-10-03T09:43:09Z,SH-105-FD,starbike,ok,Shimano 105 Di2 FD-R7150-F front derailleur braze-on,https://www.starbike.com/en/shimano-105-di2-fd-r7150-f-front-derailleur-braze-on/,112.9,EUR,112.9,94.87,0.19,in_stock,jsonld,
2026-10-03,2026-10-03T09:43:09Z,SH-105-FC,starbike,ok,Shimano 105 FC-R7100 crankset 12-speed Hollowtech black,https://www.starbike.com/en/shimano-105-fc-r7100-crankset-12-speed-hollowtech-black/,137.9,EUR,137.9,115.88,0.19,in_stock,jsonld,ověřit variantu
2026-10-03,2026-10-03T09:43:09Z,SH-105-CS,starbike,not_found,,,,,,,0.19,unknown,,
2026-10-03,2026-10-03T09:43:09Z,SH-105-CS2,starbike,not_found,,,,,,,0.19,unknown,,
2026-10-03,2026-10-03T09:43:09Z,SH-105-CN,starbike,ok,Shimano CN-M7100 12-speed chain,https://www.starbike.com/en/shimano-cn-m7100-12-speed-chain/,18.3,EUR,18.3,15.38,0.19,in_stock,jsonld,
2026-10-03,2026-10-03T09:43:09Z,SH-105-SET,starbike,ok,Shimano 105 Di2 R7170 2x12-speed Flatmount groupset electric,https://www.starbike.com/en/shimano-105-di2-r7170-2x12-speed-flatmount-groupset-electric/,1112.9,EUR,1112.9,935.21,0.19,in_stock,jsonld,
2026-10-03,2026-10-03T09:43:09Z,SH-ULT-STBR,starbike,ok,Shimano BR-R8170/ST-R8170 disc brake I-Spec EV excl. adaptor Resin,https://www.starbike.com/en/shimano-br-r8170-st-r8170-disc-brake-i-spec-ev-excl.-adaptor-resin/,368.9,EUR,368.9,310.0,0.19,in_stock,jsonld,
2026-10-03,2026-10-03T09:43:09Z,SH-ULT-RD,starbike,ok,Shimano Ultegra RD-R8150 Di2 12-speed rear derailleur black,https://www.starbike.com/en/shimano-ultegra-rd-r8150-di2-12-speed-rear-derailleur-black/,334.9,EUR,334.9,281.43,0.19,in_stock,jsonld,
2026-10-03,2026-10-03T09:43:09Z,SH-ULT-FD,starbike,ok,Shimano Ultegra FD-R8150 Di2 front derailleur 2/12-speed braze-on 50-54T,https://www.starbike.com/en/shimano-ultegra-fd-r8150-di2-front-derailleur-212-speed-braze-on-50-54t/,185.9,EUR,185.9,156.22,0.19,in_stock,jsonld,
2026-10-03,2026-10-03T09:43:09Z,SH-ULT-FC,starbike,ok,Shimano Ultegra FC-R8100 crankset 12-speed Hollowtech anthracite,https://www.starbike.com/en/shimano-ultegra-fc-r8100-crankset-12-speed-hollowtech-anthracite/,203.89,EUR,203.89,171.34,0.19,in_stock,jsonld,ověřit variantu
2026-10-03,2026-10-03T09:43:09Z,SH-ULT-FC-PM,starbike,ok,Shimano Ultegra FC-R8100-P 2x12-speed powermeter crankset,https://www.starbike.com/en/shimano-ultegra-fc-r8100-p-2x12-speed-powermeter-crankset/,859.91,EUR,859.91,722.61,0.19,in_stock,jsonld,ověřit variantu
2026-10-03,2026-10-03T09:43:09Z,SH-ULT-CS,starbike,not_found,,,,,,,0.19,unknown,,
2026-10-03,2026-10-03T09:43:09Z,SH-ULT-CN,starbike,ok,Shimano XT CN-M8100 12-speed chain,https://www.starbike.com/en/shimano-xt-cn-m8100-12-speed-chain/,30.9,EUR,30.9,25.97,0.19,in_stock,jsonld,
2026-10-03,2026-10-03T09:43:09Z,SH-ULT-SET,starbike,ok,Shimano Ultegra Di2 R8100 2x12-speed Flatmount groupset electric,https://www.starbike.com/en/shimano-ultegra-di2-r8100-2x12-speed-flatmount-groupset-electric/,1507.9,EUR,1507.9,1267.14,0.19,in_stock,jsonld,
2026-10-03,2026-10-03T09:43:09Z,SH-ULT-SET-PM,starbike,ok,Shimano Ultegra Di2 R8100 2x12-speed Powermeter Flatmount groupset electric,https://www.starbike.com/en/shimano-ultegra-di2-r8100-2x12-speed-powermeter-flatmount-groupset-electric/,2159.9,EUR,2159.9,1815.04,0.19,in_stock,jsonld,
2026-10-03,2026-10-03T09:43:09Z,SH-DA-STBR,starbike,ok,Shimano Dura-Ace BR-R9270 Hydraulic Disc Brake / ST-R9270 Di2 STI Shift/Brake Lever,https://www.starbike.com/en/shimano-dura-ace-st-r9270-di2-12-speed-sti-shift-and-brake-lever-hydraulic/,511.9,EUR,511.9,430.17,0.19,in_stock,jsonld,
2026-10-03,2026-10-03T09:43:09Z,SH-DA-RD,starbike,ok,Shimano Dura-Ace Di2 RD-R9250 rear derailleur 12-speed black,https://www.starbike.com/en/shimano-dura-ace-di2-rd-r9250-rear-derailleur-12-speed-black/,694.9,EUR,694.9,583.95,0.19,in_stock,jsonld,
2026-10-03,2026-10-03T09:43:09Z,SH-DA-FD,starbike,ok,Shimano Dura-Ace Di2 FD-R9250 front derailleur 2-speed anl&ouml;t 46-55T for 12-speed,https://www.starbike.com/en/shimano-dura-ace-di2-fd-r9250-front-derailleur-2-speed-anloet-46-55t-for-12-speed/,341.9,EUR,341.9,287.31,0.19,in_stock,jsonld,
2026-10-03,2026-10-03T09:43:09Z,SH-DA-FC,starbike,ok,Shimano Dura-Ace FC-R9200 crankset black 12-speed HT2,https://www.starbike.com/en/shimano-dura-ace-fc-r9200-crankset-black-12-speed-ht2/,473.91,EUR,473.91,398.24,0.19,in_stock,jsonld,ověřit variantu
2026-10-03,2026-10-03T09:43:09Z,SH-DA-FC-PM,starbike,ok,Shimano Dura-Ace FC-R9200-P 2x12-speed powermeter crankset,https://www.starbike.com/en/shimano-dura-ace-fc-r9200-p-2x12-speed-powermeter-crankset/,1088.9,EUR,1088.9,915.04,0.19,in_stock,jsonld,ověřit variantu
2026-10-03,2026-10-03T09:43:09Z,SH-DA-CS,starbike,ok,Shimano Dura-Ace CS-R9200 cassette 12-speed,https://www.starbike.com/en/shimano-dura-ace-cs-r9200-cassette-12-speed/,271.9,EUR,271.9,228.49,0.19,in_stock,jsonld,ověřit variantu
2026-10-03,2026-10-03T09:43:09Z,SH-DA-CN,starbike,ok,Shimano XTR CN-M9100 chain 12-speed for E-MTB,https://www.starbike.com/en/shimano-xtr-cn-9100-chain/,37.65,EUR,37.65,31.64,0.19,in_stock,jsonld,
2026-10-03,2026-10-03T09:43:09Z,SH-DA-SET,starbike,ok,Shimano Dura-Ace Di2 R9200 12-speed Flatmount groupset electric,https://www.starbike.com/en/shimano-dura-ace-di2-r9200-12-speed-flatmount-groupset-electric/,2615.91,EUR,2615.91,2198.24,0.19,in_stock,jsonld,
2026-10-03,2026-10-03T09:43:09Z,SH-DA-SET-PM,starbike,not_found,,,,,,,0.19,unknown,,
2026-10-03,2026-10-03T09:43:09Z,SH-X-BT-DN300,starbike,ok,Shimano BT-DN300 Di2 battery for seatpost/fork,https://www.starbike.com/en/shimano-bt-dn300-di2-battery-for-seatpostfork/,150.9,EUR,150.9,126.81,0.19,in_stock,jsonld,
2026-10-03,2026-10-03T09:43:09Z,SH-X-EW-EC300,starbike,ok,Shimano EW-EC300 Di2 battery charging cable 1.5m USB black,https://www.starbike.com/en/shimano-ew-ec300-di2-battery-charging-cable-15m-usb-black/,42.9,EUR,42.9,36.05,0.19,in_stock,jsonld,
2026-10-03,2026-10-03T09:43:09Z,SH-X-RT-CL800,starbike,ok,Shimano RT-CL800 Centerlock disc rotor with lock ring with magnet 160mm,https://www.starbike.com/en/shimano-rt-cl800-centerlock-disc-rotor-with-lock-ring-with-magnet-160mm/,53.9,EUR,53.9,45.29,0.19,in_stock,jsonld,
2026-10-03,2026-10-03T09:43:09Z,SH-X-RT-CL900,starbike,ok,Shimano RT-CL900 Centerlock disc rotor with lock ring with magnet 160mm,https://www.starbike.com/en/shimano-rt-cl900-centerlock-disc-rotor-with-lock-ring-with-magnet-160mm/,67.9,EUR,67.9,57.06,0.19,in_stock,jsonld,
2026-10-03,2026-10-03T09:43:09Z,SR-RED-SET,starbike,ok,SRAM RED AXS Kit 2-speed hydraulic 36T rear derailleur incl. 160mm disc Flatmount Hammerhead (excl. crankset),https://www.starbike.com/en/sram-red-axs-kit-2-speed-hydraulic-36t-rear-derailleur-incl.-160mm-disc-flatmount-hammerhead-excl.-crankset/,2721.9,EUR,2721.9,2287.31,0.19,preorder,jsonld,
2026-10-03,2026-10-03T09:43:09Z,SR-RED-SET-PM,starbike,not_found,,,,,,,0.19,unknown,,
2026-10-03,2026-10-03T09:43:09Z,SR-FORCE-SET,starbike,ok,SRAM Force AXS 2-speed groupset hydraulic without crank 36T rear derailleur disc flatmount incl. 160mm brake rotor,https://www.starbike.com/en/sram-force-axs-2-speed-groupset-hydraulic-without-crank-36t-rear-derailleur-disc-flatmount-incl-160mm-brake-rotor/,1297.9,EUR,1297.9,1090.67,0.19,in_stock,jsonld,
2026-10-03,2026-10-03T09:43:09Z,SR-FORCE-SET-PM,starbike,not_found,,,,,,,0.19,unknown,,
2026-10-03,2026-10-03T09:43:09Z,SR-RIVAL-SET,starbike,not_found,,,,,,,0.19,unknown,,
2026-10-03,2026-10-03T09:43:09Z,SR-RIVAL-SET-PM,starbike,not_found,,,,,,,0.19,unknown,,
2026-10-03,2026-10-03T09:43:09Z,SR-FORCE-D2-SET,starbike,ok,SRAM Force AXS 2-speed groupset hydraulic without crank 36T rear derailleur disc flatmount incl. 160mm brake rotor,https://www.starbike.com/en/sram-force-axs-2-speed-groupset-hydraulic-without-crank-36t-rear-derailleur-disc-flatmount-incl-160mm-brake-rotor/,1297.9,EUR,1297.9,1090.67,0.19,in_stock,jsonld,ověřit variantu
2026-10-03,2026-10-03T09:43:09Z,SR-RIVAL-D1-SET,starbike,ok,SRAM Rival Mullet eTap AXS 1/12-speed Road Wide groupset disc,https://www.starbike.com/en/sram-rival-mullet-etap-axs-1-12-speed-road-wide-groupset-disc/,1305.43,EUR,1305.43,1097.0,0.19,preorder,jsonld,ověřit variantu
2026-10-03,2026-10-03T09:43:09Z,SR-RED-D1-SET,starbike,not_found,,,,,,,0.19,unknown,,
2026-10-03,2026-10-03T09:43:09Z,SH-105-STBR,bike-components,ok,105 Front+Rear Set Disc Brake BR-R7170 + Di2 ST-R7170,https://www.bike-components.de/en/Shimano/105-Front-Rear-Set-Disc-Brake-BR-R7170-Di2-ST-R7170-p88625/,299.0,EUR,299.0,251.26,0.19,out,jsonld,vyprodáno
2026-10-03,2026-10-03T09:43:09Z,SH-105-RD,bike-components,ok,105 Di2 Rear Derailleur Shadow RD-R7150 12-speed,https://www.bike-components.de/en/Shimano/105-Di2-Rear-Derailleur-Shadow-RD-R7150-12-speed-p88619/,149.99,EUR,149.99,126.04,0.19,in_stock,jsonld,
2026-10-03,2026-10-03T09:43:09Z,SH-105-FD,bike-components,ok,105 Di2 Umwerfer FD-R7150 2-/12-fach,https://www.bike-components.de/de/Shimano/105-Di2-Umwerfer-FD-R7150-2-12-fach-p88620/,76.99,EUR,76.99,64.7,0.19,out,jsonld,vyprodáno
2026-10-03,2026-10-03T09:43:09Z,SH-105-FC,bike-components,ok,105 FC-R7100 Hollowtech II Crankset,https://www.bike-components.de/en/Shimano/105-FC-R7100-Hollowtech-II-Crankset-p88622/,114.99,EUR,114.99,96.63,0.19,in_stock,jsonld,ověřit variantu
2026-10-03,2026-10-03T09:43:09Z,SH-105-CS,bike-components,not_found,,,,,,,0.19,unknown,,
2026-10-03,2026-10-03T09:43:09Z,SH-105-CS2,bike-components,ok,CS-HG710-12 12-speed Cassette,https://www.bike-components.de/en/Shimano/CS-HG710-12-12-speed-Cassette-p88624/,54.99,EUR,54.99,46.21,0.19,in_stock,jsonld,ověřit variantu
2026-10-03,2026-10-03T09:43:09Z,SH-105-CN,bike-components,ok,SLX / 105 / E-Bike Quick-Link Chain CN-M7100 12-speed,https://www.bike-components.de/en/Shimano/SLX-105-E-Bike-Quick-Link-Chain-CN-M7100-12-speed-p71462/,18.99,EUR,18.99,15.96,0.19,in_stock,jsonld,
2026-10-03,2026-10-03T09:43:09Z,SH-105-SET,bike-components,ok,105 Di2 R7150 Gruppe 2x12 34-50,https://www.bike-components.de/de/Shimano/105-Di2-R7150-Gruppe-2x12-34-50-p88663/,999.0,EUR,999.0,839.5,0.19,out,jsonld,vyprodáno
2026-10-03,2026-10-03T09:43:09Z,SH-ULT-STBR,bike-components,ok,Ultegra Front+Rear Set Disc Brake BR-R8170 + Di2 ST-R8170,https://www.bike-components.de/en/Shimano/Ultegra-Front-Rear-Set-Disc-Brake-BR-R8170-Di2-ST-R8170-p84490/,509.0,EUR,509.0,427.73,0.19,out,jsonld,vyprodáno
2026-10-03,2026-10-03T09:43:09Z,SH-ULT-RD,bike-components,ok,Ultegra Di2 Rear Derailleur Shadow RD-R8150 12-speed,https://www.bike-components.de/en/Shimano/Ultegra-Di2-Rear-Derailleur-Shadow-RD-R8150-12-speed-p212608/,250.0,EUR,250.0,210.08,0.19,backorder,jsonld,
2026-10-03,2026-10-03T09:43:09Z,SH-ULT-FD,bike-components,ok,Ultegra Di2 FD-R8150 2-/12-speed Front Derailleur,https://www.bike-components.de/en/Shimano/Ultegra-Di2-FD-R8150-2-12-speed-Front-Derailleur-p84391/,149.99,EUR,149.99,126.04,0.19,backorder,jsonld,
2026-10-03,2026-10-03T09:43:09Z,SH-ULT-FC,bike-components,ok,Ultegra FC-R8100 Hollowtech II Crankset,https://www.bike-components.de/en/Shimano/Ultegra-FC-R8100-Hollowtech-II-Crankset-p84397/,183.99,EUR,183.99,154.61,0.19,in_stock,jsonld,ověřit variantu
2026-10-03,2026-10-03T09:43:09Z,SH-ULT-FC-PM,bike-components,ok,Ultegra Powermeter Crankset FC-R8100-P Hollowtech II,https://www.bike-components.de/en/Shimano/Ultegra-Powermeter-Crankset-FC-R8100-P-Hollowtech-II-p212607/,889.0,EUR,889.0,747.06,0.19,in_stock,jsonld,ověřit variantu
2026-10-03,2026-10-03T09:43:09Z,SH-ULT-CS,bike-components,ok,Ultegra Cassette CS-R8100 + Chain CN-M8101 12-speed Wear Set,https://www.bike-components.de/en/Shimano/Ultegra-Cassette-CS-R8100-Chain-CN-M8101-12-speed-Wear-Set-p213611/,129.99,EUR,129.99,109.24,0.19,in_stock,jsonld,ověřit variantu
2026-10-03,2026-10-03T09:43:09Z,SH-ULT-CN,bike-components,ok,XT / Ultegra / E-Bike Quick-Link Chain CN-M8100 12-speed,https://www.bike-components.de/en/Shimano/XT-Ultegra-E-Bike-Quick-Link-Chain-CN-M8100-12-speed-p71475/,27.99,EUR,27.99,23.52,0.19,in_stock,jsonld,
2026-10-03,2026-10-03T09:43:09Z,SH-ULT-SET,bike-components,ok,Ultegra Di2 R8150 Groupset 2x12,https://www.bike-components.de/en/Shimano/Ultegra-Di2-R8150-Groupset-2x12-p221432/,1460.0,EUR,1460.0,1226.89,0.19,in_stock,jsonld,
2026-10-03,2026-10-03T09:43:09Z,SH-ULT-SET-PM,bike-components,not_found,,,,,,,0.19,unknown,,
2026-10-03,2026-10-03T09:43:09Z,SH-DA-STBR,bike-components,ok,Dura-Ace Front+Rear Set Disc Brake BR-R9270 + Di2 ST-R9270,https://www.bike-components.de/en/Shimano/Dura-Ace-Front-Rear-Set-Disc-Brake-BR-R9270-Di2-ST-R9270-p84487/,779.0,EUR,779.0,654.62,0.19,out,jsonld,vyprodáno
2026-10-03,2026-10-03T09:43:09Z,SH-DA-RD,bike-components,ok,Dura-Ace Di2 Rear Derailleur Shadow RD-R9250 12-speed,https://www.bike-components.de/en/Shimano/Dura-Ace-Di2-Rear-Derailleur-Shadow-RD-R9250-12-speed-p212606/,589.0,EUR,589.0,494.96,0.19,in_stock,jsonld,
2026-10-03,2026-10-03T09:43:09Z,SH-DA-FD,bike-components,ok,Dura-Ace Di2 FD-R9250 2-/12-speed Front Derailleur,https://www.bike-components.de/en/Shimano/Dura-Ace-Di2-FD-R9250-2-12-speed-Front-Derailleur-p84376/,289.0,EUR,289.0,242.86,0.19,in_stock,jsonld,
2026-10-03,2026-10-03T09:43:09Z,SH-DA-FC,bike-components,ok,Dura-Ace Hollowtech II FC-R9200 Crankset,https://www.bike-components.de/en/Shimano/Dura-Ace-Hollowtech-II-FC-R9200-Crankset-p84383/,249.0,EUR,249.0,209.24,0.19,in_stock,jsonld,ověřit variantu
2026-10-03,2026-10-03T09:43:09Z,SH-DA-FC-PM,bike-components,implausible,Magnet Set for FC-R9100-P / FC-R9200-P Power Meters,https://www.bike-components.de/en/Shimano/Magnet-Set-for-FC-R9100-P-FC-R9200-P-Power-Meters-p63981/,4.99,EUR,4.99,4.19,0.19,in_stock,jsonld,ověřit variantu; vyřazeno: -76.2 % vs medián ostatních shopů 432 Kč – nejspíš jiný sortiment
2026-10-03,2026-10-03T09:43:09Z,SH-DA-CS,bike-components,ok,Dura-Ace CS-R9200-12 12-speed Cassette,https://www.bike-components.de/en/Shimano/Dura-Ace-CS-R9200-12-12-speed-Cassette-p84382/,219.99,EUR,219.99,184.87,0.19,in_stock,jsonld,ověřit variantu
2026-10-03,2026-10-03T09:43:09Z,SH-DA-CN,bike-components,ok,XTR / Dura-Ace / E-bike Quick-Link CN-M9100 12-speed Chain,https://www.bike-components.de/en/Shimano/XTR-Dura-Ace-E-bike-Quick-Link-CN-M9100-12-speed-Chain-p62087/,42.99,EUR,42.99,36.13,0.19,in_stock,jsonld,
2026-10-03,2026-10-03T09:43:09Z,SH-DA-SET,bike-components,ok,Dura-Ace Di2 R9250 Groupset 2x12,https://www.bike-components.de/en/Shimano/Dura-Ace-Di2-R9250-Groupset-2x12-p221431/,2520.0,EUR,2520.0,2117.65,0.19,in_stock,jsonld,
2026-10-03,2026-10-03T09:43:09Z,SH-DA-SET-PM,bike-components,not_found,,,,,,,0.19,unknown,,
2026-10-03,2026-10-03T09:43:09Z,SH-X-BT-DN300,bike-components,implausible,USB Charging Cable EW-EC300 for BT-DN300 Di2/FC-R9200-P Power Meter,https://www.bike-components.de/en/Shimano/USB-Charging-Cable-EW-EC300-for-BT-DN300-Di2-FC-R9200-P-Power-Meter-p84426/,31.99,EUR,31.99,26.88,0.19,in_stock,jsonld,vyřazeno: -74.2 % vs medián ostatních shopů 2554 Kč – nejspíš jiný sortiment
2026-10-03,2026-10-03T09:43:09Z,SH-X-EW-EC300,bike-components,ok,USB Charging Cable EW-EC300 for BT-DN300 Di2/FC-R9200-P Power Meter,https://www.bike-components.de/en/Shimano/USB-Charging-Cable-EW-EC300-for-BT-DN300-Di2-FC-R9200-P-Power-Meter-p84426/,31.99,EUR,31.99,26.88,0.19,in_stock,jsonld,
2026-10-03,2026-10-03T09:43:09Z,SH-X-RT-CL800,bike-components,not_found,,,,,,,0.19,unknown,,
2026-10-03,2026-10-03T09:43:09Z,SH-X-RT-CL900,bike-components,not_found,,,,,,,0.19,unknown,,
2026-10-03,2026-10-03T09:43:09Z,SR-RED-SET,bike-components,ok,Red E1 AXS HRD FM Groupset 2x12-speed 37-50,https://www.bike-components.de/en/SRAM/Red-E1-AXS-HRD-FM-Groupset-2x12-speed-37-50-p94470/,2800.0,EUR,2800.0,2352.94,0.19,out,jsonld,vyprodáno
2026-10-03,2026-10-03T09:43:09Z,SR-RED-SET-PM,bike-components,ok,Red E1 AXS Power Meter HRD FM Groupset 2x12-speed 33-46,https://www.bike-components.de/en/SRAM/Red-E1-AXS-Power-Meter-HRD-FM-Groupset-2x12-speed-33-46-p94472/,3160.0,EUR,3160.0,2655.46,0.19,out,jsonld,vyprodáno
2026-10-03,2026-10-03T09:43:09Z,SR-FORCE-SET,bike-components,not_found,,,,,,,0.19,unknown,,
2026-10-03,2026-10-03T09:43:09Z,SR-FORCE-SET-PM,bike-components,ok,Force E1 AXS HRD FM Powermeter Gruppe 2x12-fach 33-46,https://www.bike-components.de/de/SRAM/Force-E1-AXS-HRD-FM-Powermeter-Gruppe-2x12-fach-33-46-p218460/,2810.0,EUR,2810.0,2361.34,0.19,out,jsonld,vyprodáno
2026-10-03,2026-10-03T09:43:09Z,SR-RIVAL-SET,bike-components,ok,Rival E1 AXS HRD FM groupset 2x12-speed 35-48,https://www.bike-components.de/en/SRAM/Rival-E1-AXS-HRD-FM-groupset-2x12-speed-35-48-p218856/,1580.0,EUR,1580.0,1327.73,0.19,out,jsonld,vyprodáno
2026-10-03,2026-10-03T09:43:09Z,SR-RIVAL-SET-PM,bike-components,ok,Rival E1 AXS HRD FM Powermeter Gruppe 2x12-fach 35-48,https://www.bike-components.de/de/SRAM/Rival-E1-AXS-HRD-FM-Powermeter-Gruppe-2x12-fach-35-48-p218860/,1740.0,EUR,1740.0,1462.18,0.19,out,jsonld,vyprodáno
2026-10-03,2026-10-03T09:43:09Z,SR-FORCE-D2-SET,bike-components,not_found,,,,,,,0.19,unknown,,
2026-10-03,2026-10-03T09:43:09Z,SR-RIVAL-D1-SET,bike-components,not_found,,,,,,,0.19,unknown,,
2026-10-03,2026-10-03T09:43:09Z,SR-RED-D1-SET,bike-components,not_found,,,,,,,0.19,unknown,,
2026-10-03,2026-10-03T09:43:09Z,SH-105-STBR,koloshop,not_found,,,,,,,0.21,unknown,,"shop nevrátil žádnou cenu – HTTP 200×293 („Ujišťujeme se, že nejste robot!“, 7463 B)"
2026-10-03,2026-10-03T09:43:09Z,SH-105-RD,koloshop,not_found,,,,,,,0.21,unknown,,"shop nevrátil žádnou cenu – HTTP 200×293 („Ujišťujeme se, že nejste robot!“, 7463 B)"
2026-10-03,2026-10-03T09:43:09Z,SH-105-FD,koloshop,not_found,,,,,,,0.21,unknown,,"shop nevrátil žádnou cenu – HTTP 200×293 („Ujišťujeme se, že nejste robot!“, 7463 B)"
2026-10-03,2026-10-03T09:43:09Z,SH-105-FC,koloshop,not_found,,,,,,,0.21,unknown,,"shop nevrátil žádnou cenu – HTTP 200×293 („Ujišťujeme se, že nejste robot!“, 7463 B)"
2026-10-03,2026-10-03T09:43:09Z,SH-105-CS,koloshop,not_found,,,,,,,0.21,unknown,,"shop nevrátil žádnou cenu – HTTP 200×293 („Ujišťujeme se, že nejste robot!“, 7463 B)"
2026-10-03,2026-10-03T09:43:09Z,SH-105-CS2,koloshop,not_found,,,,,,,0.21,unknown,,"shop nevrátil žádnou cenu – HTTP 200×293 („Ujišťujeme se, že nejste robot!“, 7463 B)"
2026-10-03,2026-10-03T09:43:09Z,SH-105-CN,koloshop,not_found,,,,,,,0.21,unknown,,"shop nevrátil žádnou cenu – HTTP 200×293 („Ujišťujeme se, že nejste robot!“, 7463 B)"
2026-10-03,2026-10-03T09:43:09Z,SH-105-SET,koloshop,not_found,,,,,,,0.21,unknown,,"shop nevrátil žádnou cenu – HTTP 200×293 („Ujišťujeme se, že nejste robot!“, 7463 B)"
2026-10-03,2026-10-03T09:43:09Z,SH-ULT-STBR,koloshop,not_found,,,,,,,0.21,unknown,,"shop nevrátil žádnou cenu – HTTP 200×293 („Ujišťujeme se, že nejste robot!“, 7463 B)"
2026-10-03,2026-10-03T09:43:09Z,SH-ULT-RD,koloshop,not_found,,,,,,,0.21,unknown,,"shop nevrátil žádnou cenu – HTTP 200×293 („Ujišťujeme se, že nejste robot!“, 7463 B)"
2026-10-03,2026-10-03T09:43:09Z,SH-ULT-FD,koloshop,not_found,,,,,,,0.21,unknown,,"shop nevrátil žádnou cenu – HTTP 200×293 („Ujišťujeme se, že nejste robot!“, 7463 B)"
2026-10-03,2026-10-03T09:43:09Z,SH-ULT-FC,koloshop,not_found,,,,,,,0.21,unknown,,"shop nevrátil žádnou cenu – HTTP 200×293 („Ujišťujeme se, že nejste robot!“, 7463 B)"
2026-10-03,2026-10-03T09:43:09Z,SH-ULT-FC-PM,koloshop,not_found,,,,,,,0.21,unknown,,"shop nevrátil žádnou cenu – HTTP 200×293 („Ujišťujeme se, že nejste robot!“, 7463 B)"
2026-10-03,2026-10-03T09:43:09Z,SH-ULT-CS,koloshop,not_found,,,,,,,0.21,unknown,,"shop nevrátil žádnou cenu – HTTP 200×293 („Ujišťujeme se, že nejste robot!“, 7463 B)"
2026-10-03,2026-10-03T09:43:09Z,SH-ULT-CN,koloshop,not_found,,,,,,,0.21,unknown,,"shop nevrátil žádnou cenu – HTTP 200×293 („Ujišťujeme se, že nejste robot!“, 7463 B)"
2026-10-03,2026-10-03T09:43:09Z,SH-ULT-SET,koloshop,not_found,,,,,,,0.21,unknown,,"shop nevrátil žádnou cenu – HTTP 200×293 („Ujišťujeme se, že nejste robot!“, 7463 B)"
2026-10-03,2026-10-03T09:43:09Z,SH-ULT-SET-PM,koloshop,not_found,,,,,,,0.21,unknown,,"shop nevrátil žádnou cenu – HTTP 200×293 („Ujišťujeme se, že nejste robot!“, 7463 B)"
2026-10-03,2026-10-03T09:43:09Z,SH-DA-STBR,koloshop,not_found,,,,,,,0.21,unknown,,"shop nevrátil žádnou cenu – HTTP 200×293 („Ujišťujeme se, že nejste robot!“, 7463 B)"
2026-10-03,2026-10-03T09:43:09Z,SH-DA-RD,koloshop,not_found,,,,,,,0.21,unknown,,"shop nevrátil žádnou cenu – HTTP 200×293 („Ujišťujeme se, že nejste robot!“, 7463 B)"
2026-10-03,2026-10-03T09:43:09Z,SH-DA-FD,koloshop,not_found,,,,,,,0.21,unknown,,"shop nevrátil žádnou cenu – HTTP 200×293 („Ujišťujeme se, že nejste robot!“, 7463 B)"
2026-10-03,2026-10-03T09:43:09Z,SH-DA-FC,koloshop,not_found,,,,,,,0.21,unknown,,"shop nevrátil žádnou cenu – HTTP 200×293 („Ujišťujeme se, že nejste robot!“, 7463 B)"
2026-10-03,2026-10-03T09:43:09Z,SH-DA-FC-PM,koloshop,not_found,,,,,,,0.21,unknown,,"shop nevrátil žádnou cenu – HTTP 200×293 („Ujišťujeme se, že nejste robot!“, 7463 B)"
2026-10-03,2026-10-03T09:43:09Z,SH-DA-CS,koloshop,not_found,,,,,,,0.21,unknown,,"shop nevrátil žádnou cenu – HTTP 200×293 („Ujišťujeme se, že nejste robot!“, 7463 B)"
2026-10-03,2026-10-03T09:43:09Z,SH-DA-CN,koloshop,not_found,,,,,,,0.21,unknown,,"shop nevrátil žádnou cenu – HTTP 200×293 („Ujišťujeme se, že nejste robot!“, 7463 B)"
2026-10-03,2026-10-03T09:43:09Z,SH-DA-SET,koloshop,not_found,,,,,,,0.21,unknown,,"shop nevrátil žádnou cenu – HTTP 200×293 („Ujišťujeme se, že nejste robot!“, 7463 B)"
2026-10-03,2026-10-03T09:43:09Z,SH-DA-SET-PM,koloshop,not_found,,,,,,,0.21,unknown,,"shop nevrátil žádnou cenu – HTTP 200×293 („Ujišťujeme se, že nejste robot!“, 7463 B)"
2026-10-03,2026-10-03T09:43:09Z,SH-X-BT-DN300,koloshop,not_found,,,,,,,0.21,unknown,,"shop nevrátil žádnou cenu – HTTP 200×293 („Ujišťujeme se, že nejste robot!“, 7463 B)"
2026-10-03,2026-10-03T09:43:09Z,SH-X-EW-EC300,koloshop,not_found,,,,,,,0.21,unknown,,"shop nevrátil žádnou cenu – HTTP 200×293 („Ujišťujeme se, že nejste robot!“, 7463 B)"
2026-10-03,2026-10-03T09:43:09Z,SH-X-RT-CL800,koloshop,not_found,,,,,,,0.21,unknown,,"shop nevrátil žádnou cenu – HTTP 200×293 („Ujišťujeme se, že nejste robot!“, 7463 B)"
2026-10-03,2026-10-03T09:43:09Z,SH-X-RT-CL900,koloshop,not_found,,,,,,,0.21,unknown,,"shop nevrátil žádnou cenu – HTTP 200×293 („Ujišťujeme se, že nejste robot!“, 7463 B)"
2026-10-03,2026-10-03T09:43:09Z,SR-RED-SET,koloshop,not_found,,,,,,,0.21,unknown,,"shop nevrátil žádnou cenu – HTTP 200×293 („Ujišťujeme se, že nejste robot!“, 7463 B)"
2026-10-03,2026-10-03T09:43:09Z,SR-RED-SET-PM,koloshop,not_found,,,,,,,0.21,unknown,,"shop nevrátil žádnou cenu – HTTP 200×293 („Ujišťujeme se, že nejste robot!“, 7463 B)"
2026-10-03,2026-10-03T09:43:09Z,SR-FORCE-SET,koloshop,not_found,,,,,,,0.21,unknown,,"shop nevrátil žádnou cenu – HTTP 200×293 („Ujišťujeme se, že nejste robot!“, 7463 B)"
2026-10-03,2026-10-03T09:43:09Z,SR-FORCE-SET-PM,koloshop,not_found,,,,,,,0.21,unknown,,"shop nevrátil žádnou cenu – HTTP 200×293 („Ujišťujeme se, že nejste robot!“, 7463 B)"
2026-10-03,2026-10-03T09:43:09Z,SR-RIVAL-SET,koloshop,not_found,,,,,,,0.21,unknown,,"shop nevrátil žádnou cenu – HTTP 200×293 („Ujišťujeme se, že nejste robot!“, 7463 B)"
2026-10-03,2026-10-03T09:43:09Z,SR-RIVAL-SET-PM,koloshop,not_found,,,,,,,0.21,unknown,,"shop nevrátil žádnou cenu – HTTP 200×293 („Ujišťujeme se, že nejste robot!“, 7463 B)"
2026-10-03,2026-10-03T09:43:09Z,SR-FORCE-D2-SET,koloshop,not_found,,,,,,,0.21,unknown,,"shop nevrátil žádnou cenu – HTTP 200×293 („Ujišťujeme se, že nejste robot!“, 7463 B)"
2026-10-03,2026-10-03T09:43:09Z,SR-RIVAL-D1-SET,koloshop,not_found,,,,,,,0.21,unknown,,"shop nevrátil žádnou cenu – HTTP 200×293 („Ujišťujeme se, že nejste robot!“, 7463 B)"
2026-10-03,2026-10-03T09:43:09Z,SR-RED-D1-SET,koloshop,not_found,,,,,,,0.21,unknown,,"shop nevrátil žádnou cenu – HTTP 200×293 („Ujišťujeme se, že nejste robot!“, 7463 B)"
2026-10-03,2026-10-03T09:43:09Z,SH-105-STBR,mtbiker,blocked,,,,,,,0.21,unknown,,
2026-10-03,2026-10-03T09:43:09Z,SH-105-RD,mtbiker,blocked,,,,,,,0.21,unknown,,
2026-10-03,2026-10-03T09:43:09Z,SH-105-FD,mtbiker,blocked,,,,,,,0.21,unknown,,
2026-10-03,2026-10-03T09:43:09Z,SH-105-FC,mtbiker,blocked,,,,,,,0.21,unknown,,
2026-10-03,2026-10-03T09:43:09Z,SH-105-CS,mtbiker,blocked,,,,,,,0.21,unknown,,
2026-10-03,2026-10-03T09:43:09Z,SH-105-CS2,mtbiker,blocked,,,,,,,0.21,unknown,,
2026-10-03,2026-10-03T09:43:09Z,SH-105-CN,mtbiker,blocked,,,,,,,0.21,unknown,,
2026-10-03,2026-10-03T09:43:09Z,SH-105-SET,mtbiker,blocked,,,,,,,0.21,unknown,,
2026-10-03,2026-10-03T09:43:09Z,SH-ULT-STBR,mtbiker,blocked,,,,,,,0.21,unknown,,
2026-10-03,2026-10-03T09:43:09Z,SH-ULT-RD,mtbiker,blocked,,,,,,,0.21,unknown,,
2026-10-03,2026-10-03T09:43:09Z,SH-ULT-FD,mtbiker,blocked,,,,,,,0.21,unknown,,
2026-10-03,2026-10-03T09:43:09Z,SH-ULT-FC,mtbiker,blocked,,,,,,,0.21,unknown,,
2026-10-03,2026-10-03T09:43:09Z,SH-ULT-FC-PM,mtbiker,blocked,,,,,,,0.21,unknown,,
2026-10-03,2026-10-03T09:43:09Z,SH-ULT-CS,mtbiker,blocked,,,,,,,0.21,unknown,,
2026-10-03,2026-10-03T09:43:09Z,SH-ULT-CN,mtbiker,blocked,,,,,,,0.21,unknown,,
2026-10-03,2026-10-03T09:43:09Z,SH-ULT-SET,mtbiker,blocked,,,,,,,0.21,unknown,,
2026-10-03,2026-10-03T09:43:09Z,SH-ULT-SET-PM,mtbiker,blocked,,,,,,,0.21,unknown,,
2026-10-03,2026-10-03T09:43:09Z,SH-DA-STBR,mtbiker,blocked,,,,,,,0.21,unknown,,
2026-10-03,2026-10-03T09:43:09Z,SH-DA-RD,mtbiker,blocked,,,,,,,0.21,unknown,,
2026-10-03,2026-10-03T09:43:09Z,SH-DA-FD,mtbiker,blocked,,,,,,,0.21,unknown,,
2026-10-03,2026-10-03T09:43:09Z,SH-DA-FC,mtbiker,blocked,,,,,,,0.21,unknown,,
2026-10-03,2026-10-03T09:43:09Z,SH-DA-FC-PM,mtbiker,blocked,,,,,,,0.21,unknown,,
2026-10-03,2026-10-03T09:43:09Z,SH-DA-CS,mtbiker,blocked,,,,,,,0.21,unknown,,
2026-10-03,2026-10-03T09:43:09Z,SH-DA-CN,mtbiker,blocked,,,,,,,0.21,unknown,,
2026-10-03,2026-10-03T09:43:09Z,SH-DA-SET,mtbiker,blocked,,,,,,,0.21,unknown,,
2026-10-03,2026-10-03T09:43:09Z,SH-DA-SET-PM,mtbiker,blocked,,,,,,,0.21,unknown,,
2026-10-03,2026-10-03T09:43:09Z,SH-X-BT-DN300,mtbiker,blocked,,,,,,,0.21,unknown,,
2026-10-03,2026-10-03T09:43:09Z,SH-X-EW-EC300,mtbiker,blocked,,,,,,,0.21,unknown,,
2026-10-03,2026-10-03T09:43:09Z,SH-X-RT-CL800,mtbiker,blocked,,,,,,,0.21,unknown,,
2026-10-03,2026-10-03T09:43:09Z,SH-X-RT-CL900,mtbiker,blocked,,,,,,,0.21,unknown,,
2026-10-03,2026-10-03T09:43:09Z,SR-RED-SET,mtbiker,blocked,,,,,,,0.21,unknown,,
2026-10-03,2026-10-03T09:43:09Z,SR-RED-SET-PM,mtbiker,blocked,,,,,,,0.21,unknown,,
2026-10-03,2026-10-03T09:43:09Z,SR-FORCE-SET,mtbiker,blocked,,,,,,,0.21,unknown,,
2026-10-03,2026-10-03T09:43:09Z,SR-FORCE-SET-PM,mtbiker,blocked,,,,,,,0.21,unknown,,
2026-10-03,2026-10-03T09:43:09Z,SR-RIVAL-SET,mtbiker,blocked,,,,,,,0.21,unknown,,
2026-10-03,2026-10-03T09:43:09Z,SR-RIVAL-SET-PM,mtbiker,blocked,,,,,,,0.21,unknown,,
2026-10-03,2026-10-03T09:43:09Z,SR-FORCE-D2-SET,mtbiker,blocked,,,,,,,0.21,unknown,,
2026-10-03,2026-10-03T09:43:09Z,SR-RIVAL-D1-SET,mtbiker,blocked,,,,,,,0.21,unknown,,
2026-10-03,2026-10-03T09:43:09Z,SR-RED-D1-SET,mtbiker,blocked,,,,,,,0.21,unknown,,
2026-10-03,2026-10-03T09:43:09Z,SH-105-STBR,bikero,not_found,,,,,,,0.21,unknown,,
2026-10-03,2026-10-03T09:43:09Z,SH-105-RD,bikero,not_found,,,,,,,0.21,unknown,,
2026-10-03,2026-10-03T09:43:09Z,SH-105-FD,bikero,ok,"SHIMANO - přesmykač 105 FD-R7150, 2x12, navářka",https://www.bikero.cz/shimano-presmykac-105-fd-r7150-2x12-navarka-p707663/,2799.0,CZK,114.38,94.53,0.21,supplier,jsonld,
2026-10-03,2026-10-03T09:43:09Z,SH-105-FC,bikero,ok,"SHIMANO - kliky 105 FC-R7100, 175mm, 50/34z, 2x12 rychlostí",https://www.bikero.cz/shimano-kliky-105-fc-r7100-175mm-50-34z-2x12-rychlosti-p708392/,3190.0,CZK,130.36,107.74,0.21,supplier,jsonld,
2026-10-03,2026-10-03T09:43:09Z,SH-105-CS,bikero,not_found,,,,,,,0.21,unknown,,
2026-10-03,2026-10-03T09:43:09Z,SH-105-CS2,bikero,ok,SHIMANO - kazeta 105 CS-HG710 12 rychlostí 11-36 zubů,https://www.bikero.cz/shimano-kazeta-105-cs-hg710-12-rychlosti-11-36-zubu-p782403/,1620.0,CZK,66.2,54.71,0.21,supplier,jsonld,ověřit variantu
2026-10-03,2026-10-03T09:43:09Z,SH-105-CN,bikero,not_found,,,,,,,0.21,unknown,,
2026-10-03,2026-10-03T09:43:09Z,SH-105-SET,bikero,not_found,,,,,,,0.21,unknown,,
2026-10-03,2026-10-03T09:43:09Z,SH-ULT-STBR,bikero,not_found,,,,,,,0.21,unknown,,
2026-10-03,2026-10-03T09:43:09Z,SH-ULT-RD,bikero,ok,SHIMANO - přehazovačka Ultegra Di2 RD-R8150 - 12 rychlostí,https://www.bikero.cz/shimano-prehazovacka-ultegra-di2-rd-r8150-12-rychlosti-p707638/,6999.0,CZK,286.02,236.38,0.21,supplier,jsonld,
2026-10-03,2026-10-03T09:43:09Z,SH-ULT-FD,bikero,ok,"Přesmykač Shimano Ultegra FD-R8150, navářka",https://www.bikero.cz/presmykac-shimano-ultegra-fd-r8150-navarka-p811774/,4599.0,CZK,187.94,155.33,0.21,supplier,jsonld,
2026-10-03,2026-10-03T09:43:09Z,SH-ULT-FC,bikero,ok,"SHIMANO - kliky Ultegra FC-R8100, 175mm, 50/34z, 2x12 rychlostí",https://www.bikero.cz/shimano-kliky-ultegra-fc-r8100-175mm-50-34z-2x12-rychlosti-p708386/,4790.0,CZK,195.75,161.78,0.21,supplier,jsonld,
2026-10-03,2026-10-03T09:43:09Z,SH-ULT-FC-PM,bikero,implausible,MAX1 - adaptér kotoučové brzdy PM-IS-R180,https://www.bikero.cz/max1-adapter-kotoucove-brzdy-pm-is-r180-p22046/,175.0,CZK,7.15,5.91,0.21,supplier,jsonld,ověřit variantu; vyřazeno: -66.4 % vs medián ostatních shopů 432 Kč – nejspíš jiný sortiment
2026-10-03,2026-10-03T09:43:09Z,SH-ULT-CS,bikero,not_found,,,,,,,0.21,unknown,,
2026-10-03,2026-10-03T09:43:09Z,SH-ULT-CN,bikero,not_found,,,,,,,0.21,unknown,,
2026-10-03,2026-10-03T09:43:09Z,SH-ULT-SET,bikero,not_found,,,,,,,0.21,unknown,,
2026-10-03,2026-10-03T09:43:09Z,SH-ULT-SET-PM,bikero,not_found,,,,,,,0.21,unknown,,
2026-10-03,2026-10-03T09:43:09Z,SH-DA-STBR,bikero,not_found,,,,,,,0.21,unknown,,
2026-10-03,2026-10-03T09:43:09Z,SH-DA-RD,bikero,not_found,,,,,,,0.21,unknown,,
2026-10-03,2026-10-03T09:43:09Z,SH-DA-FD,bikero,not_found,,,,,,,0.21,unknown,,
2026-10-03,2026-10-03T09:43:09Z,SH-DA-FC,bikero,not_found,,,,,,,0.21,unknown,,
2026-10-03,2026-10-03T09:43:09Z,SH-DA-FC-PM,bikero,implausible,MAX1 - adaptér kotoučové brzdy PM-IS-R180,https://www.bikero.cz/max1-adapter-kotoucove-brzdy-pm-is-r180-p22046/,175.0,CZK,7.15,5.91,0.21,supplier,jsonld,ověřit variantu; vyřazeno: -66.4 % vs medián ostatních shopů 432 Kč – nejspíš jiný sortiment
2026-10-03,2026-10-03T09:43:09Z,SH-DA-CS,bikero,not_found,,,,,,,0.21,unknown,,
2026-10-03,2026-10-03T09:43:09Z,SH-DA-CN,bikero,not_found,,,,,,,0.21,unknown,,
2026-10-03,2026-10-03T09:43:09Z,SH-DA-SET,bikero,not_found,,,,,,,0.21,unknown,,
2026-10-03,2026-10-03T09:43:09Z,SH-DA-SET-PM,bikero,not_found,,,,,,,0.21,unknown,,
2026-10-03,2026-10-03T09:43:09Z,SH-X-BT-DN300,bikero,ok,SHIMANO - baterie Di2 BT-DN300,https://www.bikero.cz/shimano-baterie-di2-bt-dn300-p708161/,3390.0,CZK,138.54,114.49,0.21,supplier,jsonld,
2026-10-03,2026-10-03T09:43:09Z,SH-X-EW-EC300,bikero,ok,SHIMANO - USB Di2 nabíjecí kabel EW-EC300 1500 mm,https://www.bikero.cz/shimano-usb-di2-nabijeci-kabel-ew-ec300-1500-mm-p708164/,900.0,CZK,36.78,30.4,0.21,supplier,jsonld,
2026-10-03,2026-10-03T09:43:09Z,SH-X-RT-CL800,bikero,not_found,,,,,,,0.21,unknown,,
2026-10-03,2026-10-03T09:43:09Z,SH-X-RT-CL900,bikero,not_found,,,,,,,0.21,unknown,,
2026-10-03,2026-10-03T09:43:09Z,SR-RED-SET,bikero,not_found,,,,,,,0.21,unknown,,
2026-10-03,2026-10-03T09:43:09Z,SR-RED-SET-PM,bikero,not_found,,,,,,,0.21,unknown,,
2026-10-03,2026-10-03T09:43:09Z,SR-FORCE-SET,bikero,not_found,,,,,,,0.21,unknown,,
2026-10-03,2026-10-03T09:43:09Z,SR-FORCE-SET-PM,bikero,not_found,,,,,,,0.21,unknown,,
2026-10-03,2026-10-03T09:43:09Z,SR-RIVAL-SET,bikero,not_found,,,,,,,0.21,unknown,,
2026-10-03,2026-10-03T09:43:09Z,SR-RIVAL-SET-PM,bikero,not_found,,,,,,,0.21,unknown,,
2026-10-03,2026-10-03T09:43:09Z,SR-FORCE-D2-SET,bikero,not_found,,,,,,,0.21,unknown,,
2026-10-03,2026-10-03T09:43:09Z,SR-RIVAL-D1-SET,bikero,not_found,,,,,,,0.21,unknown,,
2026-10-03,2026-10-03T09:43:09Z,SR-RED-D1-SET,bikero,not_found,,,,,,,0.21,unknown,,
2026-10-03,2026-10-03T09:43:09Z,SH-105-STBR,bike-eshop,blocked,,,,,,,0.21,unknown,,
2026-10-03,2026-10-03T09:43:09Z,SH-105-RD,bike-eshop,blocked,,,,,,,0.21,unknown,,
2026-10-03,2026-10-03T09:43:09Z,SH-105-FD,bike-eshop,blocked,,,,,,,0.21,unknown,,
2026-10-03,2026-10-03T09:43:09Z,SH-105-FC,bike-eshop,blocked,,,,,,,0.21,unknown,,
2026-10-03,2026-10-03T09:43:09Z,SH-105-CS,bike-eshop,blocked,,,,,,,0.21,unknown,,
2026-10-03,2026-10-03T09:43:09Z,SH-105-CS2,bike-eshop,blocked,,,,,,,0.21,unknown,,
2026-10-03,2026-10-03T09:43:09Z,SH-105-CN,bike-eshop,blocked,,,,,,,0.21,unknown,,
2026-10-03,2026-10-03T09:43:09Z,SH-105-SET,bike-eshop,blocked,,,,,,,0.21,unknown,,
2026-10-03,2026-10-03T09:43:09Z,SH-ULT-STBR,bike-eshop,blocked,,,,,,,0.21,unknown,,
2026-10-03,2026-10-03T09:43:09Z,SH-ULT-RD,bike-eshop,blocked,,,,,,,0.21,unknown,,
2026-10-03,2026-10-03T09:43:09Z,SH-ULT-FD,bike-eshop,blocked,,,,,,,0.21,unknown,,
2026-10-03,2026-10-03T09:43:09Z,SH-ULT-FC,bike-eshop,blocked,,,,,,,0.21,unknown,,
2026-10-03,2026-10-03T09:43:09Z,SH-ULT-FC-PM,bike-eshop,blocked,,,,,,,0.21,unknown,,
2026-10-03,2026-10-03T09:43:09Z,SH-ULT-CS,bike-eshop,blocked,,,,,,,0.21,unknown,,
2026-10-03,2026-10-03T09:43:09Z,SH-ULT-CN,bike-eshop,blocked,,,,,,,0.21,unknown,,
2026-10-03,2026-10-03T09:43:09Z,SH-ULT-SET,bike-eshop,blocked,,,,,,,0.21,unknown,,
2026-10-03,2026-10-03T09:43:09Z,SH-ULT-SET-PM,bike-eshop,blocked,,,,,,,0.21,unknown,,
2026-10-03,2026-10-03T09:43:09Z,SH-DA-STBR,bike-eshop,blocked,,,,,,,0.21,unknown,,
2026-10-03,2026-10-03T09:43:09Z,SH-DA-RD,bike-eshop,blocked,,,,,,,0.21,unknown,,
2026-10-03,2026-10-03T09:43:09Z,SH-DA-FD,bike-eshop,blocked,,,,,,,0.21,unknown,,
2026-10-03,2026-10-03T09:43:09Z,SH-DA-FC,bike-eshop,blocked,,,,,,,0.21,unknown,,
2026-10-03,2026-10-03T09:43:09Z,SH-DA-FC-PM,bike-eshop,blocked,,,,,,,0.21,unknown,,
2026-10-03,2026-10-03T09:43:09Z,SH-DA-CS,bike-eshop,blocked,,,,,,,0.21,unknown,,
2026-10-03,2026-10-03T09:43:09Z,SH-DA-CN,bike-eshop,blocked,,,,,,,0.21,unknown,,
2026-10-03,2026-10-03T09:43:09Z,SH-DA-SET,bike-eshop,blocked,,,,,,,0.21,unknown,,
2026-10-03,2026-10-03T09:43:09Z,SH-DA-SET-PM,bike-eshop,blocked,,,,,,,0.21,unknown,,
2026-10-03,2026-10-03T09:43:09Z,SH-X-BT-DN300,bike-eshop,blocked,,,,,,,0.21,unknown,,
2026-10-03,2026-10-03T09:43:09Z,SH-X-EW-EC300,bike-eshop,blocked,,,,,,,0.21,unknown,,
2026-10-03,2026-10-03T09:43:09Z,SH-X-RT-CL800,bike-eshop,blocked,,,,,,,0.21,unknown,,
2026-10-03,2026-10-03T09:43:09Z,SH-X-RT-CL900,bike-eshop,blocked,,,,,,,0.21,unknown,,
2026-10-03,2026-10-03T09:43:09Z,SR-RED-SET,bike-eshop,blocked,,,,,,,0.21,unknown,,
2026-10-03,2026-10-03T09:43:09Z,SR-RED-SET-PM,bike-eshop,blocked,,,,,,,0.21,unknown,,
2026-10-03,2026-10-03T09:43:09Z,SR-FORCE-SET,bike-eshop,blocked,,,,,,,0.21,unknown,,
2026-10-03,2026-10-03T09:43:09Z,SR-FORCE-SET-PM,bike-eshop,blocked,,,,,,,0.21,unknown,,
2026-10-03,2026-10-03T09:43:09Z,SR-RIVAL-SET,bike-eshop,blocked,,,,,,,0.21,unknown,,
2026-10-03,2026-10-03T09:43:09Z,SR-RIVAL-SET-PM,bike-eshop,blocked,,,,,,,0.21,unknown,,
2026-10-03,2026-10-03T09:43:09Z,SR-FORCE-D2-SET,bike-eshop,blocked,,,,,,,0.21,unknown,,
2026-10-03,2026-10-03T09:43:09Z,SR-RIVAL-D1-SET,bike-eshop,blocked,,,,,,,0.21,unknown,,
2026-10-03,2026-10-03T09:43:09Z,SR-RED-D1-SET,bike-eshop,blocked,,,,,,,0.21,unknown,,
2026-10-03,2026-10-03T09:43:09Z,SH-105-STBR,kupkolo,ok,"Řadicí a brzdová páka Shimano 105 Di2, ST-R7170, 2x12",https://www.kupkolo.cz/radici-a-brzdova-paka-shimano-105-di2-st-r7170-2x12_z119215/,4590.0,CZK,187.58,155.02,0.21,in_stock,jsonld,ověřit variantu
2026-10-03,2026-10-03T09:43:09Z,SH-105-RD,kupkolo,ok,"Přehazovačka Shimano 105 Di2, RD-R7150, 12s",https://www.kupkolo.cz/prehazovacka-shimano-105-di2-rd-r7150-12s_z119220/,3990.0,CZK,163.06,134.76,0.21,in_stock,jsonld,
2026-10-03,2026-10-03T09:43:09Z,SH-105-FD,kupkolo,ok,"Přesmykač Shimano 105, FD-R7150, 2x12 Di2",https://www.kupkolo.cz/presmykac-shimano-105-fd-r7150-2x12-di2_z123245/,2590.0,CZK,105.84,87.47,0.21,in_stock,jsonld,
2026-10-03,2026-10-03T09:43:09Z,SH-105-FC,kupkolo,ok,"Kliky Shimano 105, FC-R7100, 2x12s",https://www.kupkolo.cz/kliky-shimano-105-fc-r7100-2x12s_z119207/,2790.0,CZK,114.02,94.23,0.21,in_stock,jsonld,ověřit variantu
2026-10-03,2026-10-03T09:43:09Z,SH-105-CS,kupkolo,not_found,,,,,,,0.21,unknown,,
2026-10-03,2026-10-03T09:43:09Z,SH-105-CS2,kupkolo,not_found,,,,,,,0.21,unknown,,
2026-10-03,2026-10-03T09:43:09Z,SH-105-CN,kupkolo,not_found,,,,,,,0.21,unknown,,
2026-10-03,2026-10-03T09:43:09Z,SH-105-SET,kupkolo,not_found,,,,,,,0.21,unknown,,
2026-10-03,2026-10-03T09:43:09Z,SH-ULT-STBR,kupkolo,ok,"Řadicí a brzdová páka Shimano Ultegra Di2 2x12s, ST-R8170 + třmen BR-R8170",https://www.kupkolo.cz/radici-a-brzdova-paka-shimano-ultegra-di2-2x12s-st-r8170-trmen-br-r8170_z122996/,6990.0,CZK,285.66,236.08,0.21,in_stock,jsonld,
2026-10-03,2026-10-03T09:43:09Z,SH-ULT-RD,kupkolo,ok,"Přehazovačka Shimano Ultegra, RD-R8150, 12s Di2",https://www.kupkolo.cz/prehazovacka-shimano-ultegra-rd-r8150-12s-di2_z116563/,8990.0,CZK,367.39,303.63,0.21,in_stock,jsonld,
2026-10-03,2026-10-03T09:43:09Z,SH-ULT-FD,kupkolo,ok,"Přesmykač Shimano Ultegra, FD-R8150, 2x12 Di2",https://www.kupkolo.cz/presmykac-shimano-ultegra-fd-r8150-2x12-di2_z116564/,4499.0,CZK,183.86,151.95,0.21,in_stock,jsonld,
2026-10-03,2026-10-03T09:43:09Z,SH-ULT-FC,kupkolo,ok,"Kliky Shimano Ultegra, FC-R8100",https://www.kupkolo.cz/kliky-shimano-ultegra-fc-r8100_z116228/,4379.0,CZK,178.95,147.9,0.21,in_stock,jsonld,ověřit variantu
2026-10-03,2026-10-03T09:43:09Z,SH-ULT-FC-PM,kupkolo,implausible,"Přední adaptér kot. brzdy a2z, PM/PM-180 F180",https://www.kupkolo.cz/predni-adapter-kot-brzdy-a2z-pm-pm-180-f180_z3923/,149.0,CZK,6.09,5.03,0.21,in_stock,jsonld,ověřit variantu; vyřazeno: -71.5 % vs medián ostatních shopů 432 Kč – nejspíš jiný sortiment
2026-10-03,2026-10-03T09:43:09Z,SH-ULT-CS,kupkolo,not_found,,,,,,,0.21,unknown,,
2026-10-03,2026-10-03T09:43:09Z,SH-ULT-CN,kupkolo,not_found,,,,,,,0.21,unknown,,
2026-10-03,2026-10-03T09:43:09Z,SH-ULT-SET,kupkolo,not_found,,,,,,,0.21,unknown,,
2026-10-03,2026-10-03T09:43:09Z,SH-ULT-SET-PM,kupkolo,not_found,,,,,,,0.21,unknown,,
2026-10-03,2026-10-03T09:43:09Z,SH-DA-STBR,kupkolo,implausible,"Řadicí a brzdová páka Shimano Dura-Ace Di2, ST-R9270 + třmen BR-R9270",https://www.kupkolo.cz/radici-a-brzdova-paka-shimano-dura-ace-di2-st-r9270-trmen-br-r9270_z123165/,9279.0,CZK,379.2,313.39,0.21,in_stock,jsonld,vyřazeno: -52.1 % vs medián ostatních shopů 16019 Kč – nejspíš jiný sortiment
2026-10-03,2026-10-03T09:43:09Z,SH-DA-RD,kupkolo,implausible,SHIMANO vnější vodítko (včetně šroubu) pro RD-R9250,https://www.kupkolo.cz/shimano-vnejsi-voditko-vcetne-sroubu-pro-rd-r9250_z138318/,349.0,CZK,14.26,11.79,0.21,in_stock,jsonld,vyřazeno: -97.5 % vs medián ostatních shopů 11505 Kč – nejspíš jiný sortiment
2026-10-03,2026-10-03T09:43:09Z,SH-DA-FD,kupkolo,ok,"Přesmykač Shimano Dura-Ace, FD-R9250, 2x12 Di2",https://www.kupkolo.cz/presmykac-shimano-dura-ace-fd-r9250-2x12-di2_z116539/,6379.0,CZK,260.69,215.44,0.21,preorder,jsonld,
2026-10-03,2026-10-03T09:43:09Z,SH-DA-FC,kupkolo,ok,"Kliky Shimano Dura Ace, FC-R9200",https://www.kupkolo.cz/kliky-shimano-dura-ace-fc-r9200_z116149/,9590.0,CZK,391.91,323.89,0.21,in_stock,jsonld,ověřit variantu
2026-10-03,2026-10-03T09:43:09Z,SH-DA-FC-PM,kupkolo,implausible,"Přední adaptér kot. brzdy a2z, PM/PM-180 F180",https://www.kupkolo.cz/predni-adapter-kot-brzdy-a2z-pm-pm-180-f180_z3923/,149.0,CZK,6.09,5.03,0.21,in_stock,jsonld,ověřit variantu; vyřazeno: -71.5 % vs medián ostatních shopů 432 Kč – nejspíš jiný sortiment
2026-10-03,2026-10-03T09:43:09Z,SH-DA-CS,kupkolo,ok,"Kazeta silniční Shimano Dura Ace, CS-R9200 - 12s",https://www.kupkolo.cz/kazeta-silnicni-shimano-dura-ace-cs-r9200-12s_z114733/,4879.0,CZK,199.39,164.78,0.21,in_stock,jsonld,ověřit variantu
2026-10-03,2026-10-03T09:43:09Z,SH-DA-CN,kupkolo,not_found,,,,,,,0.21,unknown,,
2026-10-03,2026-10-03T09:43:09Z,SH-DA-SET,kupkolo,not_found,,,,,,,0.21,unknown,,
2026-10-03,2026-10-03T09:43:09Z,SH-DA-SET-PM,kupkolo,not_found,,,,,,,0.21,unknown,,
2026-10-03,2026-10-03T09:43:09Z,SH-X-BT-DN300,kupkolo,ok,SHIMANO baterie Di2 / BT-DN300,https://www.kupkolo.cz/shimano-baterie-di2-bt-dn300_z116543/,2790.0,CZK,114.02,94.23,0.21,in_stock,jsonld,
2026-10-03,2026-10-03T09:43:09Z,SH-X-EW-EC300,kupkolo,ok,"Shimano EW-EC300 nabíjecí konektor Di2/powermetr, 12s",https://www.kupkolo.cz/shimano-ew-ec300-nabijeci-konektor-di2-powermetr-12s_z116542/,890.0,CZK,36.37,30.06,0.21,in_stock,jsonld,
2026-10-03,2026-10-03T09:43:09Z,SH-X-RT-CL800,kupkolo,not_found,,,,,,,0.21,unknown,,
2026-10-03,2026-10-03T09:43:09Z,SH-X-RT-CL900,kupkolo,not_found,,,,,,,0.21,unknown,,
2026-10-03,2026-10-03T09:43:09Z,SR-RED-SET,kupkolo,not_found,,,,,,,0.21,unknown,,
2026-10-03,2026-10-03T09:43:09Z,SR-RED-SET-PM,kupkolo,not_found,,,,,,,0.21,unknown,,
2026-10-03,2026-10-03T09:43:09Z,SR-FORCE-SET,kupkolo,not_found,,,,,,,0.21,unknown,,
2026-10-03,2026-10-03T09:43:09Z,SR-FORCE-SET-PM,kupkolo,not_found,,,,,,,0.21,unknown,,
2026-10-03,2026-10-03T09:43:09Z,SR-RIVAL-SET,kupkolo,not_found,,,,,,,0.21,unknown,,
2026-10-03,2026-10-03T09:43:09Z,SR-RIVAL-SET-PM,kupkolo,not_found,,,,,,,0.21,unknown,,
2026-10-03,2026-10-03T09:43:09Z,SR-FORCE-D2-SET,kupkolo,not_found,,,,,,,0.21,unknown,,
2026-10-03,2026-10-03T09:43:09Z,SR-RIVAL-D1-SET,kupkolo,not_found,,,,,,,0.21,unknown,,
2026-10-03,2026-10-03T09:43:09Z,SR-RED-D1-SET,kupkolo,not_found,,,,,,,0.21,unknown,,
2026-10-03,2026-10-03T09:43:09Z,SH-105-STBR,bike-discount,ok,105 Di2 ST-R7170+BR-R7170 2x12-fach Scheibenbremsen-Set,https://www.bike-discount.de/de/shimano-105-di2-st-r7170-br-r7170-2x12-fach-scheibenbremsen-set-1,439.99,EUR,439.99,369.74,0.19,out,jsonld,vyprodáno
2026-10-03,2026-10-03T09:43:09Z,SH-105-RD,bike-discount,ok,105 Di2 RD-R7150 12-fach Schaltwerk,https://www.bike-discount.de/de/shimano-105-di2-rd-r7150-12-fach-schaltwerk-1,169.99,EUR,169.99,142.85,0.19,in_stock,jsonld,
2026-10-03,2026-10-03T09:43:09Z,SH-105-FD,bike-discount,ok,105 Di2 FD-R7150 2x12-fach Umwerfer Anlöt,https://www.bike-discount.de/de/shimano-105-di2-fd-r7150-2x12-fach-umwerfer,99.99,EUR,99.99,84.03,0.19,in_stock,jsonld,
2026-10-03,2026-10-03T09:43:09Z,SH-105-FC,bike-discount,ok,105 FC-R7100 12-fach Kurbel 50/34,https://www.bike-discount.de/de/shimano-105-fc-r7100-12-fach-kurbel-50/34,117.99,EUR,117.99,99.15,0.19,in_stock,jsonld,
2026-10-03,2026-10-03T09:43:09Z,SH-105-CS,bike-discount,not_found,,,,,,,0.19,unknown,,
2026-10-03,2026-10-03T09:43:09Z,SH-105-CS2,bike-discount,ok,105 CS-HG710 12-fach Kassette,https://www.bike-discount.de/de/shimano-105-cs-hg710-12-fach-kassette,58.99,EUR,58.99,49.57,0.19,in_stock,jsonld,ověřit variantu
2026-10-03,2026-10-03T09:43:09Z,SH-105-CN,bike-discount,ok,SLX CN-M7100 12-fach Kette mit Quick-Link,https://www.bike-discount.de/de/shimano-slx-cn-m7100-12-fach-kette-mit-quick-link,18.99,EUR,18.99,15.96,0.19,in_stock,jsonld,
2026-10-03,2026-10-03T09:43:09Z,SH-105-SET,bike-discount,ok,105 Di2 R7170 2x12-fach Gruppe Disc TOP-DEAL,https://www.bike-discount.de/de/shimano-105-di2-r7170-2x12-fach-gruppe-disc-top-deal,799.0,EUR,799.0,671.43,0.19,in_stock,jsonld,
2026-10-03,2026-10-03T09:43:09Z,SH-ULT-STBR,bike-discount,ok,ULTEGRA Di2 ST-R8170+BR-R8170 2x12-fach Scheibenbremsen-Set,https://www.bike-discount.de/de/shimano-ultegra-di2-st-r8170-br-r8170-2x12-fach-scheibenbremsen-set-2,578.99,EUR,578.99,486.55,0.19,in_stock,jsonld,
2026-10-03,2026-10-03T09:43:09Z,SH-ULT-RD,bike-discount,ok,ULTEGRA Di2 RD-R8150 12-fach Schaltwerk,https://www.bike-discount.de/de/shimano-ultegra-di2-rd-r8150-12-fach-schaltwerk-2,254.99,EUR,254.99,214.28,0.19,in_stock,jsonld,
2026-10-03,2026-10-03T09:43:09Z,SH-ULT-FD,bike-discount,ok,ULTEGRA Di2 FD-R8150 2x12-fach Umwerfer,https://www.bike-discount.de/de/shimano-ultegra-di2-fd-r8150-2x12-fach-umwerfer,159.99,EUR,159.99,134.45,0.19,in_stock,jsonld,
2026-10-03,2026-10-03T09:43:09Z,SH-ULT-FC,bike-discount,ok,ULTEGRA FC-R8100 12-fach Kurbel 50/34,https://www.bike-discount.de/de/shimano-ultegra-fc-r8100-12-fach-kurbel-50/34,194.99,EUR,194.99,163.86,0.19,in_stock,jsonld,
2026-10-03,2026-10-03T09:43:09Z,SH-ULT-FC-PM,bike-discount,ok,Adapter - H PM zu PM vorne 183,https://www.bike-discount.de/de/hope-adapter-h-pm-zu-pm-vorne-183,20.99,EUR,20.99,17.64,0.19,in_stock,jsonld,ověřit variantu
2026-10-03,2026-10-03T09:43:09Z,SH-ULT-CS,bike-discount,not_found,,,,,,,0.19,unknown,,
2026-10-03,2026-10-03T09:43:09Z,SH-ULT-CN,bike-discount,ok,XT CN-M8100 12-fach Kette mit Quick-Link,https://www.bike-discount.de/de/shimano-xt-cn-m8100-12-fach-kette-mit-quick-link,27.99,EUR,27.99,23.52,0.19,in_stock,jsonld,
2026-10-03,2026-10-03T09:43:09Z,SH-ULT-SET,bike-discount,ok,ULTEGRA Di2 R8170 2x12-fach Gruppe Disc 140/160mm TOP-DEAL,https://www.bike-discount.de/de/shimano-ultegra-di2-r8170-2x12-fach-gruppe-disc-140/160mm-1,1199.99,EUR,1199.99,1008.39,0.19,in_stock,jsonld,
2026-10-03,2026-10-03T09:43:09Z,SH-ULT-SET-PM,bike-discount,not_found,,,,,,,0.19,unknown,,
2026-10-03,2026-10-03T09:43:09Z,SH-DA-STBR,bike-discount,ok,DURA-ACE Di2 ST-R9270+BR-R9270 2x12-fach Scheibenbremsen-Set,https://www.bike-discount.de/de/shimano-dura-ace-di2-st-r9270-br-r9270-2x12-fach-scheibenbremsen-set-3,969.99,EUR,969.99,815.12,0.19,in_stock,jsonld,
2026-10-03,2026-10-03T09:43:09Z,SH-DA-RD,bike-discount,ok,DURA-ACE Di2 RD-R9250 12-fach Schaltwerk,https://www.bike-discount.de/de/shimano-dura-ace-di2-rd-r9250-12-fach-schaltwerk-3,529.99,EUR,529.99,445.37,0.19,in_stock,jsonld,
2026-10-03,2026-10-03T09:43:09Z,SH-DA-FD,bike-discount,ok,DURA-ACE Di2 FD-R9250 2x12-fach Umwerfer,https://www.bike-discount.de/de/shimano-dura-ace-di2-fd-r9250-2x12-fach-umwerfer,279.99,EUR,279.99,235.29,0.19,in_stock,jsonld,
2026-10-03,2026-10-03T09:43:09Z,SH-DA-FC,bike-discount,ok,DURA-ACE FC-R9200 12-fach Kurbel 52/36,https://www.bike-discount.de/de/shimano-dura-ace-fc-r9200-12-fach-kurbel-52/36,384.99,EUR,384.99,323.52,0.19,in_stock,jsonld,
2026-10-03,2026-10-03T09:43:09Z,SH-DA-FC-PM,bike-discount,ok,Adapter - H PM zu PM vorne 183,https://www.bike-discount.de/de/hope-adapter-h-pm-zu-pm-vorne-183,20.99,EUR,20.99,17.64,0.19,in_stock,jsonld,ověřit variantu
2026-10-03,2026-10-03T09:43:09Z,SH-DA-CS,bike-discount,ok,DURA-ACE CS-R9200 12-fach Kassette,https://www.bike-discount.de/de/shimano-dura-ace-cs-r9200-12-fach-kassette,218.99,EUR,218.99,184.03,0.19,in_stock,jsonld,ověřit variantu
2026-10-03,2026-10-03T09:43:09Z,SH-DA-CN,bike-discount,ok,XTR CN-M9100 12-fach Kette mit Quick-Link,https://www.bike-discount.de/de/shimano-xtr-cn-m9100-12-fach-kette-mit-quick-link,41.99,EUR,41.99,35.29,0.19,in_stock,jsonld,
2026-10-03,2026-10-03T09:43:09Z,SH-DA-SET,bike-discount,ok,DURA-ACE Di2 R9270 2x12-fach Gruppe Disc 140/160mm TOP-DEAL,https://www.bike-discount.de/de/shimano-dura-ace-di2-r9270-2x12-fach-gruppe-disc-140/160mm,1999.0,EUR,1999.0,1679.83,0.19,in_stock,jsonld,
2026-10-03,2026-10-03T09:43:09Z,SH-DA-SET-PM,bike-discount,not_found,,,,,,,0.19,unknown,,
2026-10-03,2026-10-03T09:43:09Z,SH-X-BT-DN300,bike-discount,implausible,Unità adattatore per BT-DN300,https://www.bike-discount.de/it/shimano-unita-adattatore-per-bt-dn300,5.99,EUR,5.99,5.03,0.19,in_stock,jsonld,vyřazeno: -95.2 % vs medián ostatních shopů 2554 Kč – nejspíš jiný sortiment
2026-10-03,2026-10-03T09:43:09Z,SH-X-EW-EC300,bike-discount,ok,Di2 EW-EC300 Ladekabel,https://www.bike-discount.de/de/shimano-di2-ew-ec300-ladekabel,34.99,EUR,34.99,29.4,0.19,in_stock,jsonld,
2026-10-03,2026-10-03T09:43:09Z,SH-X-RT-CL800,bike-discount,not_found,,,,,,,0.19,unknown,,
2026-10-03,2026-10-03T09:43:09Z,SH-X-RT-CL900,bike-discount,not_found,,,,,,,0.19,unknown,,
2026-10-03,2026-10-03T09:43:09Z,SR-RED-SET,bike-discount,not_found,,,,,,,0.19,unknown,,
2026-10-03,2026-10-03T09:43:09Z,SR-RED-SET-PM,bike-discount,not_found,,,,,,,0.19,unknown,,
2026-10-03,2026-10-03T09:43:09Z,SR-FORCE-SET,bike-discount,ok,Force E1 50-37T Carbon AXS 12-fach Gruppe,https://www.bike-discount.de/de/sram-force-e1-50-37t-carbon-axs-12-fach-gruppe,1549.99,EUR,1549.99,1302.51,0.19,in_stock,jsonld,
2026-10-03,2026-10-03T09:43:09Z,SR-FORCE-SET-PM,bike-discount,ok,Force E1 48-35T Powermeter Carbon AXS 12-fach Gruppe,https://www.bike-discount.de/de/sram-force-e1-48-35t-powermeter-carbon-axs-12-fach-gruppe,1849.99,EUR,1849.99,1554.61,0.19,in_stock,jsonld,
2026-10-03,2026-10-03T09:43:09Z,SR-RIVAL-SET,bike-discount,ok,Rival E1 AXS 2x12-fach 48/35T Gruppe,https://www.bike-discount.de/de/sram-rival-e1-axs-2x12-fach-48/35t-gruppe,1149.99,EUR,1149.99,966.38,0.19,in_stock,jsonld,
2026-10-03,2026-10-03T09:43:09Z,SR-RIVAL-SET-PM,bike-discount,not_found,,,,,,,0.19,unknown,,
2026-10-03,2026-10-03T09:43:09Z,SR-FORCE-D2-SET,bike-discount,not_found,,,,,,,0.19,unknown,,
2026-10-03,2026-10-03T09:43:09Z,SR-RIVAL-D1-SET,bike-discount,not_found,,,,,,,0.19,unknown,,
2026-10-03,2026-10-03T09:43:09Z,SR-RED-D1-SET,bike-discount,not_found,,,,,,,0.19,unknown,,
2026-10-03,2026-10-03T09:43:09Z,SH-105-STBR,hupnakolo,ok,"Řadicí a brzdová páka Shimano 105, ST-R7170 + třmen BR-7170 - Hupnakolo",https://www.hupnakolo.cz/radici-a-brzdova-paka-shimano-105--st-r7170-trmen-br-7170/,5315.0,CZK,217.2,179.51,0.21,in_stock,meta,ověřit variantu
2026-10-03,2026-10-03T09:43:09Z,SH-105-RD,hupnakolo,ok,Shimano 105 RD R7150 Di2 přehazovačka 12s,https://www.hupnakolo.cz/shimano-prehazovacka-105-rd-r7150-12-rychl--max-36z-min-11z-kapacita-41z-bal/,3888.0,CZK,158.89,131.31,0.21,in_stock,meta,
2026-10-03,2026-10-03T09:43:09Z,SH-105-FD,hupnakolo,not_found,,,,,,,0.21,unknown,,
2026-10-03,2026-10-03T09:43:09Z,SH-105-FC,hupnakolo,ok,Shimano 105 FC-R7100 | Silniční kliky 2x12 | 50-34 zubů,https://www.hupnakolo.cz/shimano-kliky-105-fc-r7100-integr-klika-2x12-cerna-bez-bb-misek-bal/,2665.0,CZK,108.91,90.01,0.21,in_stock,meta,
2026-10-03,2026-10-03T09:43:09Z,SH-105-CS,hupnakolo,not_found,,,,,,,0.21,unknown,,
2026-10-03,2026-10-03T09:43:09Z,SH-105-CS2,hupnakolo,not_found,,,,,,,0.21,unknown,,
2026-10-03,2026-10-03T09:43:09Z,SH-105-CN,hupnakolo,ok,"SHIMANO SLX CN-M7100 12 rychlostní řetěz, 116 článků, baleno v sáčků - Hupnakolo",https://www.hupnakolo.cz/shimano-retez-slx-cn-m7100-12rychl-116cl--s-rychlospojkou-box-20-ks/,429.0,CZK,17.53,14.49,0.21,in_stock,meta,
2026-10-03,2026-10-03T09:43:09Z,SH-105-SET,hupnakolo,not_found,,,,,,,0.21,unknown,,
2026-10-03,2026-10-03T09:43:09Z,SH-ULT-STBR,hupnakolo,ok,Shimano Ultegra Di2 ST R8170 BR R8170 prava 12s brzda,https://www.hupnakolo.cz/shimano-kot-brzd-set-ultegra-br-r8170-st-r8170-zadprava-j-kit-di2-bez-adapt-polymer-chl-bh90170c/,6988.0,CZK,285.57,236.01,0.21,in_stock,meta,
2026-10-03,2026-10-03T09:43:09Z,SH-ULT-RD,hupnakolo,not_found,,,,,,,0.21,unknown,,
2026-10-03,2026-10-03T09:43:09Z,SH-ULT-FD,hupnakolo,not_found,,,,,,,0.21,unknown,,
2026-10-03,2026-10-03T09:43:09Z,SH-ULT-FC,hupnakolo,not_found,,,,,,,0.21,unknown,,
2026-10-03,2026-10-03T09:43:09Z,SH-ULT-FC-PM,hupnakolo,implausible,Adaptér přední brzdy IS-PM 203 mm - Hupnakolo,https://www.hupnakolo.cz/adapter-predni-brzdy-is-pm-203-mm/,63.0,CZK,2.57,2.13,0.21,in_stock,meta,ověřit variantu; vyřazeno: -88.0 % vs medián ostatních shopů 432 Kč – nejspíš jiný sortiment
2026-10-03,2026-10-03T09:43:09Z,SH-ULT-CS,hupnakolo,not_found,,,,,,,0.21,unknown,,
2026-10-03,2026-10-03T09:43:09Z,SH-ULT-CN,hupnakolo,not_found,,,,,,,0.21,unknown,,
2026-10-03,2026-10-03T09:43:09Z,SH-ULT-SET,hupnakolo,not_found,,,,,,,0.21,unknown,,
2026-10-03,2026-10-03T09:43:09Z,SH-ULT-SET-PM,hupnakolo,not_found,,,,,,,0.21,unknown,,
2026-10-03,2026-10-03T09:43:09Z,SH-DA-STBR,hupnakolo,not_found,,,,,,,0.21,unknown,,
2026-10-03,2026-10-03T09:43:09Z,SH-DA-RD,hupnakolo,ok,Shimano Dura Ace RD R9250 Di2 přehazovačka 12s Shadow+,https://www.hupnakolo.cz/shimano-prehazovacka-dura-ace-di2-rd-r9250-12-rychl--bal/,11787.0,CZK,481.69,398.09,0.21,in_stock,meta,
2026-10-03,2026-10-03T09:43:09Z,SH-DA-FD,hupnakolo,not_found,,,,,,,0.21,unknown,,
2026-10-03,2026-10-03T09:43:09Z,SH-DA-FC,hupnakolo,ok,Shimano Dura-Ace FC-R9200 – kliková sada 2×12,https://www.hupnakolo.cz/shimano-kliky-dura-ace-fc-r9200-integr-klika-2x12-175-mm-52x36z-bez-bb-misek/,8915.0,CZK,364.32,301.09,0.21,in_stock,meta,ověřit variantu
2026-10-03,2026-10-03T09:43:09Z,SH-DA-FC-PM,hupnakolo,ok,"Shimano DURA-ACE FC-R9200-P Powermeter kliky | 2x12, 175 mm, wattmetr",https://www.hupnakolo.cz/shimano-kliky-dura-ace-fc-r9200-p-integr-klika-2x12-175-mm-bez-prev--bez-bb-misek-pro-mer-vyk-bal/,21798.0,CZK,890.81,736.2,0.21,in_stock,meta,ověřit variantu
2026-10-03,2026-10-03T09:43:09Z,SH-DA-CS,hupnakolo,ok,"SHIMANO CS-R9200 Dura-Ace 12-kazeta 11-30 zubů, v krabičce - Hupnakolo",https://www.hupnakolo.cz/shimano-cs-r9200-dura-ace-12-kazeta-11-30-zubu--v-krabicce/?parameterValueId=9618,5163.0,CZK,210.99,174.37,0.21,in_stock,meta,
2026-10-03,2026-10-03T09:43:09Z,SH-DA-CN,hupnakolo,ok,Řetěz SHIMANO XTR CN-M9100 - 12 rychlostí - Hupnakolo,https://www.hupnakolo.cz/shimano-xtr-cn-m9100/,1049.0,CZK,42.87,35.43,0.21,in_stock,meta,
2026-10-03,2026-10-03T09:43:09Z,SH-DA-SET,hupnakolo,not_found,,,,,,,0.21,unknown,,
2026-10-03,2026-10-03T09:43:09Z,SH-DA-SET-PM,hupnakolo,not_found,,,,,,,0.21,unknown,,
2026-10-03,2026-10-03T09:43:09Z,SH-X-BT-DN300,hupnakolo,not_found,,,,,,,0.21,unknown,,
2026-10-03,2026-10-03T09:43:09Z,SH-X-EW-EC300,hupnakolo,not_found,,,,,,,0.21,unknown,,
2026-10-03,2026-10-03T09:43:09Z,SH-X-RT-CL800,hupnakolo,ok,Shimano RT-CL800 160 mm – Ultegra brzdový kotouč Ice Tech FREEZA,https://www.hupnakolo.cz/brzdovy-kotouc-shimano-rt-cl800-160mm-center-lock--ice-technologies--v-krabicce/,920.0,CZK,37.6,31.07,0.21,in_stock,meta,ověřit variantu
2026-10-03,2026-10-03T09:43:09Z,SH-X-RT-CL900,hupnakolo,ok,SHIMANO brzd kotouč -ostatní RT-CL900 center lock 160 mm pro Ice tech + lock ring (interní) - Hupnakolo,https://www.hupnakolo.cz/shimano-brzd-kotouc-ostatni-rt-cl900-center-lock-160-mm-pro-ice-tech-lock-ring--interni-/,1188.0,CZK,48.55,40.12,0.21,in_stock,meta,
2026-10-03,2026-10-03T09:43:09Z,SR-RED-SET,hupnakolo,not_found,,,,,,,0.21,unknown,,
2026-10-03,2026-10-03T09:43:09Z,SR-RED-SET-PM,hupnakolo,not_found,,,,,,,0.21,unknown,,
2026-10-03,2026-10-03T09:43:09Z,SR-FORCE-SET,hupnakolo,ok,SRAM Force AXS E2 2×12 – bezdrátová silniční sada,https://www.hupnakolo.cz/00-7918-418-000-sram-force-axs-groupset-2--12-e2---bezdratova-silnicni-sada/,33371.0,CZK,1363.75,1127.07,0.21,in_stock,meta,ověřit variantu
2026-10-03,2026-10-03T09:43:09Z,SR-FORCE-SET-PM,hupnakolo,not_found,,,,,,,0.21,unknown,,
2026-10-03,2026-10-03T09:43:09Z,SR-RIVAL-SET,hupnakolo,not_found,,,,,,,0.21,unknown,,
2026-10-03,2026-10-03T09:43:09Z,SR-RIVAL-SET-PM,hupnakolo,not_found,,,,,,,0.21,unknown,,
2026-10-03,2026-10-03T09:43:09Z,SR-FORCE-D2-SET,hupnakolo,ok,SRAM Force AXS E2 2×12 – bezdrátová silniční sada,https://www.hupnakolo.cz/00-7918-418-000-sram-force-axs-groupset-2--12-e2---bezdratova-silnicni-sada/,33371.0,CZK,1363.75,1127.07,0.21,in_stock,meta,ověřit variantu
2026-10-03,2026-10-03T09:43:09Z,SR-RIVAL-D1-SET,hupnakolo,not_found,,,,,,,0.21,unknown,,
2026-10-03,2026-10-03T09:43:09Z,SR-RED-D1-SET,hupnakolo,not_found,,,,,,,0.21,unknown,,
