date,run_ts,sku_id,shop_id,status,title,url,price_local,currency,price_eur,price_eur_net,vat,availability,source,flag
2026-09-01,2026-09-01T09:14:56Z,SH-105-STBR,starbike,ok,Shimano 105 Di2 ST-R7170 shift- and brake dual control lever,https://www.starbike.com/en/shimano-105-di2-st-r7170-shift-and-brake-dual-control-lever/,189.9,EUR,189.9,159.58,0.19,unknown,jsonld,ověřit variantu
2026-09-01,2026-09-01T09:14:56Z,SH-105-RD,starbike,not_found,,,,,,,0.19,unknown,,
2026-09-01,2026-09-01T09:14:56Z,SH-105-FD,starbike,ok,Shimano 105 Di2 FD-R7150-F front derailleur braze-on,https://www.starbike.com/en/shimano-105-di2-fd-r7150-f-front-derailleur-braze-on/,111.9,EUR,111.9,94.03,0.19,in_stock,jsonld,
2026-09-01,2026-09-01T09:14:56Z,SH-105-FC,starbike,ok,Shimano 105 FC-R7100 crankset 12-speed Hollowtech black,https://www.starbike.com/en/shimano-105-fc-r7100-crankset-12-speed-hollowtech-black/,136.9,EUR,136.9,115.04,0.19,unknown,jsonld,ověřit variantu
2026-09-01,2026-09-01T09:14:56Z,SH-105-CS,starbike,not_found,,,,,,,0.19,unknown,,
2026-09-01,2026-09-01T09:14:56Z,SH-105-CS2,starbike,not_found,,,,,,,0.19,unknown,,
2026-09-01,2026-09-01T09:14:56Z,SH-105-CN,starbike,ok,Shimano CN-M7100 12-speed chain,https://www.starbike.com/en/shimano-cn-m7100-12-speed-chain/,18.3,EUR,18.3,15.38,0.19,unknown,jsonld,
2026-09-01,2026-09-01T09:14:56Z,SH-105-SET,starbike,ok,Shimano 105 Di2 R7170 2x12-speed Flatmount groupset electric,https://www.starbike.com/en/shimano-105-di2-r7170-2x12-speed-flatmount-groupset-electric/,1120.9,EUR,1120.9,941.93,0.19,unknown,jsonld,
2026-09-01,2026-09-01T09:14:56Z,SH-ULT-STBR,starbike,ok,Shimano BR-R8170/ST-R8170 disc brake I-Spec EV excl. adaptor Resin,https://www.starbike.com/en/shimano-br-r8170-st-r8170-disc-brake-i-spec-ev-excl.-adaptor-resin/,368.9,EUR,368.9,310.0,0.19,unknown,jsonld,
2026-09-01,2026-09-01T09:14:56Z,SH-ULT-RD,starbike,ok,Shimano Ultegra RD-R8150 Di2 12-speed rear derailleur black,https://www.starbike.com/en/shimano-ultegra-rd-r8150-di2-12-speed-rear-derailleur-black/,334.9,EUR,334.9,281.43,0.19,in_stock,jsonld,
2026-09-01,2026-09-01T09:14:56Z,SH-ULT-FD,starbike,ok,Shimano Ultegra FD-R8150 Di2 front derailleur 2/12-speed braze-on 50-54T,https://www.starbike.com/en/shimano-ultegra-fd-r8150-di2-front-derailleur-212-speed-braze-on-50-54t/,185.9,EUR,185.9,156.22,0.19,in_stock,jsonld,
2026-09-01,2026-09-01T09:14:56Z,SH-ULT-FC,starbike,ok,Shimano Ultegra FC-R8100 crankset 12-speed Hollowtech anthracite,https://www.starbike.com/en/shimano-ultegra-fc-r8100-crankset-12-speed-hollowtech-anthracite/,203.89,EUR,203.89,171.34,0.19,unknown,jsonld,ověřit variantu
2026-09-01,2026-09-01T09:14:56Z,SH-ULT-FC-PM,starbike,ok,Shimano Ultegra FC-R8100-P 2x12-speed powermeter crankset,https://www.starbike.com/en/shimano-ultegra-fc-r8100-p-2x12-speed-powermeter-crankset/,865.9,EUR,865.9,727.65,0.19,unknown,jsonld,ověřit variantu
2026-09-01,2026-09-01T09:14:56Z,SH-ULT-CS,starbike,not_found,,,,,,,0.19,unknown,,
2026-09-01,2026-09-01T09:14:56Z,SH-ULT-CN,starbike,ok,Shimano XT CN-M8100 12-speed chain,https://www.starbike.com/en/shimano-xt-cn-m8100-12-speed-chain/,23.93,EUR,23.93,20.11,0.19,unknown,jsonld,
2026-09-01,2026-09-01T09:14:56Z,SH-ULT-SET,starbike,ok,Shimano Ultegra Di2 R8100 2x12-speed Flatmount groupset electric,https://www.starbike.com/en/shimano-ultegra-di2-r8100-2x12-speed-flatmount-groupset-electric/,1510.9,EUR,1510.9,1269.66,0.19,unknown,jsonld,
2026-09-01,2026-09-01T09:14:56Z,SH-ULT-SET-PM,starbike,ok,Shimano Ultegra Di2 R8100 2x12-speed Powermeter Flatmount groupset electric,https://www.starbike.com/en/shimano-ultegra-di2-r8100-2x12-speed-powermeter-flatmount-groupset-electric/,2164.9,EUR,2164.9,1819.24,0.19,unknown,jsonld,
2026-09-01,2026-09-01T09:14:56Z,SH-DA-STBR,starbike,ok,Shimano Dura-Ace BR-R9270 Hydraulic Disc Brake / ST-R9270 Di2 STI Shift/Brake Lever,https://www.starbike.com/en/shimano-dura-ace-st-r9270-di2-12-speed-sti-shift-and-brake-lever-hydraulic/,514.9,EUR,514.9,432.69,0.19,unknown,jsonld,
2026-09-01,2026-09-01T09:14:56Z,SH-DA-RD,starbike,ok,Shimano Dura-Ace Di2 RD-R9250 rear derailleur 12-speed black,https://www.starbike.com/en/shimano-dura-ace-di2-rd-r9250-rear-derailleur-12-speed-black/,694.9,EUR,694.9,583.95,0.19,in_stock,jsonld,
2026-09-01,2026-09-01T09:14:56Z,SH-DA-FD,starbike,ok,Shimano Dura-Ace Di2 FD-R9250 front derailleur 2-speed anl&ouml;t 46-55T for 12-speed,https://www.starbike.com/en/shimano-dura-ace-di2-fd-r9250-front-derailleur-2-speed-anloet-46-55t-for-12-speed/,342.9,EUR,342.9,288.15,0.19,in_stock,jsonld,
2026-09-01,2026-09-01T09:14:56Z,SH-DA-FC,starbike,ok,Shimano Dura-Ace FC-R9200 crankset black 12-speed HT2,https://www.starbike.com/en/shimano-dura-ace-fc-r9200-crankset-black-12-speed-ht2/,475.9,EUR,475.9,399.92,0.19,unknown,jsonld,ověřit variantu
2026-09-01,2026-09-01T09:14:56Z,SH-DA-FC-PM,starbike,ok,Shimano Dura-Ace FC-R9200-P 2x12-speed powermeter crankset,https://www.starbike.com/en/shimano-dura-ace-fc-r9200-p-2x12-speed-powermeter-crankset/,1096.89,EUR,1096.89,921.76,0.19,unknown,jsonld,ověřit variantu
2026-09-01,2026-09-01T09:14:56Z,SH-DA-CS,starbike,ok,Shimano Dura-Ace CS-R9200 cassette 12-speed,https://www.starbike.com/en/shimano-dura-ace-cs-r9200-cassette-12-speed/,271.9,EUR,271.9,228.49,0.19,unknown,jsonld,ověřit variantu
2026-09-01,2026-09-01T09:14:56Z,SH-DA-CN,starbike,ok,Shimano XTR CN-M9100 chain 12-speed for E-MTB,https://www.starbike.com/en/shimano-xtr-cn-9100-chain/,37.65,EUR,37.65,31.64,0.19,unknown,jsonld,
2026-09-01,2026-09-01T09:14:56Z,SH-DA-SET,starbike,ok,Shimano Dura-Ace Di2 R9200 12-speed Flatmount groupset electric,https://www.starbike.com/en/shimano-dura-ace-di2-r9200-12-speed-flatmount-groupset-electric/,2621.9,EUR,2621.9,2203.28,0.19,unknown,jsonld,
2026-09-01,2026-09-01T09:14:56Z,SH-DA-SET-PM,starbike,not_found,,,,,,,0.19,unknown,,
2026-09-01,2026-09-01T09:14:56Z,SH-X-BT-DN300,starbike,ok,Shimano BT-DN300 Di2 battery for seatpost/fork,https://www.starbike.com/en/shimano-bt-dn300-di2-battery-for-seatpostfork/,150.9,EUR,150.9,126.81,0.19,in_stock,jsonld,
2026-09-01,2026-09-01T09:14:56Z,SH-X-EW-EC300,starbike,ok,Shimano EW-EC300 Di2 battery charging cable 1.5m USB black,https://www.starbike.com/en/shimano-ew-ec300-di2-battery-charging-cable-15m-usb-black/,41.9,EUR,41.9,35.21,0.19,in_stock,jsonld,
2026-09-01,2026-09-01T09:14:56Z,SH-X-RT-CL800,starbike,ok,Shimano RT-CL800 Centerlock disc rotor with lock ring with magnet 160mm,https://www.starbike.com/en/shimano-rt-cl800-centerlock-disc-rotor-with-lock-ring-with-magnet-160mm/,53.9,EUR,53.9,45.29,0.19,in_stock,jsonld,
2026-09-01,2026-09-01T09:14:56Z,SH-X-RT-CL900,starbike,ok,Shimano RT-CL900 Centerlock disc rotor with lock ring with magnet 160mm,https://www.starbike.com/en/shimano-rt-cl900-centerlock-disc-rotor-with-lock-ring-with-magnet-160mm/,67.9,EUR,67.9,57.06,0.19,in_stock,jsonld,
2026-09-01,2026-09-01T09:14:56Z,SR-RED-STBR,starbike,ok,SRAM RED AXS shift- and braking unit hydraulic disc brake E1 Flatmount,https://www.starbike.com/en/sram-red-axs-shift-and-braking-unit-hydraulic-disc-brake-e1-flatmount-my25/,575.9,EUR,575.9,483.95,0.19,unknown,jsonld,
2026-09-01,2026-09-01T09:14:56Z,SR-RED-RD,starbike,ok,SRAM RED AXS rear derailleur E1 12-speed excl. battery,https://www.starbike.com/en/sram-red-axs-rear-derailleur-e1-12-speed-excl.-battery-my25/,616.9,EUR,616.9,518.4,0.19,in_stock,jsonld,
2026-09-01,2026-09-01T09:14:56Z,SR-RED-FD,starbike,ok,SRAM Spare parts kit for front derailleur Red AXS E1,https://www.starbike.com/en/sram-spare-parts-kit-for-front-derailleur-red-axs-e1/,34.9,EUR,34.9,29.33,0.19,preorder,jsonld,
2026-09-01,2026-09-01T09:14:56Z,SR-RED-FC,starbike,ok,SRAM Red AXS crankset 1/12-speed DUB,https://www.starbike.com/en/sram-red-axs-crankset-1x12-speed-dub/,310.9,EUR,310.9,261.26,0.19,unknown,jsonld,ověřit variantu
2026-09-01,2026-09-01T09:14:56Z,SR-RED-FC-PM,starbike,ok,SRAM Quarq RED E1 crankset excl. bottom bracket DUB,https://www.starbike.com/en/sram-quarq-red-e1-crankset-excl.-bottom-bracket-dub/,973.9,EUR,973.9,818.4,0.19,unknown,jsonld,
2026-09-01,2026-09-01T09:14:56Z,SR-RED-CS,starbike,ok,SRAM XG-1290 Red cassette 12-speed 10-28T.,https://www.starbike.com/en/sram-xg-1290-red-cassette-12-speed/,229.9,EUR,229.9,193.19,0.19,in_stock,jsonld,ověřit variantu
2026-09-01,2026-09-01T09:14:56Z,SR-RED-CN,starbike,ok,SRAM RED AXS PC 12-speed chain incl. PowerLock E1,https://www.starbike.com/en/sram-red-axs-pc-12-speed-chain-incl.-powerlock-e1/,74.9,EUR,74.9,62.94,0.19,unknown,jsonld,
2026-09-01,2026-09-01T09:14:56Z,SR-RED-SET,starbike,ok,SRAM Red AXS 1/12-speed Road groupset disc brake Flatmount,https://www.starbike.com/en/sram-red-axs-road-groupset-1-12-speed-hydraulic-disc-brake-flatmount/,2891.7,EUR,2891.7,2430.0,0.19,in_stock,jsonld,
2026-09-01,2026-09-01T09:14:56Z,SR-RED-SET-PM,starbike,ok,SRAM AXS Red E1 Aero powermeter kit Directmount black/silver (powermeter incl. chainring),https://www.starbike.com/en/sram-axs-red-e1-aero-powermeter-kit-directmount-black-silver-powermeter-incl-chainring/,761.9,EUR,761.9,640.25,0.19,unknown,jsonld,
2026-09-01,2026-09-01T09:14:56Z,SR-FORCE-STBR,starbike,ok,SRAM Force AXS E1 brake-shift lever and hydraulic disc brake Flatmount 20mm front/left + rear/right set/bundle,https://www.starbike.com/en/sram-force-axs-e1-brake-shift-lever-and-hydraulic-disc-brake-flatmount-20mm-front-left-rear-right-set-bundle/,600.95,EUR,600.95,505.0,0.19,in_stock,jsonld,
2026-09-01,2026-09-01T09:14:56Z,SR-FORCE-RD,starbike,ok,SRAM Force AXS E1 rear derailleur 12-speed max. 36T (excl. battery),https://www.starbike.com/en/sram-force-axs-e1-rear-derailleur-12-speed-max-36t-excl-battery/,297.9,EUR,297.9,250.34,0.19,in_stock,jsonld,
2026-09-01,2026-09-01T09:14:56Z,SR-FORCE-FD,starbike,ok,SRAM Force AXS E1 2-speed front derailleur braze-on (excl. battery),https://www.starbike.com/en/sram-force-axs-e1-front-derailleur-2-speed-braze-on-excl-battery/,217.9,EUR,217.9,183.11,0.19,in_stock,jsonld,
2026-09-01,2026-09-01T09:14:56Z,SR-FORCE-FC,starbike,not_found,,,,,,,0.19,unknown,,
2026-09-01,2026-09-01T09:14:56Z,SR-FORCE-FC-PM,starbike,ok,SRAM Force AXS E1 DUB crankset incl. powermeter 2-speed Thread Mount excl. bottom bracket,https://www.starbike.com/en/sram-force-axs-e1-dub-crankset-incl-powermeter-2-speed-thread-mount-excl-bottom-bracket/,492.9,EUR,492.9,414.2,0.19,unknown,jsonld,
2026-09-01,2026-09-01T09:14:56Z,SR-FORCE-CS,starbike,ok,SRAM XG-1270 12-speed cassette,https://www.starbike.com/en/sram-xg-1270-12-speed-cassette/,140.71,EUR,140.71,118.24,0.19,unknown,jsonld,ověřit variantu
2026-09-01,2026-09-01T09:14:56Z,SR-FORCE-CN,starbike,ok,SRAM Force E1 Flattop chain incl. PowerLock 12/13-speed,https://www.starbike.com/en/sram-force-e1-flattop-chain-incl-powerlock-1213-speed/,38.63,EUR,38.63,32.46,0.19,unknown,jsonld,
2026-09-01,2026-09-01T09:14:56Z,SR-FORCE-SET,starbike,ok,SRAM Force AXS 2-speed groupset hydraulic without crank 36T rear derailleur disc flatmount incl. 160mm brake rotor,https://www.starbike.com/en/sram-force-axs-2-speed-groupset-hydraulic-without-crank-36t-rear-derailleur-disc-flatmount-incl-160mm-brake-rotor/,1363.89,EUR,1363.89,1146.13,0.19,in_stock,jsonld,
2026-09-01,2026-09-01T09:14:56Z,SR-FORCE-SET-PM,starbike,not_found,,,,,,,0.19,unknown,,
2026-09-01,2026-09-01T09:14:56Z,SR-RIVAL-STBR,starbike,ok,SRAM Rival AXS E1 shift/brake levers and hydraulic disc brake Flatmount 20mm front+rear set/bundle,https://www.starbike.com/en/sram-rival-axs-e1-shift-brake-levers-and-hydraulic-disc-brake-flatmount-20mm-front-rear-set-bundle/,441.49,EUR,441.49,371.0,0.19,in_stock,jsonld,
2026-09-01,2026-09-01T09:14:56Z,SR-RIVAL-RD,starbike,ok,SRAM Rival AXS E1 rear derailleur 12-speed max. 36T (excl. battery),https://www.starbike.com/en/sram-rival-axs-e1-rear-derailleur-12-speed-max-36t-excl-battery/,260.9,EUR,260.9,219.24,0.19,in_stock,jsonld,
2026-09-01,2026-09-01T09:14:56Z,SR-RIVAL-FD,starbike,ok,SRAM Rival AXS E1 front derailleur braze-on (excl. battery),https://www.starbike.com/en/sram-rival-axs-e1-front-derailleur-braze-on-excl-battery/,152.9,EUR,152.9,128.49,0.19,in_stock,jsonld,
2026-09-01,2026-09-01T09:14:56Z,SR-RIVAL-FC,starbike,ok,SRAM Rival AXS crankset DUB,https://www.starbike.com/en/sram-rival-axs-crankset-dub/,80.9,EUR,80.9,67.98,0.19,unknown,jsonld,ověřit variantu
2026-09-01,2026-09-01T09:14:56Z,SR-RIVAL-FC-PM,starbike,ok,SRAM Rival AXS E1 DUB crankset incl. powermeter spindle Directmount excl. bottom bracket,https://www.starbike.com/en/sram-rival-axs-e1-dub-crankset-incl-powermeter-spindle-directmount-excl-bottom-bracket/,300.9,EUR,300.9,252.86,0.19,unknown,jsonld,
2026-09-01,2026-09-01T09:14:56Z,SR-RIVAL-CS,starbike,ok,SRAM XG-1250 cassette 12-speed,https://www.starbike.com/en/sram-xg-1250-cassette-12-speed/,103.9,EUR,103.9,87.31,0.19,unknown,jsonld,ověřit variantu
2026-09-01,2026-09-01T09:14:56Z,SR-RIVAL-CN,starbike,ok,SRAM Rival E1 Flattop chain incl. PowerLock 12/13-speed,https://www.starbike.com/en/sram-rival-e1-flattop-chain-incl-powerlock-12-13-speed/,32.9,EUR,32.9,27.65,0.19,unknown,jsonld,
2026-09-01,2026-09-01T09:14:56Z,SR-RIVAL-SET,starbike,not_found,,,,,,,0.19,unknown,,
2026-09-01,2026-09-01T09:14:56Z,SR-RIVAL-SET-PM,starbike,not_found,,,,,,,0.19,unknown,,
2026-09-01,2026-09-01T09:14:56Z,SR-FORCE-D2-SET,starbike,ok,SRAM Force AXS 2-speed groupset hydraulic without crank 36T rear derailleur disc flatmount incl. 160mm brake rotor,https://www.starbike.com/en/sram-force-axs-2-speed-groupset-hydraulic-without-crank-36t-rear-derailleur-disc-flatmount-incl-160mm-brake-rotor/,1363.89,EUR,1363.89,1146.13,0.19,in_stock,jsonld,ověřit variantu
2026-09-01,2026-09-01T09:14:56Z,SR-RIVAL-D1-SET,starbike,ok,SRAM Rival Mullet eTap AXS 1/12-speed Road Wide groupset disc,https://www.starbike.com/en/sram-rival-mullet-etap-axs-1-12-speed-road-wide-groupset-disc/,1322.09,EUR,1322.09,1111.0,0.19,preorder,jsonld,ověřit variantu
2026-09-01,2026-09-01T09:14:56Z,SR-RED-D1-SET,starbike,ok,SRAM Spare parts kit for front derailleur Red eTap AXS,https://www.starbike.com/en/sram-spare-parts-kit-for-front-derailleur-red-etap-axs/,31.9,EUR,31.9,26.81,0.19,in_stock,jsonld,ověřit variantu
2026-09-01,2026-09-01T09:14:56Z,SR-X-BATTERY,starbike,ok,SRAM Force AXS E1 2-speed front derailleur braze-on (excl. battery),https://www.starbike.com/en/sram-force-axs-e1-front-derailleur-2-speed-braze-on-excl-battery/,217.9,EUR,217.9,183.11,0.19,in_stock,jsonld,
2026-09-01,2026-09-01T09:14:56Z,SR-X-CHARGER,starbike,ok,SRAM GX AXS Eagle Transmission Kit E-MTB incl. charger/battery/chain 10-52T,https://www.starbike.com/en/sram-gx-axs-eagle-transmission-kit-e-mtb-incl.-charger-battery-chain-10-52t/,749.9,EUR,749.9,630.17,0.19,unknown,jsonld,
2026-09-01,2026-09-01T09:14:56Z,SR-X-PACELINE-160,starbike,not_found,,,,,,,0.19,unknown,,
2026-09-01,2026-09-01T09:14:56Z,SR-X-PACELINE-X-160,starbike,not_found,,,,,,,0.19,unknown,,
2026-09-01,2026-09-01T09:14:56Z,SR-X-CENTERLINE-XR-160,starbike,not_found,,,,,,,0.19,unknown,,
2026-09-01,2026-09-01T09:14:56Z,SH-105-STBR,bike-components,ok,105 Front+Rear Set Disc Brake BR-R7170 + Di2 ST-R7170,https://www.bike-components.de/en/Shimano/105-Front-Rear-Set-Disc-Brake-BR-R7170-Di2-ST-R7170-p88625/,299.0,EUR,299.0,251.26,0.19,out,jsonld,vyprodáno
2026-09-01,2026-09-01T09:14:56Z,SH-105-RD,bike-components,ok,105 Di2 Rear Derailleur Shadow RD-R7150 12-speed,https://www.bike-components.de/en/Shimano/105-Di2-Rear-Derailleur-Shadow-RD-R7150-12-speed-p88619/,149.99,EUR,149.99,126.04,0.19,in_stock,jsonld,
2026-09-01,2026-09-01T09:14:56Z,SH-105-FD,bike-components,ok,105 Di2 Umwerfer FD-R7150 2-/12-fach,https://www.bike-components.de/de/Shimano/105-Di2-Umwerfer-FD-R7150-2-12-fach-p88620/,64.99,EUR,64.99,54.61,0.19,out,jsonld,vyprodáno
2026-09-01,2026-09-01T09:14:56Z,SH-105-FC,bike-components,ok,105 FC-R7100 Hollowtech II Crankset,https://www.bike-components.de/en/Shimano/105-FC-R7100-Hollowtech-II-Crankset-p88622/,103.99,EUR,103.99,87.39,0.19,in_stock,jsonld,ověřit variantu
2026-09-01,2026-09-01T09:14:56Z,SH-105-CS,bike-components,not_found,,,,,,,0.19,unknown,,
2026-09-01,2026-09-01T09:14:56Z,SH-105-CS2,bike-components,ok,CS-HG710-12 12-speed Cassette,https://www.bike-components.de/en/Shimano/CS-HG710-12-12-speed-Cassette-p88624/,61.99,EUR,61.99,52.09,0.19,in_stock,jsonld,ověřit variantu
2026-09-01,2026-09-01T09:14:56Z,SH-105-CN,bike-components,ok,SLX / 105 / E-Bike Quick-Link Chain CN-M7100 12-speed,https://www.bike-components.de/en/Shimano/SLX-105-E-Bike-Quick-Link-Chain-CN-M7100-12-speed-p71462/,21.99,EUR,21.99,18.48,0.19,in_stock,jsonld,
2026-09-01,2026-09-01T09:14:56Z,SH-105-SET,bike-components,ok,105 Di2 R7150 Gruppe 2x12 34-50,https://www.bike-components.de/de/Shimano/105-Di2-R7150-Gruppe-2x12-34-50-p88663/,999.0,EUR,999.0,839.5,0.19,out,jsonld,vyprodáno
2026-09-01,2026-09-01T09:14:56Z,SH-ULT-STBR,bike-components,ok,Ultegra Front+Rear Set Disc Brake BR-R8170 + Di2 ST-R8170,https://www.bike-components.de/en/Shimano/Ultegra-Front-Rear-Set-Disc-Brake-BR-R8170-Di2-ST-R8170-p84490/,509.0,EUR,509.0,427.73,0.19,out,jsonld,vyprodáno
2026-09-01,2026-09-01T09:14:56Z,SH-ULT-RD,bike-components,ok,Adjustment Gauge for RD-R9250 / RD-R8150,https://www.bike-components.de/en/Shimano/Adjustment-Gauge-for-RD-R9250-RD-R8150-p92737/,1.49,EUR,1.49,1.25,0.19,in_stock,jsonld,
2026-09-01,2026-09-01T09:14:56Z,SH-ULT-FD,bike-components,ok,Ultegra Di2 FD-R8150 2-/12-speed Front Derailleur,https://www.bike-components.de/en/Shimano/Ultegra-Di2-FD-R8150-2-12-speed-Front-Derailleur-p84391/,169.99,EUR,169.99,142.85,0.19,in_stock,jsonld,
2026-09-01,2026-09-01T09:14:56Z,SH-ULT-FC,bike-components,ok,Ultegra FC-R8100 Hollowtech II Crankset,https://www.bike-components.de/en/Shimano/Ultegra-FC-R8100-Hollowtech-II-Crankset-p84397/,171.99,EUR,171.99,144.53,0.19,in_stock,jsonld,ověřit variantu
2026-09-01,2026-09-01T09:14:56Z,SH-ULT-FC-PM,bike-components,ok,Ultegra Powermeter Crankset FC-R8100-P Hollowtech II,https://www.bike-components.de/en/Shimano/Ultegra-Powermeter-Crankset-FC-R8100-P-Hollowtech-II-p212607/,889.0,EUR,889.0,747.06,0.19,in_stock,jsonld,ověřit variantu
2026-09-01,2026-09-01T09:14:56Z,SH-ULT-CS,bike-components,ok,Ultegra Cassette CS-R8100 + Chain CN-M8101 12-speed Wear Set,https://www.bike-components.de/en/Shimano/Ultegra-Cassette-CS-R8100-Chain-CN-M8101-12-speed-Wear-Set-p213611/,129.99,EUR,129.99,109.24,0.19,in_stock,jsonld,ověřit variantu
2026-09-01,2026-09-01T09:14:56Z,SH-ULT-CN,bike-components,ok,XT / Ultegra / E-Bike Quick-Link Chain CN-M8100 12-speed,https://www.bike-components.de/en/Shimano/XT-Ultegra-E-Bike-Quick-Link-Chain-CN-M8100-12-speed-p71475/,29.99,EUR,29.99,25.2,0.19,in_stock,jsonld,
2026-09-01,2026-09-01T09:14:56Z,SH-ULT-SET,bike-components,ok,Ultegra Di2 R8150 Groupset 2x12,https://www.bike-components.de/en/Shimano/Ultegra-Di2-R8150-Groupset-2x12-p221432/,1530.0,EUR,1530.0,1285.71,0.19,in_stock,jsonld,
2026-09-01,2026-09-01T09:14:56Z,SH-ULT-SET-PM,bike-components,not_found,,,,,,,0.19,unknown,,
2026-09-01,2026-09-01T09:14:56Z,SH-DA-STBR,bike-components,ok,Dura-Ace Front+Rear Set Disc Brake BR-R9270 + Di2 ST-R9270,https://www.bike-components.de/en/Shimano/Dura-Ace-Front-Rear-Set-Disc-Brake-BR-R9270-Di2-ST-R9270-p84487/,779.0,EUR,779.0,654.62,0.19,out,jsonld,vyprodáno
2026-09-01,2026-09-01T09:14:56Z,SH-DA-RD,bike-components,ok,Adjustment Gauge for RD-R9250 / RD-R8150,https://www.bike-components.de/en/Shimano/Adjustment-Gauge-for-RD-R9250-RD-R8150-p92737/,1.49,EUR,1.49,1.25,0.19,in_stock,jsonld,
2026-09-01,2026-09-01T09:14:56Z,SH-DA-FD,bike-components,ok,Dura-Ace Di2 FD-R9250 2-/12-speed Front Derailleur,https://www.bike-components.de/en/Shimano/Dura-Ace-Di2-FD-R9250-2-12-speed-Front-Derailleur-p84376/,249.99,EUR,249.99,210.08,0.19,in_stock,jsonld,
2026-09-01,2026-09-01T09:14:56Z,SH-DA-FC,bike-components,ok,Dura-Ace Hollowtech II FC-R9200 Crankset,https://www.bike-components.de/en/Shimano/Dura-Ace-Hollowtech-II-FC-R9200-Crankset-p84383/,249.0,EUR,249.0,209.24,0.19,in_stock,jsonld,ověřit variantu
2026-09-01,2026-09-01T09:14:56Z,SH-DA-FC-PM,bike-components,ok,Magnet Set for FC-R9100-P / FC-R9200-P Power Meters,https://www.bike-components.de/en/Shimano/Magnet-Set-for-FC-R9100-P-FC-R9200-P-Power-Meters-p63981/,5.99,EUR,5.99,5.03,0.19,in_stock,jsonld,ověřit variantu
2026-09-01,2026-09-01T09:14:56Z,SH-DA-CS,bike-components,ok,Dura-Ace CS-R9200-12 12-speed Cassette,https://www.bike-components.de/en/Shimano/Dura-Ace-CS-R9200-12-12-speed-Cassette-p84382/,219.99,EUR,219.99,184.87,0.19,in_stock,jsonld,ověřit variantu
2026-09-01,2026-09-01T09:14:56Z,SH-DA-CN,bike-components,ok,XTR / Dura-Ace / E-bike Quick-Link CN-M9100 12-speed Chain,https://www.bike-components.de/en/Shimano/XTR-Dura-Ace-E-bike-Quick-Link-CN-M9100-12-speed-Chain-p62087/,49.99,EUR,49.99,42.01,0.19,in_stock,jsonld,
2026-09-01,2026-09-01T09:14:56Z,SH-DA-SET,bike-components,ok,Dura-Ace Di2 R9250 Groupset 2x12,https://www.bike-components.de/en/Shimano/Dura-Ace-Di2-R9250-Groupset-2x12-p221431/,2520.0,EUR,2520.0,2117.65,0.19,in_stock,jsonld,
2026-09-01,2026-09-01T09:14:56Z,SH-DA-SET-PM,bike-components,not_found,,,,,,,0.19,unknown,,
2026-09-01,2026-09-01T09:14:56Z,SH-X-BT-DN300,bike-components,ok,USB Charging Cable EW-EC300 for BT-DN300 Di2/FC-R9200-P Power Meter,https://www.bike-components.de/en/Shimano/USB-Charging-Cable-EW-EC300-for-BT-DN300-Di2-FC-R9200-P-Power-Meter-p84426/,31.99,EUR,31.99,26.88,0.19,in_stock,jsonld,
2026-09-01,2026-09-01T09:14:56Z,SH-X-EW-EC300,bike-components,ok,USB Charging Cable EW-EC300 for BT-DN300 Di2/FC-R9200-P Power Meter,https://www.bike-components.de/en/Shimano/USB-Charging-Cable-EW-EC300-for-BT-DN300-Di2-FC-R9200-P-Power-Meter-p84426/,31.99,EUR,31.99,26.88,0.19,in_stock,jsonld,
2026-09-01,2026-09-01T09:14:56Z,SH-X-RT-CL800,bike-components,not_found,,,,,,,0.19,unknown,,
2026-09-01,2026-09-01T09:14:56Z,SH-X-RT-CL900,bike-components,not_found,,,,,,,0.19,unknown,,
2026-09-01,2026-09-01T09:14:56Z,SR-RED-STBR,bike-components,ok,Red E1 AXS HRD Disc Brake with Shift/Brake Lever,https://www.bike-components.de/en/SRAM/Red-E1-AXS-HRD-Disc-Brake-with-Shift-Brake-Lever-p94400/,479.0,EUR,479.0,402.52,0.19,in_stock,jsonld,
2026-09-01,2026-09-01T09:14:56Z,SR-RED-RD,bike-components,ok,Red E1 AXS 12-speed Rear Derailleur,https://www.bike-components.de/en/SRAM/Red-E1-AXS-12-speed-Rear-Derailleur-p94401/,519.0,EUR,519.0,436.13,0.19,in_stock,jsonld,
2026-09-01,2026-09-01T09:14:56Z,SR-RED-FD,bike-components,ok,Adjustment Gauge for Red E1 AXS Front Derailleur,https://www.bike-components.de/en/SRAM/Adjustment-Gauge-for-Red-E1-AXS-Front-Derailleur-p94395/,6.99,EUR,6.99,5.87,0.19,in_stock,jsonld,
2026-09-01,2026-09-01T09:14:56Z,SR-RED-FC,bike-components,ok,Red E1 DUB 2x12-speed Carbon Crankset,https://www.bike-components.de/en/SRAM/Red-E1-DUB-2x12-speed-Carbon-Crankset-p94131/,299.0,EUR,299.0,251.26,0.19,in_stock,jsonld,
2026-09-01,2026-09-01T09:14:56Z,SR-RED-FC-PM,bike-components,ok,Red E1 AXS DUB 2x12-speed Carbon Power Meter Crankset,https://www.bike-components.de/en/SRAM/Red-E1-AXS-DUB-2x12-speed-Carbon-Power-Meter-Crankset-p94128/,799.0,EUR,799.0,671.43,0.19,in_stock,jsonld,
2026-09-01,2026-09-01T09:14:56Z,SR-RED-CS,bike-components,ok,Red XG-1290-E1 12-Speed Cassette,https://www.bike-components.de/en/SRAM/Red-XG-1290-E1-12-Speed-Cassette-p94132/,249.99,EUR,249.99,210.08,0.19,in_stock,jsonld,ověřit variantu
2026-09-01,2026-09-01T09:14:56Z,SR-RED-CN,bike-components,ok,X-Sync Road Threaded Mount Red XPLR E1 12-/13-speed Chainring,https://www.bike-components.de/en/SRAM/X-Sync-Road-Threaded-Mount-Red-XPLR-E1-12-13-speed-Chainring-p94462/,104.99,EUR,104.99,88.23,0.19,in_stock,jsonld,
2026-09-01,2026-09-01T09:14:56Z,SR-RED-SET,bike-components,ok,Red E1 AXS HRD FM Groupset 2x12-speed 37-50,https://www.bike-components.de/en/SRAM/Red-E1-AXS-HRD-FM-Groupset-2x12-speed-37-50-p94470/,2800.0,EUR,2800.0,2352.94,0.19,out,jsonld,vyprodáno
2026-09-01,2026-09-01T09:14:56Z,SR-RED-SET-PM,bike-components,ok,Red E1 AXS Power Meter HRD FM Groupset 2x12-speed 33-46,https://www.bike-components.de/en/SRAM/Red-E1-AXS-Power-Meter-HRD-FM-Groupset-2x12-speed-33-46-p94472/,3160.0,EUR,3160.0,2655.46,0.19,out,jsonld,vyprodáno
2026-09-01,2026-09-01T09:14:56Z,SR-FORCE-STBR,bike-components,ok,Shift/Brake Lever Kit Force E1 Axs Disc,https://www.bike-components.de/en/SRAM/Shift-Brake-Lever-Kit-Force-E1-Axs-Disc-p215226/,146.99,EUR,146.99,123.52,0.19,backorder,jsonld,
2026-09-01,2026-09-01T09:14:56Z,SR-FORCE-RD,bike-components,ok,Force E1 AXS Schaltwerk 12-fach,https://www.bike-components.de/de/SRAM/Force-E1-AXS-Schaltwerk-12-fach-p96642/,269.0,EUR,269.0,226.05,0.19,in_stock,jsonld,
2026-09-01,2026-09-01T09:14:56Z,SR-FORCE-FD,bike-components,ok,Force E1 AXS Front Derailleur 2-speed,https://www.bike-components.de/en/SRAM/Force-E1-AXS-Front-Derailleur-2-speed-p96643/,165.99,EUR,165.99,139.49,0.19,out,jsonld,vyprodáno
2026-09-01,2026-09-01T09:14:56Z,SR-FORCE-FC,bike-components,ok,Force AXS 2x12 Crankset,https://www.bike-components.de/en/SRAM/Force-AXS-2x12-Crankset-p217468/,66.99,EUR,66.99,56.29,0.19,in_stock,jsonld,
2026-09-01,2026-09-01T09:14:56Z,SR-FORCE-FC-PM,bike-components,ok,Force E1 DUB DM 2x12-speed Carbon Powermeter Crankset,https://www.bike-components.de/en/SRAM/Force-E1-DUB-DM-2x12-speed-Carbon-Powermeter-Crankset-p96645/,579.0,EUR,579.0,486.55,0.19,in_stock,jsonld,
2026-09-01,2026-09-01T09:14:56Z,SR-FORCE-CS,bike-components,ok,Force XG-1270 E1 12-speed cassette,https://www.bike-components.de/en/SRAM/Force-XG-1270-E1-12-speed-cassette-p96652/,129.99,EUR,129.99,109.24,0.19,in_stock,jsonld,ověřit variantu
2026-09-01,2026-09-01T09:14:56Z,SR-FORCE-CN,bike-components,ok,Force E1 12-speed / 13-speed PowerLock Chain,https://www.bike-components.de/en/SRAM/Force-E1-12-speed-13-speed-PowerLock-Chain-p96636/,41.99,EUR,41.99,35.29,0.19,in_stock,jsonld,
2026-09-01,2026-09-01T09:14:56Z,SR-FORCE-SET,bike-components,ok,Shift/Brake Lever Kit Force E1 Axs Disc,https://www.bike-components.de/en/SRAM/Shift-Brake-Lever-Kit-Force-E1-Axs-Disc-p215226/,146.99,EUR,146.99,123.52,0.19,backorder,jsonld,
2026-09-01,2026-09-01T09:14:56Z,SR-FORCE-SET-PM,bike-components,ok,Force E1 AXS HRD FM Powermeter Gruppe 2x12-fach 33-46,https://www.bike-components.de/de/SRAM/Force-E1-AXS-HRD-FM-Powermeter-Gruppe-2x12-fach-33-46-p218460/,2810.0,EUR,2810.0,2361.34,0.19,out,jsonld,vyprodáno
2026-09-01,2026-09-01T09:14:56Z,SR-RIVAL-STBR,bike-components,ok,Ed Brake Lever Assembly Rival E1 Axs Disc,https://www.bike-components.de/en/SRAM/Ed-Brake-Lever-Assembly-Rival-E1-Axs-Disc-p215118/,139.99,EUR,139.99,117.64,0.19,in_stock,jsonld,
2026-09-01,2026-09-01T09:14:56Z,SR-RIVAL-RD,bike-components,ok,Rival E1 AXS 12-speed rear derailleur,https://www.bike-components.de/en/SRAM/Rival-E1-AXS-12-speed-rear-derailleur-p96663/,193.99,EUR,193.99,163.02,0.19,in_stock,jsonld,
2026-09-01,2026-09-01T09:14:56Z,SR-RIVAL-FD,bike-components,ok,Rival E1 AXS Front Derailleur 2-speed,https://www.bike-components.de/en/SRAM/Rival-E1-AXS-Front-Derailleur-2-speed-p96664/,129.99,EUR,129.99,109.24,0.19,in_stock,jsonld,
2026-09-01,2026-09-01T09:14:56Z,SR-RIVAL-FC,bike-components,ok,Rival DUB 2x12-speed Crankset,https://www.bike-components.de/en/SRAM/Rival-DUB-2x12-speed-Crankset-p81651/,71.99,EUR,71.99,60.5,0.19,in_stock,jsonld,
2026-09-01,2026-09-01T09:14:56Z,SR-RIVAL-FC-PM,bike-components,ok,Rival E1 DUB DM 2x12-speed Powermeter Crankset,https://www.bike-components.de/en/SRAM/Rival-E1-DUB-DM-2x12-speed-Powermeter-Crankset-p96666/,279.0,EUR,279.0,234.45,0.19,in_stock,jsonld,
2026-09-01,2026-09-01T09:14:56Z,SR-RIVAL-CS,bike-components,ok,XG-1250 12-speed Cassette for Rival,https://www.bike-components.de/en/SRAM/XG-1250-12-speed-Cassette-for-Rival-p81658/,84.99,EUR,84.99,71.42,0.19,in_stock,jsonld,ověřit variantu
2026-09-01,2026-09-01T09:14:56Z,SR-RIVAL-CN,bike-components,ok,Rival E1 12-speed / 13-speed PowerLock Chain,https://www.bike-components.de/en/SRAM/Rival-E1-12-speed-13-speed-PowerLock-Chain-p96661/,29.99,EUR,29.99,25.2,0.19,in_stock,jsonld,
2026-09-01,2026-09-01T09:14:56Z,SR-RIVAL-SET,bike-components,ok,Rival E1 AXS HRD FM groupset 2x12-speed 35-48,https://www.bike-components.de/en/SRAM/Rival-E1-AXS-HRD-FM-groupset-2x12-speed-35-48-p218856/,1580.0,EUR,1580.0,1327.73,0.19,out,jsonld,vyprodáno
2026-09-01,2026-09-01T09:14:56Z,SR-RIVAL-SET-PM,bike-components,ok,Rival E1 AXS HRD FM Powermeter Gruppe 2x12-fach 35-48,https://www.bike-components.de/de/SRAM/Rival-E1-AXS-HRD-FM-Powermeter-Gruppe-2x12-fach-35-48-p218860/,1740.0,EUR,1740.0,1462.18,0.19,out,jsonld,vyprodáno
2026-09-01,2026-09-01T09:14:56Z,SR-FORCE-D2-SET,bike-components,not_found,,,,,,,0.19,unknown,,
2026-09-01,2026-09-01T09:14:56Z,SR-RIVAL-D1-SET,bike-components,ok,Mounting & Adjustment Bolt Kit for Rival eTap AXS Rear Derailleur,https://www.bike-components.de/en/SRAM/Mounting-Adjustment-Bolt-Kit-for-Rival-eTap-AXS-Rear-Derailleur-p81638/,6.49,EUR,6.49,5.45,0.19,in_stock,jsonld,ověřit variantu
2026-09-01,2026-09-01T09:14:56Z,SR-RED-D1-SET,bike-components,ok,Pushrod Kit for Red eTap AXS E1,https://www.bike-components.de/en/SRAM/Pushrod-Kit-for-Red-eTap-AXS-E1-p96247/,4.99,EUR,4.99,4.19,0.19,in_stock,jsonld,ověřit variantu
2026-09-01,2026-09-01T09:14:56Z,SR-X-BATTERY,bike-components,not_found,,,,,,,0.19,unknown,,
2026-09-01,2026-09-01T09:14:56Z,SR-X-CHARGER,bike-components,not_found,,,,,,,0.19,unknown,,
2026-09-01,2026-09-01T09:14:56Z,SR-X-PACELINE-160,bike-components,not_found,,,,,,,0.19,unknown,,
2026-09-01,2026-09-01T09:14:56Z,SR-X-PACELINE-X-160,bike-components,not_found,,,,,,,0.19,unknown,,
2026-09-01,2026-09-01T09:14:56Z,SR-X-CENTERLINE-XR-160,bike-components,not_found,,,,,,,0.19,unknown,,
2026-09-01,2026-09-01T09:14:56Z,SH-105-STBR,mantel,not_found,,,,,,,0.21,unknown,,
2026-09-01,2026-09-01T09:14:56Z,SH-105-RD,mantel,not_found,,,,,,,0.21,unknown,,
2026-09-01,2026-09-01T09:14:56Z,SH-105-FD,mantel,not_found,,,,,,,0.21,unknown,,
2026-09-01,2026-09-01T09:14:56Z,SH-105-FC,mantel,ok,Shimano 105 FC-R7100 12 Speed Crankstel,https://www.mantel.com/shimano-105-fc-r7100-12-speed-crankstel,144.95,EUR,144.95,119.79,0.21,in_stock,jsonld,ověřit variantu
2026-09-01,2026-09-01T09:14:56Z,SH-105-CS,mantel,not_found,,,,,,,0.21,unknown,,
2026-09-01,2026-09-01T09:14:56Z,SH-105-CS2,mantel,not_found,,,,,,,0.21,unknown,,
2026-09-01,2026-09-01T09:14:56Z,SH-105-CN,mantel,ok,Shimano CN-M7100 SLX & 105 12 Speed Chain,https://www.mantel.com/en/shimano-slx-m7100-12-speed-chain,25.95,EUR,25.95,21.45,0.21,in_stock,jsonld,
2026-09-01,2026-09-01T09:14:56Z,SH-105-SET,mantel,ok,Shimano 105 R7170 Di2 Disc Groupset,https://www.mantel.com/en/shimano-105-r7170-di2-disc-groupset,959.0,EUR,959.0,792.56,0.21,in_stock,jsonld,
2026-09-01,2026-09-01T09:14:56Z,SH-ULT-STBR,mantel,ok,Shimano Ultegra ST-R8170 + BR-R8170 Disc brake set,https://www.mantel.com/en/shimano-ultegra-st-r8170-br-r8170-disc-brake-set,349.0,EUR,349.0,288.43,0.21,in_stock,jsonld,
2026-09-01,2026-09-01T09:14:56Z,SH-ULT-RD,mantel,not_found,,,,,,,0.21,unknown,,
2026-09-01,2026-09-01T09:14:56Z,SH-ULT-FD,mantel,not_found,,,,,,,0.21,unknown,,
2026-09-01,2026-09-01T09:14:56Z,SH-ULT-FC,mantel,ok,Shimano Ultegra FC-R8100 Klinge,https://www.mantel.com/dk/shimano-ultegra-fc-r8100-klinge,156.0,DKK,20.87,17.25,0.21,in_stock,jsonld,"jiná měna než čekáme (DKK místo EUR) – ověř, zda cena obsahuje DPH; ověřit variantu"
2026-09-01,2026-09-01T09:14:56Z,SH-ULT-FC-PM,mantel,ok,INPEAK Powercrank-E TWIN2 Ultegra FC-R8100 Road Bike Power Meter,https://www.mantel.com/en/inpeak-powercrank-e-twin2-ultegra-fc-r8100,809.95,EUR,809.95,669.38,0.21,in_stock,jsonld,ověřit variantu
2026-09-01,2026-09-01T09:14:56Z,SH-ULT-CS,mantel,not_found,,,,,,,0.21,unknown,,
2026-09-01,2026-09-01T09:14:56Z,SH-ULT-CN,mantel,ok,Shimano XT & Ultegra CN-M8100 12 Speed Chain,https://www.mantel.com/en/shimano-xt-cn-m8100-12-speed-chain,32.95,EUR,32.95,27.23,0.21,in_stock,jsonld,
2026-09-01,2026-09-01T09:14:56Z,SH-ULT-SET,mantel,ok,Shimano Ultegra R8170 Di2 Disc Groupset,https://www.mantel.com/en/shimano-ultegra-r8170-di2-disc-groupset,1249.0,EUR,1249.0,1032.23,0.21,in_stock,jsonld,
2026-09-01,2026-09-01T09:14:56Z,SH-ULT-SET-PM,mantel,not_found,,,,,,,0.21,unknown,,
2026-09-01,2026-09-01T09:14:56Z,SH-DA-STBR,mantel,not_found,,,,,,,0.21,unknown,,
2026-09-01,2026-09-01T09:14:56Z,SH-DA-RD,mantel,ok,Galets de Dérailleur Shimano RD-R9250,https://www.mantel.com/fr/galets-de-derailleur-shimano-rd-r9250,34.66,EUR,34.66,28.64,0.21,in_stock,jsonld,
2026-09-01,2026-09-01T09:14:56Z,SH-DA-FD,mantel,not_found,,,,,,,0.21,unknown,,
2026-09-01,2026-09-01T09:14:56Z,SH-DA-FC,mantel,ok,Shimano Dura-Ace FC-R9200 Klinge,https://www.mantel.com/dk/shimano-dura-ace-fc-r9200-klinge,234.0,DKK,31.3,25.87,0.21,in_stock,jsonld,"jiná měna než čekáme (DKK místo EUR) – ověř, zda cena obsahuje DPH; ověřit variantu"
2026-09-01,2026-09-01T09:14:56Z,SH-DA-FC-PM,mantel,ok,"Magura Adapter QM 45, PM 180-220 / PM 140-180",https://www.mantel.com/magura-adapter-qm-45-pm-180-220-pm-140-180,10.0,EUR,10.0,8.26,0.21,in_stock,jsonld,ověřit variantu
2026-09-01,2026-09-01T09:14:56Z,SH-DA-CS,mantel,ok,Shimano Dura Ace CS-R9200 Cassette,https://www.mantel.com/en/shimano-dura-ace-cs-r9200-cassette,222.95,EUR,222.95,184.26,0.21,in_stock,jsonld,ověřit variantu
2026-09-01,2026-09-01T09:14:56Z,SH-DA-CN,mantel,ok,Chaîne Shimano R9200 Dura-Ace / CN-M9100 XTR 12v,https://www.mantel.com/fr/chaine-shimano-r9200-dura-ace-cn-m9100-xtr-12v,49.54,EUR,49.54,40.94,0.21,in_stock,jsonld,
2026-09-01,2026-09-01T09:14:56Z,SH-DA-SET,mantel,ok,Shimano Dura Ace R9200 Di2 Disc Groupset,https://www.mantel.com/en/shimano-dura-ace-r9200-di2-disc-groupset,2149.0,EUR,2149.0,1776.03,0.21,in_stock,jsonld,
2026-09-01,2026-09-01T09:14:56Z,SH-DA-SET-PM,mantel,not_found,,,,,,,0.21,unknown,,
2026-09-01,2026-09-01T09:14:56Z,SH-X-BT-DN300,mantel,ok,Shimano Shimano Di2 E-TUBE BT-DN300 Lithium-Ion Battery,https://www.mantel.com/en/shimano-shimano-di2-e-tube-bt-dn300-lithium-ion-battery,149.99,EUR,149.99,123.96,0.21,in_stock,jsonld,
2026-09-01,2026-09-01T09:14:56Z,SH-X-EW-EC300,mantel,ok,Shimano Di2 Charge EW-EC300 Electric Wire,https://www.mantel.com/en/shimano-di2-charge-12-speed-electric-wire,33.95,EUR,33.95,28.06,0.21,in_stock,jsonld,
2026-09-01,2026-09-01T09:14:56Z,SH-X-RT-CL800,mantel,not_found,,,,,,,0.21,unknown,,
2026-09-01,2026-09-01T09:14:56Z,SH-X-RT-CL900,mantel,not_found,,,,,,,0.21,unknown,,
2026-09-01,2026-09-01T09:14:56Z,SR-RED-STBR,mantel,ok,SRAM RED AXS E1 Shifter Set,https://www.mantel.com/en/sram-red-axs-e1-shifter-set,499.0,EUR,499.0,412.4,0.21,in_stock,jsonld,
2026-09-01,2026-09-01T09:14:56Z,SR-RED-RD,mantel,ok,SRAM RED AXS E1 Rear Derailleur,https://www.mantel.com/en/sram-red-axs-e1-rear-derailleur,569.0,EUR,569.0,470.25,0.21,in_stock,jsonld,
2026-09-01,2026-09-01T09:14:56Z,SR-RED-FD,mantel,ok,SRAM RED AXS E1 Front Derailleur,https://www.mantel.com/en/sram-red-axs-e1-front-derailleur,365.0,EUR,365.0,301.65,0.21,in_stock,jsonld,
2026-09-01,2026-09-01T09:14:56Z,SR-RED-FC,mantel,ok,SRAM RED E1 DUB Crankset,https://www.mantel.com/en/sram-red-e1-dub,589.0,EUR,589.0,486.78,0.21,in_stock,jsonld,
2026-09-01,2026-09-01T09:14:56Z,SR-RED-FC-PM,mantel,not_found,,,,,,,0.21,unknown,,
2026-09-01,2026-09-01T09:14:56Z,SR-RED-CS,mantel,ok,SRAM XG-1290 E1 Cassette,https://www.mantel.com/en/sram-xg-1290-e1-cassette,269.95,EUR,269.95,223.1,0.21,in_stock,jsonld,ověřit variantu
2026-09-01,2026-09-01T09:14:56Z,SR-RED-CN,mantel,ok,SRAM Red AXS E1 chain,https://www.mantel.com/en/sram-red-axs-e1-chain,68.95,EUR,68.95,56.98,0.21,in_stock,jsonld,
2026-09-01,2026-09-01T09:14:56Z,SR-RED-SET,mantel,not_found,,,,,,,0.21,unknown,,
2026-09-01,2026-09-01T09:14:56Z,SR-RED-SET-PM,mantel,not_found,,,,,,,0.21,unknown,,
2026-09-01,2026-09-01T09:14:56Z,SR-FORCE-STBR,mantel,ok,SRAM Force AXS E1 Shifters,https://www.mantel.com/en/sram-force-axs-e1-shifters,270.0,EUR,270.0,223.14,0.21,in_stock,jsonld,
2026-09-01,2026-09-01T09:14:56Z,SR-FORCE-RD,mantel,ok,SRAM Force AXS E1 Rear Derailleur,https://www.mantel.com/en/sram-force-axs-e1-rd-rear-derailleur,289.0,EUR,289.0,238.84,0.21,in_stock,jsonld,
2026-09-01,2026-09-01T09:14:56Z,SR-FORCE-FD,mantel,ok,SRAM Force AXS E1 Front Derailleur,https://www.mantel.com/en/sram-force-axs-e1-embargo-17-6-front-derailleur,209.0,EUR,209.0,172.73,0.21,in_stock,jsonld,
2026-09-01,2026-09-01T09:14:56Z,SR-FORCE-FC,mantel,ok,SRAM Force E1 DUB Crankset,https://www.mantel.com/en/sram-force-e1-dub-cs-crankset,139.95,EUR,139.95,115.66,0.21,in_stock,jsonld,
2026-09-01,2026-09-01T09:14:56Z,SR-FORCE-FC-PM,mantel,not_found,,,,,,,0.21,unknown,,
2026-09-01,2026-09-01T09:14:56Z,SR-FORCE-CS,mantel,ok,SRAM XG-1270 E1 Cassette,https://www.mantel.com/en/sram-xg-1270-e1-cassette,144.95,EUR,144.95,119.79,0.21,in_stock,jsonld,ověřit variantu
2026-09-01,2026-09-01T09:14:56Z,SR-FORCE-CN,mantel,ok,SRAM Force E1 FlatTop Chain,https://www.mantel.com/en/sram-force-e1-flattop-chain,43.95,EUR,43.95,36.32,0.21,in_stock,jsonld,
2026-09-01,2026-09-01T09:14:56Z,SR-FORCE-SET,mantel,ok,Kit SRAM Force AXS E1 Road,https://www.mantel.com/fr/kit-sram-force-axs-e1-road,990.74,EUR,990.74,818.79,0.21,in_stock,jsonld,
2026-09-01,2026-09-01T09:14:56Z,SR-FORCE-SET-PM,mantel,not_found,,,,,,,0.21,unknown,,
2026-09-01,2026-09-01T09:14:56Z,SR-RIVAL-STBR,mantel,ok,SRAM Rival AXS E1 Road Bike Shifters,https://www.mantel.com/en/sram-rival-axs-e1-road-bike-shifters,196.95,EUR,196.95,162.77,0.21,in_stock,jsonld,
2026-09-01,2026-09-01T09:14:56Z,SR-RIVAL-RD,mantel,ok,SRAM Rival AXS E1 Rear Derailleur,https://www.mantel.com/en/sram-rival-axs-e1-rd-rear-derailleur,223.95,EUR,223.95,185.08,0.21,in_stock,jsonld,
2026-09-01,2026-09-01T09:14:56Z,SR-RIVAL-FD,mantel,ok,SRAM Rival AXS E1 Front Derailleur,https://www.mantel.com/en/sram-rival-axs-e1-embargo-17-6-front-derailleur,129.0,EUR,129.0,106.61,0.21,in_stock,jsonld,
2026-09-01,2026-09-01T09:14:56Z,SR-RIVAL-FC,mantel,ok,SRAM Rival E1 DUB Crankset,https://www.mantel.com/en/sram-rival-e1-dub-crankset,135.0,EUR,135.0,111.57,0.21,in_stock,jsonld,
2026-09-01,2026-09-01T09:14:56Z,SR-RIVAL-FC-PM,mantel,not_found,,,,,,,0.21,unknown,,
2026-09-01,2026-09-01T09:14:56Z,SR-RIVAL-CS,mantel,ok,SRAM Rival XG-1250 12 Speed Cassette,https://www.mantel.com/en/sram-rival-xg-1250-cassette-cassette,94.95,EUR,94.95,78.47,0.21,in_stock,jsonld,ověřit variantu
2026-09-01,2026-09-01T09:14:56Z,SR-RIVAL-CN,mantel,ok,SRAM Rival E1 FlatTop Chain,https://www.mantel.com/en/sram-rival-e1-flattop-chain,29.95,EUR,29.95,24.75,0.21,in_stock,jsonld,
2026-09-01,2026-09-01T09:14:56Z,SR-RIVAL-SET,mantel,ok,Kit SRAM Rival AXS E1 Road,https://www.mantel.com/fr/kit-sram-rival-axs-e1-road,703.14,EUR,703.14,581.11,0.21,in_stock,jsonld,
2026-09-01,2026-09-01T09:14:56Z,SR-RIVAL-SET-PM,mantel,not_found,,,,,,,0.21,unknown,,
2026-09-01,2026-09-01T09:14:56Z,SR-FORCE-D2-SET,mantel,not_found,,,,,,,0.21,unknown,,
2026-09-01,2026-09-01T09:14:56Z,SR-RIVAL-D1-SET,mantel,not_found,,,,,,,0.21,unknown,,
2026-09-01,2026-09-01T09:14:56Z,SR-RED-D1-SET,mantel,not_found,,,,,,,0.21,unknown,,
2026-09-01,2026-09-01T09:14:56Z,SR-X-BATTERY,mantel,ok,SRAM eTAP AXS Battery,https://www.mantel.com/en/sram-etap-axs-battery,47.95,EUR,47.95,39.63,0.21,in_stock,jsonld,
2026-09-01,2026-09-01T09:14:56Z,SR-X-CHARGER,mantel,ok,SRAM eTap AXS Battery Charger,https://www.mantel.com/en/sram-etap-axs-battery-charger,41.95,EUR,41.95,34.67,0.21,in_stock,jsonld,
2026-09-01,2026-09-01T09:14:56Z,SR-X-PACELINE-160,mantel,not_found,,,,,,,0.21,unknown,,
2026-09-01,2026-09-01T09:14:56Z,SR-X-PACELINE-X-160,mantel,not_found,,,,,,,0.21,unknown,,
2026-09-01,2026-09-01T09:14:56Z,SR-X-CENTERLINE-XR-160,mantel,not_found,,,,,,,0.21,unknown,,
2026-09-01,2026-09-01T09:14:56Z,SH-105-STBR,rose,not_found,,,,,,,0.19,unknown,,
2026-09-01,2026-09-01T09:14:56Z,SH-105-RD,rose,ok,105 RD-R7150 Di2 Schaltwerk,https://www.rosebikes.de/p/shimano-105-rd-r7150-di2-schaltwerk-2713288,159.95,EUR,159.95,134.41,0.19,out,jsonld,vyprodáno
2026-09-01,2026-09-01T09:14:56Z,SH-105-FD,rose,ok,105 FD-R7150 Di2 Umwerfer 2-/12-fach,https://www.rosebikes.de/p/shimano-105-fd-r7150-di2-umwerfer-2-12-fach-2713285,84.95,EUR,84.95,71.39,0.19,in_stock,jsonld,
2026-09-01,2026-09-01T09:14:56Z,SH-105-FC,rose,ok,105 FC-R7100 Hollowtech II Kurbel 2 x 12-fach (50/34),https://www.rosebikes.de/p/shimano-105-fc-r7100-hollowtech-ii-kurbel-2-x-12-fach-5034-2701936,71.95,EUR,71.95,60.46,0.19,out,jsonld,vyprodáno
2026-09-01,2026-09-01T09:14:56Z,SH-105-CS,rose,ok,105 CS-R7100 12-fach Zahnkranz,https://www.rosebikes.de/p/shimano-105-cs-r7100-12-fach-zahnkranz-2713281,49.95,EUR,49.95,41.97,0.19,out,jsonld,ověřit variantu; vyprodáno
2026-09-01,2026-09-01T09:14:56Z,SH-105-CS2,rose,not_found,,,,,,,0.19,unknown,,
2026-09-01,2026-09-01T09:14:56Z,SH-105-CN,rose,ok,SLX / 105 CN-M7100 HG+ 12-fach Kette,https://www.rosebikes.de/p/shimano-slx-105-cn-m7100-hg-12-fach-kette-2678996,21.95,EUR,21.95,18.45,0.19,in_stock,jsonld,
2026-09-01,2026-09-01T09:14:56Z,SH-105-SET,rose,not_found,,,,,,,0.19,unknown,,
2026-09-01,2026-09-01T09:14:56Z,SH-ULT-STBR,rose,ok,Ultegra Di2 ST-R8170 STI Brems-/Schalthebelkombination mit BR-R8170 Scheibenbremse J-Kit Direct,https://www.rosebikes.de/p/shimano-ultegra-di2-st-r8170-sti-brems-schalthebelkombination-mit-br-r8170-scheibenbremse-j-kit-direct-2700381,278.95,EUR,278.95,234.41,0.19,in_stock,jsonld,
2026-09-01,2026-09-01T09:14:56Z,SH-ULT-RD,rose,ok,Ultegra RD-R8150 Di2 Schaltwerk 12-fach,https://www.rosebikes.de/p/shimano-ultegra-rd-r8150-di2-schaltwerk-12-fach-165824,254.95,EUR,254.95,214.24,0.19,in_stock,jsonld,
2026-09-01,2026-09-01T09:14:56Z,SH-ULT-FD,rose,ok,Ultegra FD-R8150 Di2 Umwerfer 2-/12-fach,https://www.rosebikes.de/p/shimano-ultegra-fd-r8150-di2-umwerfer-2-12-fach-2700256,173.95,EUR,173.95,146.18,0.19,in_stock,jsonld,
2026-09-01,2026-09-01T09:14:56Z,SH-ULT-FC,rose,ok,Ultegra FC-R8100 Hollowtech II Kurbelgarnitur 2-/12-fach,https://www.rosebikes.de/p/shimano-ultegra-fc-r8100-hollowtech-ii-kurbelgarnitur-2-12-fach-2700227,189.95,EUR,189.95,159.62,0.19,in_stock,jsonld,ověřit variantu
2026-09-01,2026-09-01T09:14:56Z,SH-ULT-FC-PM,rose,ok,Xtra Watt Plus | Bikes zum besten Preis | Rose Bikes,https://www.rosebikes.de/fahrr%C3%A4der/sale/e-bike/xtra-watt-plus?sf=1,3300.0,EUR,3300.0,2773.11,0.19,unknown,meta,ověřit variantu
2026-09-01,2026-09-01T09:14:56Z,SH-ULT-CS,rose,not_found,,,,,,,0.19,unknown,,
2026-09-01,2026-09-01T09:14:56Z,SH-ULT-CN,rose,ok,Deore XT / Ultegra CN-M8100 HG+ 12-fach Kette,https://www.rosebikes.de/p/shimano-deore-xt-ultegra-cn-m8100-hg-12-fach-kette-2678940,27.95,EUR,27.95,23.49,0.19,in_stock,jsonld,
2026-09-01,2026-09-01T09:14:56Z,SH-ULT-SET,rose,not_found,,,,,,,0.19,unknown,,
2026-09-01,2026-09-01T09:14:56Z,SH-ULT-SET-PM,rose,not_found,,,,,,,0.19,unknown,,
2026-09-01,2026-09-01T09:14:56Z,SH-DA-STBR,rose,not_found,,,,,,,0.19,unknown,,
2026-09-01,2026-09-01T09:14:56Z,SH-DA-RD,rose,ok,Dura-Ace RD-R9250 Di2 Schaltwerk o. B-Achse (Direct Mount),https://www.rosebikes.de/p/shimano-dura-ace-rd-r9250-di2-schaltwerk-o-b-achse-direct-mount-2715076,350.95,EUR,350.95,294.92,0.19,out,jsonld,vyprodáno
2026-09-01,2026-09-01T09:14:56Z,SH-DA-FD,rose,ok,Dura-Ace FD-R9250-F Di2 Umwerfer für Anlötsockel,https://www.rosebikes.de/p/shimano-dura-ace-fd-r9250-f-di2-umwerfer-fuer-anloetsockel-2700260,279.95,EUR,279.95,235.25,0.19,out,jsonld,vyprodáno
2026-09-01,2026-09-01T09:14:56Z,SH-DA-FC,rose,ok,Dura Ace Hollowtech II FC-R9200 12-fach Kurbel (52/36),https://www.rosebikes.de/p/shimano-dura-ace-hollowtech-ii-fc-r9200-12-fach-kurbel-5236-2695990,295.0,EUR,295.0,247.9,0.19,out,jsonld,vyprodáno
2026-09-01,2026-09-01T09:14:56Z,SH-DA-FC-PM,rose,ok,Xtra Watt Plus | Bikes zum besten Preis | Rose Bikes,https://www.rosebikes.de/fahrr%C3%A4der/sale/e-bike/xtra-watt-plus?sf=1,3300.0,EUR,3300.0,2773.11,0.19,unknown,meta,ověřit variantu
2026-09-01,2026-09-01T09:14:56Z,SH-DA-CS,rose,ok,Dura Ace CS-R9200 12-fach Zahnkranz (11-30),https://www.rosebikes.de/p/shimano-dura-ace-cs-r9200-12-fach-zahnkranz-11-30-2705202,145.95,EUR,145.95,122.65,0.19,out,jsonld,vyprodáno
2026-09-01,2026-09-01T09:14:56Z,SH-DA-CN,rose,ok,XTR/DURA ACE CN-M9100 HG+ Kette 12-fach (118 Glieder),https://www.rosebikes.de/p/shimano-xtrdura-ace-cn-m9100-hg-kette-12-fach-118-glieder-2666335,37.95,EUR,37.95,31.89,0.19,out,jsonld,vyprodáno
2026-09-01,2026-09-01T09:14:56Z,SH-DA-SET,rose,not_found,,,,,,,0.19,unknown,,
2026-09-01,2026-09-01T09:14:56Z,SH-DA-SET-PM,rose,not_found,,,,,,,0.19,unknown,,
2026-09-01,2026-09-01T09:14:56Z,SH-X-BT-DN300,rose,ok,BT-DN300 Li-Ion Akku Di2 12-fach integriert für EW-SD300,https://www.rosebikes.de/p/shimano-bt-dn300-li-ion-akku-di2-12-fach-integriert-fuer-ew-sd300-2700197,118.95,EUR,118.95,99.96,0.19,in_stock,jsonld,
2026-09-01,2026-09-01T09:14:56Z,SH-X-EW-EC300,rose,ok,EW-EC300 Ladekabel interner Akku Di2 12-fach,https://www.rosebikes.de/p/shimano-ew-ec300-ladekabel-interner-akku-di2-12-fach-2700215,34.95,EUR,34.95,29.37,0.19,in_stock,jsonld,
2026-09-01,2026-09-01T09:14:56Z,SH-X-RT-CL800,rose,not_found,,,,,,,0.19,unknown,,
2026-09-01,2026-09-01T09:14:56Z,SH-X-RT-CL900,rose,not_found,,,,,,,0.19,unknown,,
2026-09-01,2026-09-01T09:14:56Z,SR-RED-STBR,rose,ok,"RED AXS™ HRD Brems-/Schalthebel inkl. Scheibenbremse, Hinterrad, rechts",https://www.rosebikes.de/p/sram-red-axstm-hrd-brems-schalthebel-inkl-scheibenbremse-hinterrad-rechts-2729329,518.95,EUR,518.95,436.09,0.19,in_stock,jsonld,
2026-09-01,2026-09-01T09:14:56Z,SR-RED-RD,rose,ok,RED AXS™ 12-fach Schaltwerk,https://www.rosebikes.de/p/sram-red-axstm-12-fach-schaltwerk-2729359,561.95,EUR,561.95,472.23,0.19,in_stock,jsonld,ověřit variantu
2026-09-01,2026-09-01T09:14:56Z,SR-RED-FD,rose,ok,RED AXS™ Front Umwerfer,https://www.rosebikes.de/p/sram-red-axstm-front-umwerfer-2729358,360.95,EUR,360.95,303.32,0.19,in_stock,jsonld,ověřit variantu
2026-09-01,2026-09-01T09:14:56Z,SR-RED-FC,rose,not_found,,,,,,,0.19,unknown,,
2026-09-01,2026-09-01T09:14:56Z,SR-RED-FC-PM,rose,not_found,,,,,,,0.19,unknown,,
2026-09-01,2026-09-01T09:14:56Z,SR-RED-CS,rose,not_found,,,,,,,0.19,unknown,,
2026-09-01,2026-09-01T09:14:56Z,SR-RED-CN,rose,ok,Red 22/Force 22 Kettenblatt,https://www.rosebikes.de/p/sram-red-22force-22-kettenblatt-859274,23.95,EUR,23.95,20.13,0.19,in_stock,jsonld,ověřit variantu
2026-09-01,2026-09-01T09:14:56Z,SR-RED-SET,rose,not_found,,,,,,,0.19,unknown,,
2026-09-01,2026-09-01T09:14:56Z,SR-RED-SET-PM,rose,not_found,,,,,,,0.19,unknown,,
2026-09-01,2026-09-01T09:14:56Z,SR-FORCE-STBR,rose,ok,"Force AXS™ HRD Brems-/Schalthebel inkl. Scheibenbremse, Hinterrad, rechts",https://www.rosebikes.de/p/sram-force-axstm-hrd-brems-schalthebel-inkl-scheibenbremse-hinterrad-rechts-159619,287.95,EUR,287.95,241.97,0.19,in_stock,jsonld,
2026-09-01,2026-09-01T09:14:56Z,SR-FORCE-RD,rose,ok,Force AXS™ 12-fach Schaltwerk,https://www.rosebikes.de/p/sram-force-axstm-12-fach-schaltwerk-159625,271.95,EUR,271.95,228.53,0.19,in_stock,jsonld,ověřit variantu
2026-09-01,2026-09-01T09:14:56Z,SR-FORCE-FD,rose,ok,Force AXS™ 2x12-fach Umwerfer,https://www.rosebikes.de/p/sram-force-axstm-2x12-fach-umwerfer-159627,194.95,EUR,194.95,163.82,0.19,in_stock,jsonld,ověřit variantu
2026-09-01,2026-09-01T09:14:56Z,SR-FORCE-FC,rose,ok,Force DUB™ 2x12-fach Kurbelgarnitur 48-35 Zähne,https://www.rosebikes.de/p/sram-force-dubtm-2x12-fach-kurbelgarnitur-48-35-zaehne-159638,304.95,EUR,304.95,256.26,0.19,in_stock,jsonld,
2026-09-01,2026-09-01T09:14:56Z,SR-FORCE-FC-PM,rose,ok,Force 1® AXS™ Power Meter Kurbel 1 x 12-fach,https://www.rosebikes.de/p/sram-force-1r-axstm-power-meter-kurbel-1-x-12-fach-2718601,319.95,EUR,319.95,268.87,0.19,out,jsonld,vyprodáno
2026-09-01,2026-09-01T09:14:56Z,SR-FORCE-CS,rose,not_found,,,,,,,0.19,unknown,,
2026-09-01,2026-09-01T09:14:56Z,SR-FORCE-CN,rose,ok,FORCE 12-/13-fach Kette,https://www.rosebikes.de/p/sram-force-12-13-fach-kette-2678179,38.95,EUR,38.95,32.73,0.19,out,jsonld,vyprodáno
2026-09-01,2026-09-01T09:14:56Z,SR-FORCE-SET,rose,not_found,,,,,,,0.19,unknown,,
2026-09-01,2026-09-01T09:14:56Z,SR-FORCE-SET-PM,rose,not_found,,,,,,,0.19,unknown,,
2026-09-01,2026-09-01T09:14:56Z,SR-RIVAL-STBR,rose,ok,"Rival AXS™ HRD Brems-/Schalthebel inkl. Scheibenbremse, Hinterrad, rechts",https://www.rosebikes.de/p/sram-rival-axstm-hrd-brems-schalthebel-inkl-scheibenbremse-hinterrad-rechts-159616,199.95,EUR,199.95,168.03,0.19,in_stock,jsonld,
2026-09-01,2026-09-01T09:14:56Z,SR-RIVAL-RD,rose,ok,Rival AXS™ 12-fach Schaltwerk,https://www.rosebikes.de/p/sram-rival-axstm-12-fach-schaltwerk-159621,229.95,EUR,229.95,193.24,0.19,in_stock,jsonld,ověřit variantu
2026-09-01,2026-09-01T09:14:56Z,SR-RIVAL-FD,rose,ok,Rival AXS™ 2x12-fach Umwerfer,https://www.rosebikes.de/p/sram-rival-axstm-2x12-fach-umwerfer-159626,149.95,EUR,149.95,126.01,0.19,in_stock,jsonld,ověřit variantu
2026-09-01,2026-09-01T09:14:56Z,SR-RIVAL-FC,rose,ok,Rival DUB™ 2x12-fach Kurbelgarnitur 46-33 Zähne,https://www.rosebikes.de/p/sram-rival-dubtm-2x12-fach-kurbelgarnitur-46-33-zaehne-159629,141.95,EUR,141.95,119.29,0.19,in_stock,jsonld,
2026-09-01,2026-09-01T09:14:56Z,SR-RIVAL-FC-PM,rose,ok,Rival AXS™ Power Meter Kurbel 2 x 12-fach,https://www.rosebikes.de/p/sram-rival-axstm-power-meter-kurbel-2-x-12-fach-2700080,268.95,EUR,268.95,226.01,0.19,in_stock,jsonld,
2026-09-01,2026-09-01T09:14:56Z,SR-RIVAL-CS,rose,not_found,,,,,,,0.19,unknown,,
2026-09-01,2026-09-01T09:14:56Z,SR-RIVAL-CN,rose,ok,"Rival 2 x 12-fach AXS Kettenblatt, innen",https://www.rosebikes.de/p/sram-rival-2-x-12-fach-axs-kettenblatt-innen-2699864,18.95,EUR,18.95,15.92,0.19,preorder,jsonld,
2026-09-01,2026-09-01T09:14:56Z,SR-RIVAL-SET,rose,not_found,,,,,,,0.19,unknown,,
2026-09-01,2026-09-01T09:14:56Z,SR-RIVAL-SET-PM,rose,not_found,,,,,,,0.19,unknown,,
2026-09-01,2026-09-01T09:14:56Z,SR-FORCE-D2-SET,rose,not_found,,,,,,,0.19,unknown,,
2026-09-01,2026-09-01T09:14:56Z,SR-RIVAL-D1-SET,rose,not_found,,,,,,,0.19,unknown,,
2026-09-01,2026-09-01T09:14:56Z,SR-RED-D1-SET,rose,not_found,,,,,,,0.19,unknown,,
2026-09-01,2026-09-01T09:14:56Z,SR-X-BATTERY,rose,not_found,,,,,,,0.19,unknown,,
2026-09-01,2026-09-01T09:14:56Z,SR-X-CHARGER,rose,not_found,,,,,,,0.19,unknown,,
2026-09-01,2026-09-01T09:14:56Z,SR-X-PACELINE-160,rose,not_found,,,,,,,0.19,unknown,,
2026-09-01,2026-09-01T09:14:56Z,SR-X-PACELINE-X-160,rose,not_found,,,,,,,0.19,unknown,,
2026-09-01,2026-09-01T09:14:56Z,SR-X-CENTERLINE-XR-160,rose,not_found,,,,,,,0.19,unknown,,
2026-09-01,2026-09-01T09:14:56Z,SH-105-STBR,koloshop,not_found,,,,,,,0.21,unknown,,
2026-09-01,2026-09-01T09:14:56Z,SH-105-RD,koloshop,not_found,,,,,,,0.21,unknown,,
2026-09-01,2026-09-01T09:14:56Z,SH-105-FD,koloshop,not_found,,,,,,,0.21,unknown,,
2026-09-01,2026-09-01T09:14:56Z,SH-105-FC,koloshop,not_found,,,,,,,0.21,unknown,,
2026-09-01,2026-09-01T09:14:56Z,SH-105-CS,koloshop,not_found,,,,,,,0.21,unknown,,
2026-09-01,2026-09-01T09:14:56Z,SH-105-CS2,koloshop,not_found,,,,,,,0.21,unknown,,
2026-09-01,2026-09-01T09:14:56Z,SH-105-CN,koloshop,not_found,,,,,,,0.21,unknown,,
2026-09-01,2026-09-01T09:14:56Z,SH-105-SET,koloshop,not_found,,,,,,,0.21,unknown,,
2026-09-01,2026-09-01T09:14:56Z,SH-ULT-STBR,koloshop,not_found,,,,,,,0.21,unknown,,
2026-09-01,2026-09-01T09:14:56Z,SH-ULT-RD,koloshop,not_found,,,,,,,0.21,unknown,,
2026-09-01,2026-09-01T09:14:56Z,SH-ULT-FD,koloshop,not_found,,,,,,,0.21,unknown,,
2026-09-01,2026-09-01T09:14:56Z,SH-ULT-FC,koloshop,not_found,,,,,,,0.21,unknown,,
2026-09-01,2026-09-01T09:14:56Z,SH-ULT-FC-PM,koloshop,not_found,,,,,,,0.21,unknown,,
2026-09-01,2026-09-01T09:14:56Z,SH-ULT-CS,koloshop,not_found,,,,,,,0.21,unknown,,
2026-09-01,2026-09-01T09:14:56Z,SH-ULT-CN,koloshop,not_found,,,,,,,0.21,unknown,,
2026-09-01,2026-09-01T09:14:56Z,SH-ULT-SET,koloshop,not_found,,,,,,,0.21,unknown,,
2026-09-01,2026-09-01T09:14:56Z,SH-ULT-SET-PM,koloshop,not_found,,,,,,,0.21,unknown,,
2026-09-01,2026-09-01T09:14:56Z,SH-DA-STBR,koloshop,not_found,,,,,,,0.21,unknown,,
2026-09-01,2026-09-01T09:14:56Z,SH-DA-RD,koloshop,not_found,,,,,,,0.21,unknown,,
2026-09-01,2026-09-01T09:14:56Z,SH-DA-FD,koloshop,not_found,,,,,,,0.21,unknown,,
2026-09-01,2026-09-01T09:14:56Z,SH-DA-FC,koloshop,not_found,,,,,,,0.21,unknown,,
2026-09-01,2026-09-01T09:14:56Z,SH-DA-FC-PM,koloshop,not_found,,,,,,,0.21,unknown,,
2026-09-01,2026-09-01T09:14:56Z,SH-DA-CS,koloshop,not_found,,,,,,,0.21,unknown,,
2026-09-01,2026-09-01T09:14:56Z,SH-DA-CN,koloshop,not_found,,,,,,,0.21,unknown,,
2026-09-01,2026-09-01T09:14:56Z,SH-DA-SET,koloshop,not_found,,,,,,,0.21,unknown,,
2026-09-01,2026-09-01T09:14:56Z,SH-DA-SET-PM,koloshop,not_found,,,,,,,0.21,unknown,,
2026-09-01,2026-09-01T09:14:56Z,SH-X-BT-DN300,koloshop,not_found,,,,,,,0.21,unknown,,
2026-09-01,2026-09-01T09:14:56Z,SH-X-EW-EC300,koloshop,not_found,,,,,,,0.21,unknown,,
2026-09-01,2026-09-01T09:14:56Z,SH-X-RT-CL800,koloshop,not_found,,,,,,,0.21,unknown,,
2026-09-01,2026-09-01T09:14:56Z,SH-X-RT-CL900,koloshop,not_found,,,,,,,0.21,unknown,,
2026-09-01,2026-09-01T09:14:56Z,SR-RED-STBR,koloshop,not_found,,,,,,,0.21,unknown,,
2026-09-01,2026-09-01T09:14:56Z,SR-RED-RD,koloshop,not_found,,,,,,,0.21,unknown,,
2026-09-01,2026-09-01T09:14:56Z,SR-RED-FD,koloshop,not_found,,,,,,,0.21,unknown,,
2026-09-01,2026-09-01T09:14:56Z,SR-RED-FC,koloshop,not_found,,,,,,,0.21,unknown,,
2026-09-01,2026-09-01T09:14:56Z,SR-RED-FC-PM,koloshop,not_found,,,,,,,0.21,unknown,,
2026-09-01,2026-09-01T09:14:56Z,SR-RED-CS,koloshop,not_found,,,,,,,0.21,unknown,,
2026-09-01,2026-09-01T09:14:56Z,SR-RED-CN,koloshop,not_found,,,,,,,0.21,unknown,,
2026-09-01,2026-09-01T09:14:56Z,SR-RED-SET,koloshop,not_found,,,,,,,0.21,unknown,,
2026-09-01,2026-09-01T09:14:56Z,SR-RED-SET-PM,koloshop,not_found,,,,,,,0.21,unknown,,
2026-09-01,2026-09-01T09:14:56Z,SR-FORCE-STBR,koloshop,not_found,,,,,,,0.21,unknown,,
2026-09-01,2026-09-01T09:14:56Z,SR-FORCE-RD,koloshop,not_found,,,,,,,0.21,unknown,,
2026-09-01,2026-09-01T09:14:56Z,SR-FORCE-FD,koloshop,not_found,,,,,,,0.21,unknown,,
2026-09-01,2026-09-01T09:14:56Z,SR-FORCE-FC,koloshop,not_found,,,,,,,0.21,unknown,,
2026-09-01,2026-09-01T09:14:56Z,SR-FORCE-FC-PM,koloshop,not_found,,,,,,,0.21,unknown,,
2026-09-01,2026-09-01T09:14:56Z,SR-FORCE-CS,koloshop,not_found,,,,,,,0.21,unknown,,
2026-09-01,2026-09-01T09:14:56Z,SR-FORCE-CN,koloshop,not_found,,,,,,,0.21,unknown,,
2026-09-01,2026-09-01T09:14:56Z,SR-FORCE-SET,koloshop,not_found,,,,,,,0.21,unknown,,
2026-09-01,2026-09-01T09:14:56Z,SR-FORCE-SET-PM,koloshop,not_found,,,,,,,0.21,unknown,,
2026-09-01,2026-09-01T09:14:56Z,SR-RIVAL-STBR,koloshop,not_found,,,,,,,0.21,unknown,,
2026-09-01,2026-09-01T09:14:56Z,SR-RIVAL-RD,koloshop,not_found,,,,,,,0.21,unknown,,
2026-09-01,2026-09-01T09:14:56Z,SR-RIVAL-FD,koloshop,not_found,,,,,,,0.21,unknown,,
2026-09-01,2026-09-01T09:14:56Z,SR-RIVAL-FC,koloshop,not_found,,,,,,,0.21,unknown,,
2026-09-01,2026-09-01T09:14:56Z,SR-RIVAL-FC-PM,koloshop,not_found,,,,,,,0.21,unknown,,
2026-09-01,2026-09-01T09:14:56Z,SR-RIVAL-CS,koloshop,not_found,,,,,,,0.21,unknown,,
2026-09-01,2026-09-01T09:14:56Z,SR-RIVAL-CN,koloshop,not_found,,,,,,,0.21,unknown,,
2026-09-01,2026-09-01T09:14:56Z,SR-RIVAL-SET,koloshop,not_found,,,,,,,0.21,unknown,,
2026-09-01,2026-09-01T09:14:56Z,SR-RIVAL-SET-PM,koloshop,not_found,,,,,,,0.21,unknown,,
2026-09-01,2026-09-01T09:14:56Z,SR-FORCE-D2-SET,koloshop,not_found,,,,,,,0.21,unknown,,
2026-09-01,2026-09-01T09:14:56Z,SR-RIVAL-D1-SET,koloshop,not_found,,,,,,,0.21,unknown,,
2026-09-01,2026-09-01T09:14:56Z,SR-RED-D1-SET,koloshop,not_found,,,,,,,0.21,unknown,,
2026-09-01,2026-09-01T09:14:56Z,SR-X-BATTERY,koloshop,not_found,,,,,,,0.21,unknown,,
2026-09-01,2026-09-01T09:14:56Z,SR-X-CHARGER,koloshop,not_found,,,,,,,0.21,unknown,,
2026-09-01,2026-09-01T09:14:56Z,SR-X-PACELINE-160,koloshop,not_found,,,,,,,0.21,unknown,,
2026-09-01,2026-09-01T09:14:56Z,SR-X-PACELINE-X-160,koloshop,not_found,,,,,,,0.21,unknown,,
2026-09-01,2026-09-01T09:14:56Z,SR-X-CENTERLINE-XR-160,koloshop,not_found,,,,,,,0.21,unknown,,
2026-09-01,2026-09-01T09:14:56Z,SH-105-STBR,bike-discount,ok,105 Di2 ST-R7170+BR-R7170 2x12-fach Scheibenbremsen-Set,https://www.bike-discount.de/de/shimano-105-di2-st-r7170-br-r7170-2x12-fach-scheibenbremsen-set-1,439.99,EUR,439.99,369.74,0.19,out,jsonld,vyprodáno
2026-09-01,2026-09-01T09:14:56Z,SH-105-RD,bike-discount,ok,105 Di2 RD-R7150 12-fach Schaltwerk,https://www.bike-discount.de/de/shimano-105-di2-rd-r7150-12-fach-schaltwerk-1,169.99,EUR,169.99,142.85,0.19,in_stock,jsonld,
2026-09-01,2026-09-01T09:14:56Z,SH-105-FD,bike-discount,ok,105 Di2 FD-R7150 2x12-fach Umwerfer Anlöt,https://www.bike-discount.de/de/shimano-105-di2-fd-r7150-2x12-fach-umwerfer,99.99,EUR,99.99,84.03,0.19,in_stock,jsonld,
2026-09-01,2026-09-01T09:14:56Z,SH-105-FC,bike-discount,ok,105 FC-R7100 12-fach Kurbel 50/34,https://www.bike-discount.de/de/shimano-105-fc-r7100-12-fach-kurbel-50/34,117.99,EUR,117.99,99.15,0.19,in_stock,jsonld,
2026-09-01,2026-09-01T09:14:56Z,SH-105-CS,bike-discount,not_found,,,,,,,0.19,unknown,,
2026-09-01,2026-09-01T09:14:56Z,SH-105-CS2,bike-discount,ok,105 CS-HG710 12-fach Kassette,https://www.bike-discount.de/de/shimano-105-cs-hg710-12-fach-kassette,58.99,EUR,58.99,49.57,0.19,in_stock,jsonld,ověřit variantu
2026-09-01,2026-09-01T09:14:56Z,SH-105-CN,bike-discount,ok,SLX CN-M7100 12-fach Kette mit Quick-Link,https://www.bike-discount.de/de/shimano-slx-cn-m7100-12-fach-kette-mit-quick-link,18.99,EUR,18.99,15.96,0.19,in_stock,jsonld,
2026-09-01,2026-09-01T09:14:56Z,SH-105-SET,bike-discount,ok,105 Di2 R7170 2x12-fach Gruppe Disc TOP-DEAL,https://www.bike-discount.de/de/shimano-105-di2-r7170-2x12-fach-gruppe-disc-top-deal,799.0,EUR,799.0,671.43,0.19,in_stock,jsonld,
2026-09-01,2026-09-01T09:14:56Z,SH-ULT-STBR,bike-discount,ok,ULTEGRA Di2 ST-R8170+BR-R8170 2x12-fach Scheibenbremsen-Set,https://www.bike-discount.de/de/shimano-ultegra-di2-st-r8170-br-r8170-2x12-fach-scheibenbremsen-set-2,578.99,EUR,578.99,486.55,0.19,in_stock,jsonld,
2026-09-01,2026-09-01T09:14:56Z,SH-ULT-RD,bike-discount,ok,ULTEGRA Di2 RD-R8150 12-fach Schaltwerk,https://www.bike-discount.de/de/shimano-ultegra-di2-rd-r8150-12-fach-schaltwerk-2,254.99,EUR,254.99,214.28,0.19,in_stock,jsonld,
2026-09-01,2026-09-01T09:14:56Z,SH-ULT-FD,bike-discount,ok,ULTEGRA Di2 FD-R8150 2x12-fach Umwerfer,https://www.bike-discount.de/de/shimano-ultegra-di2-fd-r8150-2x12-fach-umwerfer,159.99,EUR,159.99,134.45,0.19,in_stock,jsonld,
2026-09-01,2026-09-01T09:14:56Z,SH-ULT-FC,bike-discount,ok,ULTEGRA FC-R8100 12-fach Kurbel 50/34,https://www.bike-discount.de/de/shimano-ultegra-fc-r8100-12-fach-kurbel-50/34,194.99,EUR,194.99,163.86,0.19,in_stock,jsonld,
2026-09-01,2026-09-01T09:14:56Z,SH-ULT-FC-PM,bike-discount,not_found,,,,,,,0.19,unknown,,
2026-09-01,2026-09-01T09:14:56Z,SH-ULT-CS,bike-discount,not_found,,,,,,,0.19,unknown,,
2026-09-01,2026-09-01T09:14:56Z,SH-ULT-CN,bike-discount,ok,XT CN-M8100 12-fach Kette mit Quick-Link,https://www.bike-discount.de/de/shimano-xt-cn-m8100-12-fach-kette-mit-quick-link,27.99,EUR,27.99,23.52,0.19,in_stock,jsonld,
2026-09-01,2026-09-01T09:14:56Z,SH-ULT-SET,bike-discount,ok,ULTEGRA Di2 R8170 2x12-fach Gruppe Disc 140/160mm TOP-DEAL,https://www.bike-discount.de/de/shimano-ultegra-di2-r8170-2x12-fach-gruppe-disc-140/160mm-1,1199.99,EUR,1199.99,1008.39,0.19,in_stock,jsonld,
2026-09-01,2026-09-01T09:14:56Z,SH-ULT-SET-PM,bike-discount,ok,ULTEGRA Di2 R8170-P 2x12-fach Powermeter Gruppe Disc 160/160mm TOP-DEAL,https://www.bike-discount.de/de/shimano-ultegra-di2-r8170-p-2x12-fach-powermeter-gruppe-disc-160/160mm,1689.99,EUR,1689.99,1420.16,0.19,in_stock,jsonld,ověřit variantu
2026-09-01,2026-09-01T09:14:56Z,SH-DA-STBR,bike-discount,ok,DURA ACE Di2 ST-R9270+BR-R9270 2x12-fach Scheibenbremsen-Set,https://www.bike-discount.de/de/shimano-dura-ace-di2-st-r9270-br-r9270-2x12-fach-scheibenbremsen-set-3,969.99,EUR,969.99,815.12,0.19,in_stock,jsonld,
2026-09-01,2026-09-01T09:14:56Z,SH-DA-RD,bike-discount,ok,DURA ACE Di2 RD-R9250 12-fach Schaltwerk,https://www.bike-discount.de/de/shimano-dura-ace-di2-rd-r9250-12-fach-schaltwerk-3,529.99,EUR,529.99,445.37,0.19,in_stock,jsonld,
2026-09-01,2026-09-01T09:14:56Z,SH-DA-FD,bike-discount,ok,DURA ACE Di2 FD-R9250 2x12-fach Umwerfer,https://www.bike-discount.de/de/shimano-dura-ace-di2-fd-r9250-2x12-fach-umwerfer,279.99,EUR,279.99,235.29,0.19,in_stock,jsonld,
2026-09-01,2026-09-01T09:14:56Z,SH-DA-FC,bike-discount,ok,DURA ACE FC-R9200 12-fach Kurbel 52/36,https://www.bike-discount.de/de/shimano-dura-ace-fc-r9200-12-fach-kurbel-52/36,384.99,EUR,384.99,323.52,0.19,in_stock,jsonld,
2026-09-01,2026-09-01T09:14:56Z,SH-DA-FC-PM,bike-discount,not_found,,,,,,,0.19,unknown,,
2026-09-01,2026-09-01T09:14:56Z,SH-DA-CS,bike-discount,ok,DURA ACE CS-R9200 12-fach Kassette,https://www.bike-discount.de/de/shimano-dura-ace-cs-r9200-12-fach-kassette,224.99,EUR,224.99,189.07,0.19,in_stock,jsonld,ověřit variantu
2026-09-01,2026-09-01T09:14:56Z,SH-DA-CN,bike-discount,ok,XTR CN-M9100 12-fach Kette mit Quick-Link,https://www.bike-discount.de/de/shimano-xtr-cn-m9100-12-fach-kette-mit-quick-link,41.99,EUR,41.99,35.29,0.19,in_stock,jsonld,
2026-09-01,2026-09-01T09:14:56Z,SH-DA-SET,bike-discount,ok,DURA ACE Di2 R9270 2x12-fach Gruppe Disc 140/160mm TOP-DEAL,https://www.bike-discount.de/de/shimano-dura-ace-di2-r9270-2x12-fach-gruppe-disc-140/160mm,1999.0,EUR,1999.0,1679.83,0.19,in_stock,jsonld,
2026-09-01,2026-09-01T09:14:56Z,SH-DA-SET-PM,bike-discount,not_found,,,,,,,0.19,unknown,,
2026-09-01,2026-09-01T09:14:56Z,SH-X-BT-DN300,bike-discount,ok,Unità adattatore per BT-DN300,https://www.bike-discount.de/it/shimano-unita-adattatore-per-bt-dn300,5.99,EUR,5.99,5.03,0.19,in_stock,jsonld,
2026-09-01,2026-09-01T09:14:56Z,SH-X-EW-EC300,bike-discount,ok,Di2 EW-EC300 Ladekabel,https://www.bike-discount.de/de/shimano-di2-ew-ec300-ladekabel,34.99,EUR,34.99,29.4,0.19,in_stock,jsonld,
2026-09-01,2026-09-01T09:14:56Z,SH-X-RT-CL800,bike-discount,not_found,,,,,,,0.19,unknown,,
2026-09-01,2026-09-01T09:14:56Z,SH-X-RT-CL900,bike-discount,not_found,,,,,,,0.19,unknown,,
2026-09-01,2026-09-01T09:14:56Z,SR-RED-STBR,bike-discount,not_found,,,,,,,0.19,unknown,,
2026-09-01,2026-09-01T09:14:56Z,SR-RED-RD,bike-discount,ok,RED AXS E1 12-fach Schaltwerk,https://www.bike-discount.de/de/sram-red-axs-e1-12-fach-schaltwerk,529.99,EUR,529.99,445.37,0.19,in_stock,jsonld,
2026-09-01,2026-09-01T09:14:56Z,SR-RED-FD,bike-discount,ok,RED AXS E1 2x12-fach Umwerfer Anlöt,https://www.bike-discount.de/de/sram-red-axs-e1-2x12-fach-umwerfer-anloet,347.99,EUR,347.99,292.43,0.19,in_stock,jsonld,
2026-09-01,2026-09-01T09:14:56Z,SR-RED-FC,bike-discount,not_found,,,,,,,0.19,unknown,,
2026-09-01,2026-09-01T09:14:56Z,SR-RED-FC-PM,bike-discount,ok,Red AXS DUB Powermeter 2x12-fach Carbon Kurbel 50/37,https://www.bike-discount.de/de/sram-red-axs-dub-powermeter-2x12-fach-carbon-kurbel-50/37,749.99,EUR,749.99,630.24,0.19,in_stock,jsonld,
2026-09-01,2026-09-01T09:14:56Z,SR-RED-CS,bike-discount,not_found,,,,,,,0.19,unknown,,
2026-09-01,2026-09-01T09:14:56Z,SR-RED-CN,bike-discount,not_found,,,,,,,0.19,unknown,,
2026-09-01,2026-09-01T09:14:56Z,SR-RED-SET,bike-discount,ok,RED AXS E1 HRD Schalt-/Bremshebel Kit,https://www.bike-discount.de/de/sram-red-axs-e1-hrd-schalt-bremshebel-kit,349.99,EUR,349.99,294.11,0.19,out,jsonld,vyprodáno
2026-09-01,2026-09-01T09:14:56Z,SR-RED-SET-PM,bike-discount,ok,RED AXS E1 2-fach Powermeter Kit,https://www.bike-discount.de/de/sram-red-axs-e1-powermeter-kit,579.99,EUR,579.99,487.39,0.19,in_stock,jsonld,
2026-09-01,2026-09-01T09:14:56Z,SR-FORCE-STBR,bike-discount,ok,Force AXS E1 12-fach Schaltrollen-Set,https://www.bike-discount.de/de/sram-force-axs-e1-12-fach-schaltrollen-set,51.99,EUR,51.99,43.69,0.19,in_stock,jsonld,
2026-09-01,2026-09-01T09:14:56Z,SR-FORCE-RD,bike-discount,ok,Force AXS E1 12-fach Schaltwerk,https://www.bike-discount.de/de/sram-force-axs-e1-12-fach-schaltwerk,271.99,EUR,271.99,228.56,0.19,in_stock,jsonld,
2026-09-01,2026-09-01T09:14:56Z,SR-FORCE-FD,bike-discount,ok,Force AXS E1 2x12-fach Umwerfer Anlöt,https://www.bike-discount.de/de/sram-force-axs-e1-2x12-fach-umwerfer-anloet,189.99,EUR,189.99,159.66,0.19,in_stock,jsonld,
2026-09-01,2026-09-01T09:14:56Z,SR-FORCE-FC,bike-discount,ok,Force E1 DUB 2x12-fach Carbon Kurbel 50/37T,https://www.bike-discount.de/de/sram-force-e1-dub-2x12-fach-carbon-kurbel-50/37t,229.99,EUR,229.99,193.27,0.19,in_stock,jsonld,
2026-09-01,2026-09-01T09:14:56Z,SR-FORCE-FC-PM,bike-discount,ok,Force AXS Powermeter E1 DUB 2x12-fach Carbon Kurbel 50/37T,https://www.bike-discount.de/de/sram-force-axs-powermeter-e1-dub-2x12-fach-carbon-kurbel-50/37t,519.99,EUR,519.99,436.97,0.19,in_stock,jsonld,
2026-09-01,2026-09-01T09:14:56Z,SR-FORCE-CS,bike-discount,not_found,,,,,,,0.19,unknown,,
2026-09-01,2026-09-01T09:14:56Z,SR-FORCE-CN,bike-discount,not_found,,,,,,,0.19,unknown,,
2026-09-01,2026-09-01T09:14:56Z,SR-FORCE-SET,bike-discount,ok,Force E1 50-37T Carbon AXS 12-fach Gruppe,https://www.bike-discount.de/de/sram-force-e1-50-37t-carbon-axs-12-fach-gruppe,1549.99,EUR,1549.99,1302.51,0.19,in_stock,jsonld,
2026-09-01,2026-09-01T09:14:56Z,SR-FORCE-SET-PM,bike-discount,not_found,,,,,,,0.19,unknown,,
2026-09-01,2026-09-01T09:14:56Z,SR-RIVAL-STBR,bike-discount,ok,Rival/Force/Red AXS Brake Caliper Service Kit,https://www.bike-discount.de/en/sram-rival/force/red-axs-brake-caliper-service-kit,19.99,EUR,19.99,16.8,0.19,in_stock,jsonld,
2026-09-01,2026-09-01T09:14:56Z,SR-RIVAL-RD,bike-discount,ok,Rival AXS E1 12-fach Schaltwerk,https://www.bike-discount.de/de/sram-rival-axs-e1-12-fach-schaltwerk,219.99,EUR,219.99,184.87,0.19,in_stock,jsonld,
2026-09-01,2026-09-01T09:14:56Z,SR-RIVAL-FD,bike-discount,ok,Rival AXS E1 2x12-fach Umwerfer Anlöt,https://www.bike-discount.de/de/sram-rival-axs-e1-2x12-fach-umwerfer-anloet,143.99,EUR,143.99,121.0,0.19,in_stock,jsonld,
2026-09-01,2026-09-01T09:14:56Z,SR-RIVAL-FC,bike-discount,ok,Rival E1 DUB 2x12-fach Kurbel 48/35T,https://www.bike-discount.de/de/sram-rival-e1-dub-2x12-fach-kurbel-48/35t,129.99,EUR,129.99,109.24,0.19,in_stock,jsonld,
2026-09-01,2026-09-01T09:14:56Z,SR-RIVAL-FC-PM,bike-discount,ok,Rival AXS Powermeter E1 DUB 2x12-fach Kurbel 46/33T,https://www.bike-discount.de/de/sram-rival-axs-powermeter-e1-dub-2x12-fach-kurbel-46/33t,269.99,EUR,269.99,226.88,0.19,in_stock,jsonld,
2026-09-01,2026-09-01T09:14:56Z,SR-RIVAL-CS,bike-discount,not_found,,,,,,,0.19,unknown,,
2026-09-01,2026-09-01T09:14:56Z,SR-RIVAL-CN,bike-discount,not_found,,,,,,,0.19,unknown,,
2026-09-01,2026-09-01T09:14:56Z,SR-RIVAL-SET,bike-discount,ok,Rival E1 AXS 2x12-fach 48/35T Gruppe,https://www.bike-discount.de/de/sram-rival-e1-axs-2x12-fach-48/35t-gruppe,1149.99,EUR,1149.99,966.38,0.19,in_stock,jsonld,
2026-09-01,2026-09-01T09:14:56Z,SR-RIVAL-SET-PM,bike-discount,not_found,,,,,,,0.19,unknown,,
2026-09-01,2026-09-01T09:14:56Z,SR-FORCE-D2-SET,bike-discount,ok,Rival/Force/Red AXS Brake Caliper Service Kit,https://www.bike-discount.de/en/sram-rival/force/red-axs-brake-caliper-service-kit,19.99,EUR,19.99,16.8,0.19,in_stock,jsonld,ověřit variantu
2026-09-01,2026-09-01T09:14:56Z,SR-RIVAL-D1-SET,bike-discount,ok,Rival eTap AXS Pulley Kit,https://www.bike-discount.de/en/sram-rival-etap-axs-pulley-kit,20.99,EUR,20.99,17.64,0.19,out,jsonld,ověřit variantu; vyprodáno
2026-09-01,2026-09-01T09:14:56Z,SR-RED-D1-SET,bike-discount,ok,Feder Kit für Force / Red D1 eTap AXS Schalthebel TOP-DEAL,https://www.bike-discount.de/de/sram-feder-kit-fuer-force/red-d1-etap-axs-schalthebel,4.99,EUR,4.99,4.19,0.19,in_stock,jsonld,
2026-09-01,2026-09-01T09:14:56Z,SR-X-BATTERY,bike-discount,not_found,,,,,,,0.19,unknown,,
2026-09-01,2026-09-01T09:14:56Z,SR-X-CHARGER,bike-discount,not_found,,,,,,,0.19,unknown,,
2026-09-01,2026-09-01T09:14:56Z,SR-X-PACELINE-160,bike-discount,not_found,,,,,,,0.19,unknown,,
2026-09-01,2026-09-01T09:14:56Z,SR-X-PACELINE-X-160,bike-discount,not_found,,,,,,,0.19,unknown,,
2026-09-01,2026-09-01T09:14:56Z,SR-X-CENTERLINE-XR-160,bike-discount,not_found,,,,,,,0.19,unknown,,
2026-09-01,2026-09-01T09:14:56Z,SH-105-STBR,hupnakolo,ok,"Řadicí a brzdová páka Shimano 105, ST-R7170 + třmen BR-7170 - Hupnakolo",https://www.hupnakolo.cz/radici-a-brzdova-paka-shimano-105--st-r7170-trmen-br-7170/,5388.0,CZK,223.36,184.6,0.21,unknown,meta,ověřit variantu
2026-09-01,2026-09-01T09:14:56Z,SH-105-RD,hupnakolo,ok,Shimano 105 RD R7150 Di2 přehazovačka 12s,https://www.hupnakolo.cz/shimano-prehazovacka-105-rd-r7150-12-rychl--max-36z-min-11z-kapacita-41z-bal/,3737.0,CZK,154.92,128.03,0.21,unknown,meta,
2026-09-01,2026-09-01T09:14:56Z,SH-105-FD,hupnakolo,not_found,,,,,,,0.21,unknown,,
2026-09-01,2026-09-01T09:14:56Z,SH-105-FC,hupnakolo,ok,Shimano 105 FC-R7100 | Silniční kliky 2x12 | 50-34 zubů,https://www.hupnakolo.cz/shimano-kliky-105-fc-r7100-integr-klika-2x12-cerna-bez-bb-misek-bal/,2742.0,CZK,113.67,93.94,0.21,unknown,meta,
2026-09-01,2026-09-01T09:14:56Z,SH-105-CS,hupnakolo,not_found,,,,,,,0.21,unknown,,
2026-09-01,2026-09-01T09:14:56Z,SH-105-CS2,hupnakolo,ok,Kazeta SHIMANO CS-HG710 12rychlostní | 11-36 zubů,https://www.hupnakolo.cz/shimano-kazeta-105-cs-hg710-12-12-rychl--11-36-z--bal/,1374.0,CZK,56.96,47.07,0.21,unknown,meta,ověřit variantu
2026-09-01,2026-09-01T09:14:56Z,SH-105-CN,hupnakolo,ok,"SHIMANO SLX CN-M7100 12 rychlostní řetěz, 116 článků, baleno v sáčků - Hupnakolo",https://www.hupnakolo.cz/shimano-retez-slx-cn-m7100-12rychl-116cl--s-rychlospojkou-box-20-ks/,429.0,CZK,17.78,14.7,0.21,unknown,meta,
2026-09-01,2026-09-01T09:14:56Z,SH-105-SET,hupnakolo,not_found,,,,,,,0.21,unknown,,
2026-09-01,2026-09-01T09:14:56Z,SH-ULT-STBR,hupnakolo,ok,Shimano Ultegra Di2 ST R8170 BR R8170 prava 12s brzda,https://www.hupnakolo.cz/shimano-kot-brzd-set-ultegra-br-r8170-st-r8170-zadprava-j-kit-di2-bez-adapt-polymer-chl-bh90170c/,6988.0,CZK,289.69,239.42,0.21,unknown,meta,
2026-09-01,2026-09-01T09:14:56Z,SH-ULT-RD,hupnakolo,not_found,,,,,,,0.21,unknown,,
2026-09-01,2026-09-01T09:14:56Z,SH-ULT-FD,hupnakolo,ok,SHIMANO přesmykač ULTEGRA Di2 FD-R8150 pro 2x12 navářka Down Swing61-66 pro 50-54z max 16z kapac ba - Hupnakolo,https://www.hupnakolo.cz/shimano-presmykac-ultegra-di2-fd-r8150-pro-2x12-navarka-down-swing61-66-pro-50-54z-max-16z-kapac-ba/,3697.0,CZK,153.26,126.66,0.21,unknown,meta,
2026-09-01,2026-09-01T09:14:56Z,SH-ULT-FC,hupnakolo,ok,"Shimano Ultegra FC-R8100 – kliky 2×12, 46/36",https://www.hupnakolo.cz/shimano-kliky-ultegra-fc-r8100-integr-klika-2x12-1725-mm-46x36z-bez-bb-misek-bal/,4644.0,CZK,192.52,159.11,0.21,unknown,meta,ověřit variantu
2026-09-01,2026-09-01T09:14:56Z,SH-ULT-FC-PM,hupnakolo,ok,Adaptér přední brzdy IS-PM 203 mm - Hupnakolo,https://www.hupnakolo.cz/adapter-predni-brzdy-is-pm-203-mm/,63.0,CZK,2.61,2.16,0.21,unknown,meta,ověřit variantu
2026-09-01,2026-09-01T09:14:56Z,SH-ULT-CS,hupnakolo,not_found,,,,,,,0.21,unknown,,
2026-09-01,2026-09-01T09:14:56Z,SH-ULT-CN,hupnakolo,not_found,,,,,,,0.21,unknown,,
2026-09-01,2026-09-01T09:14:56Z,SH-ULT-SET,hupnakolo,not_found,,,,,,,0.21,unknown,,
2026-09-01,2026-09-01T09:14:56Z,SH-ULT-SET-PM,hupnakolo,not_found,,,,,,,0.21,unknown,,
2026-09-01,2026-09-01T09:14:56Z,SH-DA-STBR,hupnakolo,not_found,,,,,,,0.21,unknown,,
2026-09-01,2026-09-01T09:14:56Z,SH-DA-RD,hupnakolo,ok,Shimano Dura Ace RD R9250 Di2 přehazovačka 12s Shadow+,https://www.hupnakolo.cz/shimano-prehazovacka-dura-ace-di2-rd-r9250-12-rychl--bal/,11485.0,CZK,476.12,393.49,0.21,unknown,meta,
2026-09-01,2026-09-01T09:14:56Z,SH-DA-FD,hupnakolo,not_found,,,,,,,0.21,unknown,,
2026-09-01,2026-09-01T09:14:56Z,SH-DA-FC,hupnakolo,ok,Shimano Dura-Ace FC-R9200 – kliková sada 2×12,https://www.hupnakolo.cz/shimano-kliky-dura-ace-fc-r9200-integr-klika-2x12-175-mm-52x36z-bez-bb-misek/,8915.0,CZK,369.58,305.44,0.21,unknown,meta,ověřit variantu
2026-09-01,2026-09-01T09:14:56Z,SH-DA-FC-PM,hupnakolo,ok,"Shimano DURA-ACE FC-R9200-P Powermeter kliky | 2x12, 175 mm, wattmetr",https://www.hupnakolo.cz/shimano-kliky-dura-ace-fc-r9200-p-integr-klika-2x12-175-mm-bez-prev--bez-bb-misek-pro-mer-vyk-bal/,21798.0,CZK,903.66,746.82,0.21,unknown,meta,ověřit variantu
2026-09-01,2026-09-01T09:14:56Z,SH-DA-CS,hupnakolo,ok,"SHIMANO CS-R9200 Dura-Ace 12-kazeta 11-30 zubů, v krabičce - Hupnakolo",https://www.hupnakolo.cz/shimano-cs-r9200-dura-ace-12-kazeta-11-30-zubu--v-krabicce/?parameterValueId=9618,5163.0,CZK,214.04,176.89,0.21,unknown,meta,
2026-09-01,2026-09-01T09:14:56Z,SH-DA-CN,hupnakolo,ok,Řetěz SHIMANO XTR CN-M9100 - 12 rychlostí - Hupnakolo,https://www.hupnakolo.cz/shimano-xtr-cn-m9100/,1049.0,CZK,43.49,35.94,0.21,unknown,meta,
2026-09-01,2026-09-01T09:14:56Z,SH-DA-SET,hupnakolo,not_found,,,,,,,0.21,unknown,,
2026-09-01,2026-09-01T09:14:56Z,SH-DA-SET-PM,hupnakolo,not_found,,,,,,,0.21,unknown,,
2026-09-01,2026-09-01T09:14:56Z,SH-X-BT-DN300,hupnakolo,ok,SHIMANO baterie Di2 BT-DN300 EU spec bal - Hupnakolo,https://www.hupnakolo.cz/shimano-baterie-di2-bt-dn300-eu-spec-bal/,2803.0,CZK,116.2,96.03,0.21,unknown,meta,
2026-09-01,2026-09-01T09:14:56Z,SH-X-EW-EC300,hupnakolo,not_found,,,,,,,0.21,unknown,,
2026-09-01,2026-09-01T09:14:56Z,SH-X-RT-CL800,hupnakolo,ok,Shimano RT-CL800 160 mm – Ultegra brzdový kotouč Ice Tech FREEZA,https://www.hupnakolo.cz/brzdovy-kotouc-shimano-rt-cl800-160mm-center-lock--ice-technologies--v-krabicce/,920.0,CZK,38.14,31.52,0.21,unknown,meta,ověřit variantu
2026-09-01,2026-09-01T09:14:56Z,SH-X-RT-CL900,hupnakolo,ok,SHIMANO brzd kotouč -ostatní RT-CL900 center lock 160 mm pro Ice tech + lock ring (interní) - Hupnakolo,https://www.hupnakolo.cz/shimano-brzd-kotouc-ostatni-rt-cl900-center-lock-160-mm-pro-ice-tech-lock-ring--interni-/,1188.0,CZK,49.25,40.7,0.21,unknown,meta,
2026-09-01,2026-09-01T09:14:56Z,SR-RED-STBR,hupnakolo,not_found,,,,,,,0.21,unknown,,
2026-09-01,2026-09-01T09:14:56Z,SR-RED-RD,hupnakolo,not_found,,,,,,,0.21,unknown,,
2026-09-01,2026-09-01T09:14:56Z,SR-RED-FD,hupnakolo,not_found,,,,,,,0.21,unknown,,
2026-09-01,2026-09-01T09:14:56Z,SR-RED-FC,hupnakolo,not_found,,,,,,,0.21,unknown,,
2026-09-01,2026-09-01T09:14:56Z,SR-RED-FC-PM,hupnakolo,ok,"SRAM Red AXS E1 Kliky s Power Metrem 172,5 mm 50/37z DUB | Hupnakolo.cz",https://www.hupnakolo.cz/sram-red-axs-e1-kliky-s-power-metrem--dub-172-5-mm---direct-mount-50-37z/,26128.0,CZK,1083.16,895.17,0.21,unknown,meta,
2026-09-01,2026-09-01T09:14:56Z,SR-RED-CS,hupnakolo,ok,"Kazeta SRAM RED XG-1290 12rychlostní | eTap AXS | 10-26, 10-28, 10-33",https://www.hupnakolo.cz/sram-red-xg-1290-12rychlostni-kazeta-2/,5475.0,CZK,226.97,187.58,0.21,unknown,meta,ověřit variantu
2026-09-01,2026-09-01T09:14:56Z,SR-RED-CN,hupnakolo,ok,Sram Red E1 Flattop řetěz Rainbow 126 článků - Hupnakolo,https://www.hupnakolo.cz/00-2518-068-008-sram-am-cn-red-e1-126li-rbw-w-pwr-lck-12s-1pc/,2025.0,CZK,83.95,69.38,0.21,unknown,meta,
2026-09-01,2026-09-01T09:14:56Z,SR-RED-SET,hupnakolo,not_found,,,,,,,0.21,unknown,,
2026-09-01,2026-09-01T09:14:56Z,SR-RED-SET-PM,hupnakolo,ok,00.3018.387.003 - SRAM PM KIT DM 5239T RED AXS E1 BLK/SLV - Hupnakolo,https://www.hupnakolo.cz/00-3018-387-003-sram-pm-kit-dm-5239t-red-axs-e1-blk-slv/,16629.0,CZK,689.37,569.73,0.21,unknown,meta,
2026-09-01,2026-09-01T09:14:56Z,SR-FORCE-STBR,hupnakolo,not_found,,,,,,,0.21,unknown,,
2026-09-01,2026-09-01T09:14:56Z,SR-FORCE-RD,hupnakolo,not_found,,,,,,,0.21,unknown,,
2026-09-01,2026-09-01T09:14:56Z,SR-FORCE-FD,hupnakolo,not_found,,,,,,,0.21,unknown,,
2026-09-01,2026-09-01T09:14:56Z,SR-FORCE-FC,hupnakolo,not_found,,,,,,,0.21,unknown,,
2026-09-01,2026-09-01T09:14:56Z,SR-FORCE-FC-PM,hupnakolo,not_found,,,,,,,0.21,unknown,,
2026-09-01,2026-09-01T09:14:56Z,SR-FORCE-CS,hupnakolo,ok,"Kazeta SRAM Force XG-1270 12rychlostní | 10-28, 10-33, 10-36 zubů",https://www.hupnakolo.cz/sram-force-xg-1270-12rychlostni-kazeta/,3357.0,CZK,139.17,115.01,0.21,unknown,meta,ověřit variantu
2026-09-01,2026-09-01T09:14:56Z,SR-FORCE-CN,hupnakolo,ok,FORCE spojka řetězu 9s PYC | Shimano / SRAM | 8592627107733,https://www.hupnakolo.cz/spojka-pyc-pro-9-retez--1sada-1-blistr-6ks-spojek/,55.0,CZK,2.28,1.88,0.21,unknown,meta,ověřit variantu
2026-09-01,2026-09-01T09:14:56Z,SR-FORCE-SET,hupnakolo,ok,SRAM Force AXS E2 2×12 – bezdrátová silniční sada,https://www.hupnakolo.cz/00-7918-418-000-sram-force-axs-groupset-2--12-e2---bezdratova-silnicni-sada/,33371.0,CZK,1383.43,1143.33,0.21,unknown,meta,ověřit variantu
2026-09-01,2026-09-01T09:14:56Z,SR-FORCE-SET-PM,hupnakolo,not_found,,,,,,,0.21,unknown,,
2026-09-01,2026-09-01T09:14:56Z,SR-RIVAL-STBR,hupnakolo,not_found,,,,,,,0.21,unknown,,
2026-09-01,2026-09-01T09:14:56Z,SR-RIVAL-RD,hupnakolo,not_found,,,,,,,0.21,unknown,,
2026-09-01,2026-09-01T09:14:56Z,SR-RIVAL-FD,hupnakolo,not_found,,,,,,,0.21,unknown,,
2026-09-01,2026-09-01T09:14:56Z,SR-RIVAL-FC,hupnakolo,not_found,,,,,,,0.21,unknown,,
2026-09-01,2026-09-01T09:14:56Z,SR-RIVAL-FC-PM,hupnakolo,not_found,,,,,,,0.21,unknown,,
2026-09-01,2026-09-01T09:14:56Z,SR-RIVAL-CS,hupnakolo,ok,Kazeta SRAM Rival XG-1250 | 12rychlostní | 10-30 a 10-36 zubů,https://www.hupnakolo.cz/sram-rival-xg-1250-12rychlostni-kazeta/?parameterValueId=11397,2283.0,CZK,94.64,78.22,0.21,unknown,meta,
2026-09-01,2026-09-01T09:14:56Z,SR-RIVAL-CN,hupnakolo,not_found,,,,,,,0.21,unknown,,
2026-09-01,2026-09-01T09:14:56Z,SR-RIVAL-SET,hupnakolo,not_found,,,,,,,0.21,unknown,,
2026-09-01,2026-09-01T09:14:56Z,SR-RIVAL-SET-PM,hupnakolo,not_found,,,,,,,0.21,unknown,,
2026-09-01,2026-09-01T09:14:56Z,SR-FORCE-D2-SET,hupnakolo,ok,SRAM Force AXS E2 2×12 – bezdrátová silniční sada,https://www.hupnakolo.cz/00-7918-418-000-sram-force-axs-groupset-2--12-e2---bezdratova-silnicni-sada/,33371.0,CZK,1383.43,1143.33,0.21,unknown,meta,ověřit variantu
2026-09-01,2026-09-01T09:14:56Z,SR-RIVAL-D1-SET,hupnakolo,not_found,,,,,,,0.21,unknown,,
2026-09-01,2026-09-01T09:14:56Z,SR-RED-D1-SET,hupnakolo,not_found,,,,,,,0.21,unknown,,
2026-09-01,2026-09-01T09:14:56Z,SR-X-BATTERY,hupnakolo,ok,SRAM baterie pro eTAP a AXS - Hupnakolo,https://www.hupnakolo.cz/sram-baterie-pro-etap-a-axs/,1235.0,CZK,51.2,42.31,0.21,unknown,meta,
2026-09-01,2026-09-01T09:14:56Z,SR-X-CHARGER,hupnakolo,not_found,,,,,,,0.21,unknown,,
2026-09-01,2026-09-01T09:14:56Z,SR-X-PACELINE-160,hupnakolo,ok,00.5018.248.001 - SRAM AM DB ROTOR CL PACELINE 160 ROUNDEDLR A2 - Hupnakolo,https://www.hupnakolo.cz/00-5018-248-001-sram-am-db-rotor-cl-paceline-160-roundedlr-a2/,884.0,CZK,36.65,30.29,0.21,unknown,meta,
2026-09-01,2026-09-01T09:14:56Z,SR-X-PACELINE-X-160,hupnakolo,ok,SRAM Paceline X Center Lock 160 mm – dvoudílný brzdový kotouč Rounded Edges - Hupnakolo,https://www.hupnakolo.cz/sram-paceline-x-center-lock-160-mm---dvoudilny-brzdovy-kotouc-rounded-edges/,1338.0,CZK,55.47,45.84,0.21,unknown,meta,
2026-09-01,2026-09-01T09:14:56Z,SR-X-CENTERLINE-XR-160,hupnakolo,not_found,,,,,,,0.21,unknown,,
2026-09-01,2026-09-01T09:14:56Z,SH-105-STBR,kupkolo,ok,"Řadicí a brzdová páka Shimano 105 Di2, ST-R7170, 2x12",https://www.kupkolo.cz/radici-a-brzdova-paka-shimano-105-di2-st-r7170-2x12_z119215/,4590.0,CZK,190.28,157.26,0.21,in_stock,jsonld,ověřit variantu
2026-09-01,2026-09-01T09:14:56Z,SH-105-RD,kupkolo,ok,"Přehazovačka Shimano 105 Di2, RD-R7150, 12s",https://www.kupkolo.cz/prehazovacka-shimano-105-di2-rd-r7150-12s_z119220/,3990.0,CZK,165.41,136.7,0.21,in_stock,jsonld,
2026-09-01,2026-09-01T09:14:56Z,SH-105-FD,kupkolo,ok,"Přesmykač Shimano 105, FD-R7150, 2x12 Di2",https://www.kupkolo.cz/presmykac-shimano-105-fd-r7150-2x12-di2_z123245/,2590.0,CZK,107.37,88.74,0.21,in_stock,jsonld,
2026-09-01,2026-09-01T09:14:56Z,SH-105-FC,kupkolo,ok,"Kliky Shimano 105, FC-R7100, 2x12s",https://www.kupkolo.cz/kliky-shimano-105-fc-r7100-2x12s_z119207/,2790.0,CZK,115.66,95.59,0.21,in_stock,jsonld,ověřit variantu
2026-09-01,2026-09-01T09:14:56Z,SH-105-CS,kupkolo,not_found,,,,,,,0.21,unknown,,
2026-09-01,2026-09-01T09:14:56Z,SH-105-CS2,kupkolo,not_found,,,,,,,0.21,unknown,,
2026-09-01,2026-09-01T09:14:56Z,SH-105-CN,kupkolo,not_found,,,,,,,0.21,unknown,,
2026-09-01,2026-09-01T09:14:56Z,SH-105-SET,kupkolo,not_found,,,,,,,0.21,unknown,,
2026-09-01,2026-09-01T09:14:56Z,SH-ULT-STBR,kupkolo,ok,"Řadicí a brzdová páka Shimano Ultegra Di2 2x12s, ST-R8170 + třmen BR-R8170",https://www.kupkolo.cz/radici-a-brzdova-paka-shimano-ultegra-di2-2x12s-st-r8170-trmen-br-r8170_z122996/,6990.0,CZK,289.78,239.49,0.21,in_stock,jsonld,
2026-09-01,2026-09-01T09:14:56Z,SH-ULT-RD,kupkolo,ok,"Přehazovačka Shimano Ultegra, RD-R8150, 12s Di2",https://www.kupkolo.cz/prehazovacka-shimano-ultegra-rd-r8150-12s-di2_z116563/,8990.0,CZK,372.69,308.01,0.21,in_stock,jsonld,
2026-09-01,2026-09-01T09:14:56Z,SH-ULT-FD,kupkolo,ok,"Přesmykač Shimano Ultegra, FD-R8150, 2x12 Di2",https://www.kupkolo.cz/presmykac-shimano-ultegra-fd-r8150-2x12-di2_z116564/,4499.0,CZK,186.51,154.14,0.21,in_stock,jsonld,
2026-09-01,2026-09-01T09:14:56Z,SH-ULT-FC,kupkolo,ok,"Kliky Shimano Ultegra, FC-R8100",https://www.kupkolo.cz/kliky-shimano-ultegra-fc-r8100_z116228/,4379.0,CZK,181.54,150.03,0.21,in_stock,jsonld,ověřit variantu
2026-09-01,2026-09-01T09:14:56Z,SH-ULT-FC-PM,kupkolo,ok,"Přední adaptér kot. brzdy a2z, PM/PM-180 F180",https://www.kupkolo.cz/predni-adapter-kot-brzdy-a2z-pm-pm-180-f180_z3923/,149.0,CZK,6.18,5.1,0.21,in_stock,jsonld,ověřit variantu
2026-09-01,2026-09-01T09:14:56Z,SH-ULT-CS,kupkolo,not_found,,,,,,,0.21,unknown,,
2026-09-01,2026-09-01T09:14:56Z,SH-ULT-CN,kupkolo,not_found,,,,,,,0.21,unknown,,
2026-09-01,2026-09-01T09:14:56Z,SH-ULT-SET,kupkolo,not_found,,,,,,,0.21,unknown,,
2026-09-01,2026-09-01T09:14:56Z,SH-ULT-SET-PM,kupkolo,not_found,,,,,,,0.21,unknown,,
2026-09-01,2026-09-01T09:14:56Z,SH-DA-STBR,kupkolo,ok,"Řadicí a brzdová páka Shimano Dura-Ace Di2, ST-R9270 + třmen BR-R9270",https://www.kupkolo.cz/radici-a-brzdova-paka-shimano-dura-ace-di2-st-r9270-trmen-br-r9270_z123165/,9279.0,CZK,384.67,317.91,0.21,in_stock,jsonld,
2026-09-01,2026-09-01T09:14:56Z,SH-DA-RD,kupkolo,ok,SHIMANO vnější vodítko (včetně šroubu) pro RD-R9250,https://www.kupkolo.cz/shimano-vnejsi-voditko-vcetne-sroubu-pro-rd-r9250_z138318/,349.0,CZK,14.47,11.96,0.21,in_stock,jsonld,
2026-09-01,2026-09-01T09:14:56Z,SH-DA-FD,kupkolo,ok,"Přesmykač Shimano Dura-Ace, FD-R9250, 2x12 Di2",https://www.kupkolo.cz/presmykac-shimano-dura-ace-fd-r9250-2x12-di2_z116539/,6379.0,CZK,264.45,218.55,0.21,in_stock,jsonld,
2026-09-01,2026-09-01T09:14:56Z,SH-DA-FC,kupkolo,ok,"Kliky Shimano Dura Ace, FC-R9200",https://www.kupkolo.cz/kliky-shimano-dura-ace-fc-r9200_z116149/,9590.0,CZK,397.56,328.56,0.21,in_stock,jsonld,ověřit variantu
2026-09-01,2026-09-01T09:14:56Z,SH-DA-FC-PM,kupkolo,ok,"Přední adaptér kot. brzdy a2z, PM/PM-180 F180",https://www.kupkolo.cz/predni-adapter-kot-brzdy-a2z-pm-pm-180-f180_z3923/,149.0,CZK,6.18,5.1,0.21,in_stock,jsonld,ověřit variantu
2026-09-01,2026-09-01T09:14:56Z,SH-DA-CS,kupkolo,ok,"Kazeta silniční Shimano Dura Ace, CS-R9200 - 12s",https://www.kupkolo.cz/kazeta-silnicni-shimano-dura-ace-cs-r9200-12s_z114733/,4879.0,CZK,202.26,167.16,0.21,in_stock,jsonld,ověřit variantu
2026-09-01,2026-09-01T09:14:56Z,SH-DA-CN,kupkolo,not_found,,,,,,,0.21,unknown,,
2026-09-01,2026-09-01T09:14:56Z,SH-DA-SET,kupkolo,not_found,,,,,,,0.21,unknown,,
2026-09-01,2026-09-01T09:14:56Z,SH-DA-SET-PM,kupkolo,not_found,,,,,,,0.21,unknown,,
2026-09-01,2026-09-01T09:14:56Z,SH-X-BT-DN300,kupkolo,ok,SHIMANO baterie Di2 / BT-DN300,https://www.kupkolo.cz/shimano-baterie-di2-bt-dn300_z116543/,2790.0,CZK,115.66,95.59,0.21,in_stock,jsonld,
2026-09-01,2026-09-01T09:14:56Z,SH-X-EW-EC300,kupkolo,ok,"Shimano EW-EC300 nabíjecí konektor Di2/powermetr, 12s",https://www.kupkolo.cz/shimano-ew-ec300-nabijeci-konektor-di2-powermetr-12s_z116542/,890.0,CZK,36.9,30.49,0.21,in_stock,jsonld,
2026-09-01,2026-09-01T09:14:56Z,SH-X-RT-CL800,kupkolo,not_found,,,,,,,0.21,unknown,,
2026-09-01,2026-09-01T09:14:56Z,SH-X-RT-CL900,kupkolo,not_found,,,,,,,0.21,unknown,,
2026-09-01,2026-09-01T09:14:56Z,SR-RED-STBR,kupkolo,not_found,,,,,,,0.21,unknown,,
2026-09-01,2026-09-01T09:14:56Z,SR-RED-RD,kupkolo,not_found,,,,,,,0.21,unknown,,
2026-09-01,2026-09-01T09:14:56Z,SR-RED-FD,kupkolo,not_found,,,,,,,0.21,unknown,,
2026-09-01,2026-09-01T09:14:56Z,SR-RED-FC,kupkolo,ok,"Kliky Sram RED E1, DUB 2x12s",https://www.kupkolo.cz/kliky-sram-red-e1-dub-2x12s_z125689/,14499.0,CZK,601.07,496.75,0.21,in_stock,jsonld,
2026-09-01,2026-09-01T09:14:56Z,SR-RED-FC-PM,kupkolo,ok,"Kliky Sram RED E1, DUB 2x12s Quarq s powermetrem",https://www.kupkolo.cz/kliky-sram-red-e1-dub-2x12s-quarq-s-powermetrem_z125697/,25790.0,CZK,1069.15,883.59,0.21,in_stock,jsonld,
2026-09-01,2026-09-01T09:14:56Z,SR-RED-CS,kupkolo,not_found,,,,,,,0.21,unknown,,
2026-09-01,2026-09-01T09:14:56Z,SR-RED-CN,kupkolo,ok,"Přesmykač Sram RED 22 Yaw, navářka, Chain Spotter, 2x11",https://www.kupkolo.cz/presmykac-sram-red-22-yaw-navarka-chain-spotter-2x11_z103083/,2559.0,CZK,106.09,87.67,0.21,in_stock,jsonld,ověřit variantu
2026-09-01,2026-09-01T09:14:56Z,SR-RED-SET,kupkolo,not_found,,,,,,,0.21,unknown,,
2026-09-01,2026-09-01T09:14:56Z,SR-RED-SET-PM,kupkolo,not_found,,,,,,,0.21,unknown,,
2026-09-01,2026-09-01T09:14:56Z,SR-FORCE-STBR,kupkolo,ok,Brzdový třmen SRAM FORCE AXS Flat mount,https://www.kupkolo.cz/brzdovy-trmen-sram-force-axs-flat-mount_z120164/,1890.0,CZK,78.35,64.75,0.21,in_stock,jsonld,
2026-09-01,2026-09-01T09:14:56Z,SR-FORCE-RD,kupkolo,not_found,,,,,,,0.21,unknown,,
2026-09-01,2026-09-01T09:14:56Z,SR-FORCE-FD,kupkolo,not_found,,,,,,,0.21,unknown,,
2026-09-01,2026-09-01T09:14:56Z,SR-FORCE-FC,kupkolo,ok,"Kliky Sram Force E1, DM DUB 2x12",https://www.kupkolo.cz/kliky-sram-force-e1-dm-dub-2x12_z134824/,8999.0,CZK,373.06,308.32,0.21,in_stock,jsonld,
2026-09-01,2026-09-01T09:14:56Z,SR-FORCE-FC-PM,kupkolo,ok,"Kliky Sram Force E1 Powermetr, Thread mount DUB 2x12",https://www.kupkolo.cz/kliky-sram-force-e1-powermetr-thread-mount-dub-2x12_z134825/,18900.0,CZK,783.52,647.53,0.21,in_stock,jsonld,
2026-09-01,2026-09-01T09:14:56Z,SR-FORCE-CS,kupkolo,not_found,,,,,,,0.21,unknown,,
2026-09-01,2026-09-01T09:14:56Z,SR-FORCE-CN,kupkolo,ok,"Přesmykač Sram Force 22 Yaw, navářka, Chain Spotter, 2x11",https://www.kupkolo.cz/presmykac-sram-force-22-yaw-navarka-chain-spotter-2x11_z95892/,1290.0,CZK,53.48,44.2,0.21,in_stock,jsonld,ověřit variantu
2026-09-01,2026-09-01T09:14:56Z,SR-FORCE-SET,kupkolo,not_found,,,,,,,0.21,unknown,,
2026-09-01,2026-09-01T09:14:56Z,SR-FORCE-SET-PM,kupkolo,not_found,,,,,,,0.21,unknown,,
2026-09-01,2026-09-01T09:14:56Z,SR-RIVAL-STBR,kupkolo,ok,Servisní sada pro Sram Brzdový třmen Rival AXS,https://www.kupkolo.cz/servisni-sada-pro-sram-brzdovy-trmen-rival-axs_z122150/,549.0,CZK,22.76,18.81,0.21,in_stock,jsonld,
2026-09-01,2026-09-01T09:14:56Z,SR-RIVAL-RD,kupkolo,not_found,,,,,,,0.21,unknown,,
2026-09-01,2026-09-01T09:14:56Z,SR-RIVAL-FD,kupkolo,not_found,,,,,,,0.21,unknown,,
2026-09-01,2026-09-01T09:14:56Z,SR-RIVAL-FC,kupkolo,ok,"Kliky Sram Rival E1, DM DUB 2x12",https://www.kupkolo.cz/kliky-sram-rival-e1-dm-dub-2x12_z134829/,3990.0,CZK,165.41,136.7,0.21,in_stock,jsonld,
2026-09-01,2026-09-01T09:14:56Z,SR-RIVAL-FC-PM,kupkolo,ok,"Kliky Sram Rival E1, DM DUB 2x12 s Powermetrem",https://www.kupkolo.cz/kliky-sram-rival-e1-dm-dub-2x12-s-powermetrem_z134837/,6990.0,CZK,289.78,239.49,0.21,in_stock,jsonld,
2026-09-01,2026-09-01T09:14:56Z,SR-RIVAL-CS,kupkolo,not_found,,,,,,,0.21,unknown,,
2026-09-01,2026-09-01T09:14:56Z,SR-RIVAL-CN,kupkolo,not_found,,,,,,,0.21,unknown,,
2026-09-01,2026-09-01T09:14:56Z,SR-RIVAL-SET,kupkolo,ok,Servisní sada pro Sram Brzdový třmen Rival AXS,https://www.kupkolo.cz/servisni-sada-pro-sram-brzdovy-trmen-rival-axs_z122150/,549.0,CZK,22.76,18.81,0.21,in_stock,jsonld,ověřit variantu
2026-09-01,2026-09-01T09:14:56Z,SR-RIVAL-SET-PM,kupkolo,not_found,,,,,,,0.21,unknown,,
2026-09-01,2026-09-01T09:14:56Z,SR-FORCE-D2-SET,kupkolo,not_found,,,,,,,0.21,unknown,,
2026-09-01,2026-09-01T09:14:56Z,SR-RIVAL-D1-SET,kupkolo,not_found,,,,,,,0.21,unknown,,
2026-09-01,2026-09-01T09:14:56Z,SR-RED-D1-SET,kupkolo,not_found,,,,,,,0.21,unknown,,
2026-09-01,2026-09-01T09:14:56Z,SR-X-BATTERY,kupkolo,ok,"SRAM baterie eTAP/AXS (pro přehazovačku nebo přesmykač), 1kus",https://www.kupkolo.cz/sram-baterie-etap-axs-pro-prehazovacku-nebo-presmykac-1kus_z100168/,1129.0,CZK,46.8,38.68,0.21,in_stock,jsonld,
2026-09-01,2026-09-01T09:14:56Z,SR-X-CHARGER,kupkolo,not_found,,,,,,,0.21,unknown,,
2026-09-01,2026-09-01T09:14:56Z,SR-X-PACELINE-160,kupkolo,not_found,,,,,,,0.21,unknown,,
2026-09-01,2026-09-01T09:14:56Z,SR-X-PACELINE-X-160,kupkolo,not_found,,,,,,,0.21,unknown,,
2026-09-01,2026-09-01T09:14:56Z,SR-X-CENTERLINE-XR-160,kupkolo,not_found,,,,,,,0.21,unknown,,
2026-09-02,2026-09-02T08:30:19Z,SH-105-STBR,starbike,ok,Shimano 105 Di2 ST-R7170 shift- and brake dual control lever,https://www.starbike.com/en/shimano-105-di2-st-r7170-shift-and-brake-dual-control-lever/,189.9,EUR,189.9,159.58,0.19,unknown,jsonld,ověřit variantu
2026-09-02,2026-09-02T08:30:19Z,SH-105-RD,starbike,not_found,,,,,,,0.19,unknown,,
2026-09-02,2026-09-02T08:30:19Z,SH-105-FD,starbike,ok,Shimano 105 Di2 FD-R7150-F front derailleur braze-on,https://www.starbike.com/en/shimano-105-di2-fd-r7150-f-front-derailleur-braze-on/,111.9,EUR,111.9,94.03,0.19,in_stock,jsonld,
2026-09-02,2026-09-02T08:30:19Z,SH-105-FC,starbike,ok,Shimano 105 FC-R7100 crankset 12-speed Hollowtech black,https://www.starbike.com/en/shimano-105-fc-r7100-crankset-12-speed-hollowtech-black/,136.9,EUR,136.9,115.04,0.19,unknown,jsonld,ověřit variantu
2026-09-02,2026-09-02T08:30:19Z,SH-105-CS,starbike,not_found,,,,,,,0.19,unknown,,
2026-09-02,2026-09-02T08:30:19Z,SH-105-CS2,starbike,blocked,,,,,,,0.19,unknown,,
2026-09-02,2026-09-02T08:30:19Z,SH-105-CN,starbike,ok,Shimano CN-M7100 12-speed chain,https://www.starbike.com/en/shimano-cn-m7100-12-speed-chain/,18.3,EUR,18.3,15.38,0.19,unknown,jsonld,
2026-09-02,2026-09-02T08:30:19Z,SH-105-SET,starbike,ok,Shimano 105 Di2 R7170 2x12-speed Flatmount groupset electric,https://www.starbike.com/en/shimano-105-di2-r7170-2x12-speed-flatmount-groupset-electric/,1120.9,EUR,1120.9,941.93,0.19,unknown,jsonld,
2026-09-02,2026-09-02T08:30:19Z,SH-ULT-STBR,starbike,ok,Shimano BR-R8170/ST-R8170 disc brake I-Spec EV excl. adaptor Resin,https://www.starbike.com/en/shimano-br-r8170-st-r8170-disc-brake-i-spec-ev-excl.-adaptor-resin/,368.9,EUR,368.9,310.0,0.19,unknown,jsonld,
2026-09-02,2026-09-02T08:30:19Z,SH-ULT-RD,starbike,ok,Shimano Ultegra RD-R8150 Di2 12-speed rear derailleur black,https://www.starbike.com/en/shimano-ultegra-rd-r8150-di2-12-speed-rear-derailleur-black/,334.9,EUR,334.9,281.43,0.19,in_stock,jsonld,
2026-09-02,2026-09-02T08:30:19Z,SH-ULT-FD,starbike,ok,Shimano Ultegra FD-R8150 Di2 front derailleur 2/12-speed braze-on 50-54T,https://www.starbike.com/en/shimano-ultegra-fd-r8150-di2-front-derailleur-212-speed-braze-on-50-54t/,185.9,EUR,185.9,156.22,0.19,in_stock,jsonld,
2026-09-02,2026-09-02T08:30:19Z,SH-ULT-FC,starbike,ok,Shimano Ultegra FC-R8100 crankset 12-speed Hollowtech anthracite,https://www.starbike.com/en/shimano-ultegra-fc-r8100-crankset-12-speed-hollowtech-anthracite/,203.89,EUR,203.89,171.34,0.19,unknown,jsonld,ověřit variantu
2026-09-02,2026-09-02T08:30:19Z,SH-ULT-FC-PM,starbike,ok,Shimano Ultegra FC-R8100-P 2x12-speed powermeter crankset,https://www.starbike.com/en/shimano-ultegra-fc-r8100-p-2x12-speed-powermeter-crankset/,865.9,EUR,865.9,727.65,0.19,unknown,jsonld,ověřit variantu
2026-09-02,2026-09-02T08:30:19Z,SH-ULT-CS,starbike,not_found,,,,,,,0.19,unknown,,
2026-09-02,2026-09-02T08:30:19Z,SH-ULT-CN,starbike,ok,Shimano XT CN-M8100 12-speed chain,https://www.starbike.com/en/shimano-xt-cn-m8100-12-speed-chain/,23.93,EUR,23.93,20.11,0.19,unknown,jsonld,
2026-09-02,2026-09-02T08:30:19Z,SH-ULT-SET,starbike,ok,Shimano Ultegra Di2 R8100 2x12-speed Flatmount groupset electric,https://www.starbike.com/en/shimano-ultegra-di2-r8100-2x12-speed-flatmount-groupset-electric/,1510.9,EUR,1510.9,1269.66,0.19,unknown,jsonld,
2026-09-02,2026-09-02T08:30:19Z,SH-ULT-SET-PM,starbike,ok,Shimano Ultegra Di2 R8100 2x12-speed Powermeter Flatmount groupset electric,https://www.starbike.com/en/shimano-ultegra-di2-r8100-2x12-speed-powermeter-flatmount-groupset-electric/,2164.9,EUR,2164.9,1819.24,0.19,unknown,jsonld,
2026-09-02,2026-09-02T08:30:19Z,SH-DA-STBR,starbike,ok,Shimano Dura-Ace BR-R9270 Hydraulic Disc Brake / ST-R9270 Di2 STI Shift/Brake Lever,https://www.starbike.com/en/shimano-dura-ace-st-r9270-di2-12-speed-sti-shift-and-brake-lever-hydraulic/,514.9,EUR,514.9,432.69,0.19,unknown,jsonld,
2026-09-02,2026-09-02T08:30:19Z,SH-DA-RD,starbike,ok,Shimano Dura-Ace Di2 RD-R9250 rear derailleur 12-speed black,https://www.starbike.com/en/shimano-dura-ace-di2-rd-r9250-rear-derailleur-12-speed-black/,694.9,EUR,694.9,583.95,0.19,in_stock,jsonld,
2026-09-02,2026-09-02T08:30:19Z,SH-DA-FD,starbike,ok,Shimano Dura-Ace Di2 FD-R9250 front derailleur 2-speed anl&ouml;t 46-55T for 12-speed,https://www.starbike.com/en/shimano-dura-ace-di2-fd-r9250-front-derailleur-2-speed-anloet-46-55t-for-12-speed/,342.9,EUR,342.9,288.15,0.19,in_stock,jsonld,
2026-09-02,2026-09-02T08:30:19Z,SH-DA-FC,starbike,ok,Shimano Dura-Ace FC-R9200 crankset black 12-speed HT2,https://www.starbike.com/en/shimano-dura-ace-fc-r9200-crankset-black-12-speed-ht2/,475.9,EUR,475.9,399.92,0.19,unknown,jsonld,ověřit variantu
2026-09-02,2026-09-02T08:30:19Z,SH-DA-FC-PM,starbike,ok,Shimano Dura-Ace FC-R9200-P 2x12-speed powermeter crankset,https://www.starbike.com/en/shimano-dura-ace-fc-r9200-p-2x12-speed-powermeter-crankset/,1096.89,EUR,1096.89,921.76,0.19,unknown,jsonld,ověřit variantu
2026-09-02,2026-09-02T08:30:19Z,SH-DA-CS,starbike,ok,Shimano Dura-Ace CS-R9200 cassette 12-speed,https://www.starbike.com/en/shimano-dura-ace-cs-r9200-cassette-12-speed/,271.9,EUR,271.9,228.49,0.19,unknown,jsonld,ověřit variantu
2026-09-02,2026-09-02T08:30:19Z,SH-DA-CN,starbike,ok,Shimano XTR CN-M9100 chain 12-speed for E-MTB,https://www.starbike.com/en/shimano-xtr-cn-9100-chain/,37.65,EUR,37.65,31.64,0.19,unknown,jsonld,
2026-09-02,2026-09-02T08:30:19Z,SH-DA-SET,starbike,ok,Shimano Dura-Ace Di2 R9200 12-speed Flatmount groupset electric,https://www.starbike.com/en/shimano-dura-ace-di2-r9200-12-speed-flatmount-groupset-electric/,2621.9,EUR,2621.9,2203.28,0.19,unknown,jsonld,
2026-09-02,2026-09-02T08:30:19Z,SH-DA-SET-PM,starbike,not_found,,,,,,,0.19,unknown,,
2026-09-02,2026-09-02T08:30:19Z,SH-X-BT-DN300,starbike,ok,Shimano BT-DN300 Di2 battery for seatpost/fork,https://www.starbike.com/en/shimano-bt-dn300-di2-battery-for-seatpostfork/,150.9,EUR,150.9,126.81,0.19,in_stock,jsonld,
2026-09-02,2026-09-02T08:30:19Z,SH-X-EW-EC300,starbike,ok,Shimano EW-EC300 Di2 battery charging cable 1.5m USB black,https://www.starbike.com/en/shimano-ew-ec300-di2-battery-charging-cable-15m-usb-black/,41.9,EUR,41.9,35.21,0.19,in_stock,jsonld,
2026-09-02,2026-09-02T08:30:19Z,SH-X-RT-CL800,starbike,ok,Shimano RT-CL800 Centerlock disc rotor with lock ring with magnet 160mm,https://www.starbike.com/en/shimano-rt-cl800-centerlock-disc-rotor-with-lock-ring-with-magnet-160mm/,53.9,EUR,53.9,45.29,0.19,in_stock,jsonld,
2026-09-02,2026-09-02T08:30:19Z,SH-X-RT-CL900,starbike,ok,Shimano RT-CL900 Centerlock disc rotor with lock ring with magnet 160mm,https://www.starbike.com/en/shimano-rt-cl900-centerlock-disc-rotor-with-lock-ring-with-magnet-160mm/,67.9,EUR,67.9,57.06,0.19,in_stock,jsonld,
2026-09-02,2026-09-02T08:30:19Z,SR-RED-STBR,starbike,ok,SRAM RED AXS shift- and braking unit hydraulic disc brake E1 Flatmount,https://www.starbike.com/en/sram-red-axs-shift-and-braking-unit-hydraulic-disc-brake-e1-flatmount-my25/,575.9,EUR,575.9,483.95,0.19,unknown,jsonld,
2026-09-02,2026-09-02T08:30:19Z,SR-RED-RD,starbike,ok,SRAM RED AXS rear derailleur E1 12-speed excl. battery,https://www.starbike.com/en/sram-red-axs-rear-derailleur-e1-12-speed-excl.-battery-my25/,616.9,EUR,616.9,518.4,0.19,in_stock,jsonld,
2026-09-02,2026-09-02T08:30:19Z,SR-RED-FD,starbike,ok,SRAM Spare parts kit for front derailleur Red AXS E1,https://www.starbike.com/en/sram-spare-parts-kit-for-front-derailleur-red-axs-e1/,34.9,EUR,34.9,29.33,0.19,preorder,jsonld,
2026-09-02,2026-09-02T08:30:19Z,SR-RED-FC,starbike,ok,SRAM Red AXS crankset 1/12-speed DUB,https://www.starbike.com/en/sram-red-axs-crankset-1x12-speed-dub/,310.9,EUR,310.9,261.26,0.19,unknown,jsonld,ověřit variantu
2026-09-02,2026-09-02T08:30:19Z,SR-RED-FC-PM,starbike,ok,SRAM Quarq RED E1 crankset excl. bottom bracket DUB,https://www.starbike.com/en/sram-quarq-red-e1-crankset-excl.-bottom-bracket-dub/,973.9,EUR,973.9,818.4,0.19,unknown,jsonld,
2026-09-02,2026-09-02T08:30:19Z,SR-RED-CS,starbike,ok,SRAM XG-1290 Red cassette 12-speed 10-28T.,https://www.starbike.com/en/sram-xg-1290-red-cassette-12-speed/,229.9,EUR,229.9,193.19,0.19,in_stock,jsonld,ověřit variantu
2026-09-02,2026-09-02T08:30:19Z,SR-RED-CN,starbike,ok,SRAM RED AXS PC 12-speed chain incl. PowerLock E1,https://www.starbike.com/en/sram-red-axs-pc-12-speed-chain-incl.-powerlock-e1/,74.9,EUR,74.9,62.94,0.19,unknown,jsonld,
2026-09-02,2026-09-02T08:30:19Z,SR-RED-SET,starbike,ok,SRAM Red AXS 1/12-speed Road groupset disc brake Flatmount,https://www.starbike.com/en/sram-red-axs-road-groupset-1-12-speed-hydraulic-disc-brake-flatmount/,2891.7,EUR,2891.7,2430.0,0.19,in_stock,jsonld,
2026-09-02,2026-09-02T08:30:19Z,SR-RED-SET-PM,starbike,ok,SRAM AXS Red E1 Aero powermeter kit Directmount black/silver (powermeter incl. chainring),https://www.starbike.com/en/sram-axs-red-e1-aero-powermeter-kit-directmount-black-silver-powermeter-incl-chainring/,761.9,EUR,761.9,640.25,0.19,unknown,jsonld,
2026-09-02,2026-09-02T08:30:19Z,SR-FORCE-STBR,starbike,ok,SRAM Force AXS E1 brake-shift lever and hydraulic disc brake Flatmount 20mm front/left + rear/right set/bundle,https://www.starbike.com/en/sram-force-axs-e1-brake-shift-lever-and-hydraulic-disc-brake-flatmount-20mm-front-left-rear-right-set-bundle/,600.95,EUR,600.95,505.0,0.19,in_stock,jsonld,
2026-09-02,2026-09-02T08:30:19Z,SR-FORCE-RD,starbike,ok,SRAM Force AXS E1 rear derailleur 12-speed max. 36T (excl. battery),https://www.starbike.com/en/sram-force-axs-e1-rear-derailleur-12-speed-max-36t-excl-battery/,297.9,EUR,297.9,250.34,0.19,in_stock,jsonld,
2026-09-02,2026-09-02T08:30:19Z,SR-FORCE-FD,starbike,ok,SRAM Force AXS E1 2-speed front derailleur braze-on (excl. battery),https://www.starbike.com/en/sram-force-axs-e1-front-derailleur-2-speed-braze-on-excl-battery/,217.9,EUR,217.9,183.11,0.19,in_stock,jsonld,
2026-09-02,2026-09-02T08:30:19Z,SR-FORCE-FC,starbike,not_found,,,,,,,0.19,unknown,,
2026-09-02,2026-09-02T08:30:19Z,SR-FORCE-FC-PM,starbike,ok,SRAM Force AXS E1 DUB crankset incl. powermeter 2-speed Thread Mount excl. bottom bracket,https://www.starbike.com/en/sram-force-axs-e1-dub-crankset-incl-powermeter-2-speed-thread-mount-excl-bottom-bracket/,492.9,EUR,492.9,414.2,0.19,unknown,jsonld,
2026-09-02,2026-09-02T08:30:19Z,SR-FORCE-CS,starbike,ok,SRAM XG-1270 12-speed cassette,https://www.starbike.com/en/sram-xg-1270-12-speed-cassette/,140.71,EUR,140.71,118.24,0.19,unknown,jsonld,ověřit variantu
2026-09-02,2026-09-02T08:30:19Z,SR-FORCE-CN,starbike,ok,SRAM Force E1 Flattop chain incl. PowerLock 12/13-speed,https://www.starbike.com/en/sram-force-e1-flattop-chain-incl-powerlock-1213-speed/,38.63,EUR,38.63,32.46,0.19,unknown,jsonld,
2026-09-02,2026-09-02T08:30:19Z,SR-FORCE-SET,starbike,ok,SRAM Force AXS 2-speed groupset hydraulic without crank 36T rear derailleur disc flatmount incl. 160mm brake rotor,https://www.starbike.com/en/sram-force-axs-2-speed-groupset-hydraulic-without-crank-36t-rear-derailleur-disc-flatmount-incl-160mm-brake-rotor/,1363.89,EUR,1363.89,1146.13,0.19,in_stock,jsonld,
2026-09-02,2026-09-02T08:30:19Z,SR-FORCE-SET-PM,starbike,not_found,,,,,,,0.19,unknown,,
2026-09-02,2026-09-02T08:30:19Z,SR-RIVAL-STBR,starbike,ok,SRAM Rival AXS E1 shift/brake levers and hydraulic disc brake Flatmount 20mm front+rear set/bundle,https://www.starbike.com/en/sram-rival-axs-e1-shift-brake-levers-and-hydraulic-disc-brake-flatmount-20mm-front-rear-set-bundle/,441.49,EUR,441.49,371.0,0.19,in_stock,jsonld,
2026-09-02,2026-09-02T08:30:19Z,SR-RIVAL-RD,starbike,ok,SRAM Rival AXS E1 rear derailleur 12-speed max. 36T (excl. battery),https://www.starbike.com/en/sram-rival-axs-e1-rear-derailleur-12-speed-max-36t-excl-battery/,260.9,EUR,260.9,219.24,0.19,in_stock,jsonld,
2026-09-02,2026-09-02T08:30:19Z,SR-RIVAL-FD,starbike,ok,SRAM Rival AXS E1 front derailleur braze-on (excl. battery),https://www.starbike.com/en/sram-rival-axs-e1-front-derailleur-braze-on-excl-battery/,152.9,EUR,152.9,128.49,0.19,in_stock,jsonld,
2026-09-02,2026-09-02T08:30:19Z,SR-RIVAL-FC,starbike,ok,SRAM Rival AXS crankset DUB,https://www.starbike.com/en/sram-rival-axs-crankset-dub/,80.9,EUR,80.9,67.98,0.19,unknown,jsonld,ověřit variantu
2026-09-02,2026-09-02T08:30:19Z,SR-RIVAL-FC-PM,starbike,ok,SRAM Rival AXS E1 DUB crankset incl. powermeter spindle Directmount excl. bottom bracket,https://www.starbike.com/en/sram-rival-axs-e1-dub-crankset-incl-powermeter-spindle-directmount-excl-bottom-bracket/,300.9,EUR,300.9,252.86,0.19,unknown,jsonld,
2026-09-02,2026-09-02T08:30:19Z,SR-RIVAL-CS,starbike,ok,SRAM XG-1250 cassette 12-speed,https://www.starbike.com/en/sram-xg-1250-cassette-12-speed/,103.9,EUR,103.9,87.31,0.19,unknown,jsonld,ověřit variantu
2026-09-02,2026-09-02T08:30:19Z,SR-RIVAL-CN,starbike,ok,SRAM Rival E1 Flattop chain incl. PowerLock 12/13-speed,https://www.starbike.com/en/sram-rival-e1-flattop-chain-incl-powerlock-12-13-speed/,32.9,EUR,32.9,27.65,0.19,unknown,jsonld,
2026-09-02,2026-09-02T08:30:19Z,SR-RIVAL-SET,starbike,not_found,,,,,,,0.19,unknown,,
2026-09-02,2026-09-02T08:30:19Z,SR-RIVAL-SET-PM,starbike,not_found,,,,,,,0.19,unknown,,
2026-09-02,2026-09-02T08:30:19Z,SR-FORCE-D2-SET,starbike,ok,SRAM Force AXS 2-speed groupset hydraulic without crank 36T rear derailleur disc flatmount incl. 160mm brake rotor,https://www.starbike.com/en/sram-force-axs-2-speed-groupset-hydraulic-without-crank-36t-rear-derailleur-disc-flatmount-incl-160mm-brake-rotor/,1363.89,EUR,1363.89,1146.13,0.19,in_stock,jsonld,ověřit variantu
2026-09-02,2026-09-02T08:30:19Z,SR-RIVAL-D1-SET,starbike,ok,SRAM Rival Mullet eTap AXS 1/12-speed Road Wide groupset disc,https://www.starbike.com/en/sram-rival-mullet-etap-axs-1-12-speed-road-wide-groupset-disc/,1322.09,EUR,1322.09,1111.0,0.19,preorder,jsonld,ověřit variantu
2026-09-02,2026-09-02T08:30:19Z,SR-RED-D1-SET,starbike,ok,SRAM Spare parts kit for front derailleur Red eTap AXS,https://www.starbike.com/en/sram-spare-parts-kit-for-front-derailleur-red-etap-axs/,31.9,EUR,31.9,26.81,0.19,in_stock,jsonld,ověřit variantu
2026-09-02,2026-09-02T08:30:19Z,SR-X-BATTERY,starbike,ok,SRAM Force AXS E1 2-speed front derailleur braze-on (excl. battery),https://www.starbike.com/en/sram-force-axs-e1-front-derailleur-2-speed-braze-on-excl-battery/,217.9,EUR,217.9,183.11,0.19,in_stock,jsonld,
2026-09-02,2026-09-02T08:30:19Z,SR-X-CHARGER,starbike,ok,SRAM GX AXS Eagle Transmission Kit E-MTB incl. charger/battery/chain 10-52T,https://www.starbike.com/en/sram-gx-axs-eagle-transmission-kit-e-mtb-incl.-charger-battery-chain-10-52t/,749.9,EUR,749.9,630.17,0.19,unknown,jsonld,
2026-09-02,2026-09-02T08:30:19Z,SR-X-PACELINE-160,starbike,not_found,,,,,,,0.19,unknown,,
2026-09-02,2026-09-02T08:30:19Z,SR-X-PACELINE-X-160,starbike,not_found,,,,,,,0.19,unknown,,
2026-09-02,2026-09-02T08:30:19Z,SR-X-CENTERLINE-XR-160,starbike,not_found,,,,,,,0.19,unknown,,
2026-09-02,2026-09-02T08:30:19Z,SH-105-STBR,bike-components,ok,105 Front+Rear Set Disc Brake BR-R7170 + Di2 ST-R7170,https://www.bike-components.de/en/Shimano/105-Front-Rear-Set-Disc-Brake-BR-R7170-Di2-ST-R7170-p88625/,299.0,EUR,299.0,251.26,0.19,out,jsonld,vyprodáno
2026-09-02,2026-09-02T08:30:19Z,SH-105-RD,bike-components,ok,105 Di2 Rear Derailleur Shadow RD-R7150 12-speed,https://www.bike-components.de/en/Shimano/105-Di2-Rear-Derailleur-Shadow-RD-R7150-12-speed-p88619/,149.99,EUR,149.99,126.04,0.19,in_stock,jsonld,
2026-09-02,2026-09-02T08:30:19Z,SH-105-FD,bike-components,ok,105 Di2 Umwerfer FD-R7150 2-/12-fach,https://www.bike-components.de/de/Shimano/105-Di2-Umwerfer-FD-R7150-2-12-fach-p88620/,64.99,EUR,64.99,54.61,0.19,out,jsonld,vyprodáno
2026-09-02,2026-09-02T08:30:19Z,SH-105-FC,bike-components,ok,105 FC-R7100 Hollowtech II Crankset,https://www.bike-components.de/en/Shimano/105-FC-R7100-Hollowtech-II-Crankset-p88622/,103.99,EUR,103.99,87.39,0.19,in_stock,jsonld,ověřit variantu
2026-09-02,2026-09-02T08:30:19Z,SH-105-CS,bike-components,not_found,,,,,,,0.19,unknown,,
2026-09-02,2026-09-02T08:30:19Z,SH-105-CS2,bike-components,ok,CS-HG710-12 12-speed Cassette,https://www.bike-components.de/en/Shimano/CS-HG710-12-12-speed-Cassette-p88624/,61.99,EUR,61.99,52.09,0.19,in_stock,jsonld,ověřit variantu
2026-09-02,2026-09-02T08:30:19Z,SH-105-CN,bike-components,ok,SLX / 105 / E-Bike Quick-Link Chain CN-M7100 12-speed,https://www.bike-components.de/en/Shimano/SLX-105-E-Bike-Quick-Link-Chain-CN-M7100-12-speed-p71462/,21.99,EUR,21.99,18.48,0.19,in_stock,jsonld,
2026-09-02,2026-09-02T08:30:19Z,SH-105-SET,bike-components,ok,105 Di2 R7150 Gruppe 2x12 34-50,https://www.bike-components.de/de/Shimano/105-Di2-R7150-Gruppe-2x12-34-50-p88663/,999.0,EUR,999.0,839.5,0.19,out,jsonld,vyprodáno
2026-09-02,2026-09-02T08:30:19Z,SH-ULT-STBR,bike-components,ok,Ultegra Front+Rear Set Disc Brake BR-R8170 + Di2 ST-R8170,https://www.bike-components.de/en/Shimano/Ultegra-Front-Rear-Set-Disc-Brake-BR-R8170-Di2-ST-R8170-p84490/,509.0,EUR,509.0,427.73,0.19,out,jsonld,vyprodáno
2026-09-02,2026-09-02T08:30:19Z,SH-ULT-RD,bike-components,ok,Adjustment Gauge for RD-R9250 / RD-R8150,https://www.bike-components.de/en/Shimano/Adjustment-Gauge-for-RD-R9250-RD-R8150-p92737/,1.49,EUR,1.49,1.25,0.19,in_stock,jsonld,
2026-09-02,2026-09-02T08:30:19Z,SH-ULT-FD,bike-components,ok,Ultegra Di2 FD-R8150 2-/12-speed Front Derailleur,https://www.bike-components.de/en/Shimano/Ultegra-Di2-FD-R8150-2-12-speed-Front-Derailleur-p84391/,169.99,EUR,169.99,142.85,0.19,in_stock,jsonld,
2026-09-02,2026-09-02T08:30:19Z,SH-ULT-FC,bike-components,ok,Ultegra FC-R8100 Hollowtech II Crankset,https://www.bike-components.de/en/Shimano/Ultegra-FC-R8100-Hollowtech-II-Crankset-p84397/,171.99,EUR,171.99,144.53,0.19,in_stock,jsonld,ověřit variantu
2026-09-02,2026-09-02T08:30:19Z,SH-ULT-FC-PM,bike-components,ok,Ultegra Powermeter Crankset FC-R8100-P Hollowtech II,https://www.bike-components.de/en/Shimano/Ultegra-Powermeter-Crankset-FC-R8100-P-Hollowtech-II-p212607/,889.0,EUR,889.0,747.06,0.19,in_stock,jsonld,ověřit variantu
2026-09-02,2026-09-02T08:30:19Z,SH-ULT-CS,bike-components,ok,Ultegra Cassette CS-R8100 + Chain CN-M8101 12-speed Wear Set,https://www.bike-components.de/en/Shimano/Ultegra-Cassette-CS-R8100-Chain-CN-M8101-12-speed-Wear-Set-p213611/,129.99,EUR,129.99,109.24,0.19,in_stock,jsonld,ověřit variantu
2026-09-02,2026-09-02T08:30:19Z,SH-ULT-CN,bike-components,ok,XT / Ultegra / E-Bike Quick-Link Chain CN-M8100 12-speed,https://www.bike-components.de/en/Shimano/XT-Ultegra-E-Bike-Quick-Link-Chain-CN-M8100-12-speed-p71475/,29.99,EUR,29.99,25.2,0.19,in_stock,jsonld,
2026-09-02,2026-09-02T08:30:19Z,SH-ULT-SET,bike-components,ok,Ultegra Di2 R8150 Groupset 2x12,https://www.bike-components.de/en/Shimano/Ultegra-Di2-R8150-Groupset-2x12-p221432/,1530.0,EUR,1530.0,1285.71,0.19,in_stock,jsonld,
2026-09-02,2026-09-02T08:30:19Z,SH-ULT-SET-PM,bike-components,not_found,,,,,,,0.19,unknown,,
2026-09-02,2026-09-02T08:30:19Z,SH-DA-STBR,bike-components,ok,Dura-Ace Front+Rear Set Disc Brake BR-R9270 + Di2 ST-R9270,https://www.bike-components.de/en/Shimano/Dura-Ace-Front-Rear-Set-Disc-Brake-BR-R9270-Di2-ST-R9270-p84487/,779.0,EUR,779.0,654.62,0.19,out,jsonld,vyprodáno
2026-09-02,2026-09-02T08:30:19Z,SH-DA-RD,bike-components,ok,Adjustment Gauge for RD-R9250 / RD-R8150,https://www.bike-components.de/en/Shimano/Adjustment-Gauge-for-RD-R9250-RD-R8150-p92737/,1.49,EUR,1.49,1.25,0.19,in_stock,jsonld,
2026-09-02,2026-09-02T08:30:19Z,SH-DA-FD,bike-components,ok,Dura-Ace Di2 FD-R9250 2-/12-speed Front Derailleur,https://www.bike-components.de/en/Shimano/Dura-Ace-Di2-FD-R9250-2-12-speed-Front-Derailleur-p84376/,249.99,EUR,249.99,210.08,0.19,in_stock,jsonld,
2026-09-02,2026-09-02T08:30:19Z,SH-DA-FC,bike-components,ok,Dura-Ace Hollowtech II FC-R9200 Crankset,https://www.bike-components.de/en/Shimano/Dura-Ace-Hollowtech-II-FC-R9200-Crankset-p84383/,249.0,EUR,249.0,209.24,0.19,in_stock,jsonld,ověřit variantu
2026-09-02,2026-09-02T08:30:19Z,SH-DA-FC-PM,bike-components,ok,Magnet Set for FC-R9100-P / FC-R9200-P Power Meters,https://www.bike-components.de/en/Shimano/Magnet-Set-for-FC-R9100-P-FC-R9200-P-Power-Meters-p63981/,5.99,EUR,5.99,5.03,0.19,in_stock,jsonld,ověřit variantu
2026-09-02,2026-09-02T08:30:19Z,SH-DA-CS,bike-components,ok,Dura-Ace CS-R9200-12 12-speed Cassette,https://www.bike-components.de/en/Shimano/Dura-Ace-CS-R9200-12-12-speed-Cassette-p84382/,219.99,EUR,219.99,184.87,0.19,in_stock,jsonld,ověřit variantu
2026-09-02,2026-09-02T08:30:19Z,SH-DA-CN,bike-components,ok,XTR / Dura-Ace / E-bike Quick-Link CN-M9100 12-speed Chain,https://www.bike-components.de/en/Shimano/XTR-Dura-Ace-E-bike-Quick-Link-CN-M9100-12-speed-Chain-p62087/,49.99,EUR,49.99,42.01,0.19,in_stock,jsonld,
2026-09-02,2026-09-02T08:30:19Z,SH-DA-SET,bike-components,ok,Dura-Ace Di2 R9250 Groupset 2x12,https://www.bike-components.de/en/Shimano/Dura-Ace-Di2-R9250-Groupset-2x12-p221431/,2520.0,EUR,2520.0,2117.65,0.19,in_stock,jsonld,
2026-09-02,2026-09-02T08:30:19Z,SH-DA-SET-PM,bike-components,not_found,,,,,,,0.19,unknown,,
2026-09-02,2026-09-02T08:30:19Z,SH-X-BT-DN300,bike-components,ok,USB Charging Cable EW-EC300 for BT-DN300 Di2/FC-R9200-P Power Meter,https://www.bike-components.de/en/Shimano/USB-Charging-Cable-EW-EC300-for-BT-DN300-Di2-FC-R9200-P-Power-Meter-p84426/,31.99,EUR,31.99,26.88,0.19,in_stock,jsonld,
2026-09-02,2026-09-02T08:30:19Z,SH-X-EW-EC300,bike-components,ok,USB Charging Cable EW-EC300 for BT-DN300 Di2/FC-R9200-P Power Meter,https://www.bike-components.de/en/Shimano/USB-Charging-Cable-EW-EC300-for-BT-DN300-Di2-FC-R9200-P-Power-Meter-p84426/,31.99,EUR,31.99,26.88,0.19,in_stock,jsonld,
2026-09-02,2026-09-02T08:30:19Z,SH-X-RT-CL800,bike-components,not_found,,,,,,,0.19,unknown,,
2026-09-02,2026-09-02T08:30:19Z,SH-X-RT-CL900,bike-components,not_found,,,,,,,0.19,unknown,,
2026-09-02,2026-09-02T08:30:19Z,SR-RED-STBR,bike-components,ok,Red E1 AXS HRD Disc Brake with Shift/Brake Lever,https://www.bike-components.de/en/SRAM/Red-E1-AXS-HRD-Disc-Brake-with-Shift-Brake-Lever-p94400/,479.0,EUR,479.0,402.52,0.19,in_stock,jsonld,
2026-09-02,2026-09-02T08:30:19Z,SR-RED-RD,bike-components,ok,Red E1 AXS 12-speed Rear Derailleur,https://www.bike-components.de/en/SRAM/Red-E1-AXS-12-speed-Rear-Derailleur-p94401/,519.0,EUR,519.0,436.13,0.19,in_stock,jsonld,
2026-09-02,2026-09-02T08:30:19Z,SR-RED-FD,bike-components,ok,Adjustment Gauge for Red E1 AXS Front Derailleur,https://www.bike-components.de/en/SRAM/Adjustment-Gauge-for-Red-E1-AXS-Front-Derailleur-p94395/,6.99,EUR,6.99,5.87,0.19,in_stock,jsonld,
2026-09-02,2026-09-02T08:30:19Z,SR-RED-FC,bike-components,ok,Red E1 DUB 2x12-speed Carbon Crankset,https://www.bike-components.de/en/SRAM/Red-E1-DUB-2x12-speed-Carbon-Crankset-p94131/,299.0,EUR,299.0,251.26,0.19,in_stock,jsonld,
2026-09-02,2026-09-02T08:30:19Z,SR-RED-FC-PM,bike-components,ok,Red E1 AXS DUB 2x12-speed Carbon Power Meter Crankset,https://www.bike-components.de/en/SRAM/Red-E1-AXS-DUB-2x12-speed-Carbon-Power-Meter-Crankset-p94128/,799.0,EUR,799.0,671.43,0.19,in_stock,jsonld,
2026-09-02,2026-09-02T08:30:19Z,SR-RED-CS,bike-components,ok,Red XG-1290-E1 12-Speed Cassette,https://www.bike-components.de/en/SRAM/Red-XG-1290-E1-12-Speed-Cassette-p94132/,289.0,EUR,289.0,242.86,0.19,in_stock,jsonld,ověřit variantu
2026-09-02,2026-09-02T08:30:19Z,SR-RED-CN,bike-components,ok,X-Sync Road Threaded Mount Red XPLR E1 12-/13-speed Chainring,https://www.bike-components.de/en/SRAM/X-Sync-Road-Threaded-Mount-Red-XPLR-E1-12-13-speed-Chainring-p94462/,104.99,EUR,104.99,88.23,0.19,in_stock,jsonld,
2026-09-02,2026-09-02T08:30:19Z,SR-RED-SET,bike-components,ok,Red E1 AXS HRD FM Groupset 2x12-speed 37-50,https://www.bike-components.de/en/SRAM/Red-E1-AXS-HRD-FM-Groupset-2x12-speed-37-50-p94470/,2800.0,EUR,2800.0,2352.94,0.19,out,jsonld,vyprodáno
2026-09-02,2026-09-02T08:30:19Z,SR-RED-SET-PM,bike-components,ok,Red E1 AXS Power Meter HRD FM Groupset 2x12-speed 33-46,https://www.bike-components.de/en/SRAM/Red-E1-AXS-Power-Meter-HRD-FM-Groupset-2x12-speed-33-46-p94472/,3160.0,EUR,3160.0,2655.46,0.19,out,jsonld,vyprodáno
2026-09-02,2026-09-02T08:30:19Z,SR-FORCE-STBR,bike-components,ok,Shift/Brake Lever Kit Force E1 Axs Disc,https://www.bike-components.de/en/SRAM/Shift-Brake-Lever-Kit-Force-E1-Axs-Disc-p215226/,146.99,EUR,146.99,123.52,0.19,backorder,jsonld,
2026-09-02,2026-09-02T08:30:19Z,SR-FORCE-RD,bike-components,ok,Force E1 AXS Schaltwerk 12-fach,https://www.bike-components.de/de/SRAM/Force-E1-AXS-Schaltwerk-12-fach-p96642/,269.0,EUR,269.0,226.05,0.19,in_stock,jsonld,
2026-09-02,2026-09-02T08:30:19Z,SR-FORCE-FD,bike-components,ok,Force E1 AXS Front Derailleur 2-speed,https://www.bike-components.de/en/SRAM/Force-E1-AXS-Front-Derailleur-2-speed-p96643/,165.99,EUR,165.99,139.49,0.19,out,jsonld,vyprodáno
2026-09-02,2026-09-02T08:30:19Z,SR-FORCE-FC,bike-components,ok,Force AXS 2x12 Crankset,https://www.bike-components.de/en/SRAM/Force-AXS-2x12-Crankset-p217468/,66.99,EUR,66.99,56.29,0.19,in_stock,jsonld,
2026-09-02,2026-09-02T08:30:19Z,SR-FORCE-FC-PM,bike-components,ok,Force E1 DUB DM 2x12-speed Carbon Powermeter Crankset,https://www.bike-components.de/en/SRAM/Force-E1-DUB-DM-2x12-speed-Carbon-Powermeter-Crankset-p96645/,579.0,EUR,579.0,486.55,0.19,in_stock,jsonld,
2026-09-02,2026-09-02T08:30:19Z,SR-FORCE-CS,bike-components,ok,Force XG-1270 E1 12-speed cassette,https://www.bike-components.de/en/SRAM/Force-XG-1270-E1-12-speed-cassette-p96652/,129.99,EUR,129.99,109.24,0.19,in_stock,jsonld,ověřit variantu
2026-09-02,2026-09-02T08:30:19Z,SR-FORCE-CN,bike-components,ok,Force E1 12-speed / 13-speed PowerLock Chain,https://www.bike-components.de/en/SRAM/Force-E1-12-speed-13-speed-PowerLock-Chain-p96636/,41.99,EUR,41.99,35.29,0.19,in_stock,jsonld,
2026-09-02,2026-09-02T08:30:19Z,SR-FORCE-SET,bike-components,ok,Shift/Brake Lever Kit Force E1 Axs Disc,https://www.bike-components.de/en/SRAM/Shift-Brake-Lever-Kit-Force-E1-Axs-Disc-p215226/,146.99,EUR,146.99,123.52,0.19,backorder,jsonld,
2026-09-02,2026-09-02T08:30:19Z,SR-FORCE-SET-PM,bike-components,ok,Force E1 AXS HRD FM Powermeter Gruppe 2x12-fach 33-46,https://www.bike-components.de/de/SRAM/Force-E1-AXS-HRD-FM-Powermeter-Gruppe-2x12-fach-33-46-p218460/,2810.0,EUR,2810.0,2361.34,0.19,out,jsonld,vyprodáno
2026-09-02,2026-09-02T08:30:19Z,SR-RIVAL-STBR,bike-components,ok,Ed Brake Lever Assembly Rival E1 Axs Disc,https://www.bike-components.de/en/SRAM/Ed-Brake-Lever-Assembly-Rival-E1-Axs-Disc-p215118/,139.99,EUR,139.99,117.64,0.19,in_stock,jsonld,
2026-09-02,2026-09-02T08:30:19Z,SR-RIVAL-RD,bike-components,ok,Rival E1 AXS 12-speed rear derailleur,https://www.bike-components.de/en/SRAM/Rival-E1-AXS-12-speed-rear-derailleur-p96663/,193.99,EUR,193.99,163.02,0.19,in_stock,jsonld,
2026-09-02,2026-09-02T08:30:19Z,SR-RIVAL-FD,bike-components,ok,Rival E1 AXS Front Derailleur 2-speed,https://www.bike-components.de/en/SRAM/Rival-E1-AXS-Front-Derailleur-2-speed-p96664/,129.99,EUR,129.99,109.24,0.19,in_stock,jsonld,
2026-09-02,2026-09-02T08:30:19Z,SR-RIVAL-FC,bike-components,ok,Rival DUB 2x12-speed Crankset,https://www.bike-components.de/en/SRAM/Rival-DUB-2x12-speed-Crankset-p81651/,71.99,EUR,71.99,60.5,0.19,in_stock,jsonld,
2026-09-02,2026-09-02T08:30:19Z,SR-RIVAL-FC-PM,bike-components,ok,Rival E1 DUB DM 2x12-speed Powermeter Crankset,https://www.bike-components.de/en/SRAM/Rival-E1-DUB-DM-2x12-speed-Powermeter-Crankset-p96666/,279.0,EUR,279.0,234.45,0.19,in_stock,jsonld,
2026-09-02,2026-09-02T08:30:19Z,SR-RIVAL-CS,bike-components,ok,XG-1250 12-speed Cassette for Rival,https://www.bike-components.de/en/SRAM/XG-1250-12-speed-Cassette-for-Rival-p81658/,84.99,EUR,84.99,71.42,0.19,in_stock,jsonld,ověřit variantu
2026-09-02,2026-09-02T08:30:19Z,SR-RIVAL-CN,bike-components,ok,Rival E1 12-speed / 13-speed PowerLock Chain,https://www.bike-components.de/en/SRAM/Rival-E1-12-speed-13-speed-PowerLock-Chain-p96661/,29.99,EUR,29.99,25.2,0.19,in_stock,jsonld,
2026-09-02,2026-09-02T08:30:19Z,SR-RIVAL-SET,bike-components,ok,Rival E1 AXS HRD FM groupset 2x12-speed 35-48,https://www.bike-components.de/en/SRAM/Rival-E1-AXS-HRD-FM-groupset-2x12-speed-35-48-p218856/,1580.0,EUR,1580.0,1327.73,0.19,out,jsonld,vyprodáno
2026-09-02,2026-09-02T08:30:19Z,SR-RIVAL-SET-PM,bike-components,ok,Rival E1 AXS HRD FM Powermeter Gruppe 2x12-fach 35-48,https://www.bike-components.de/de/SRAM/Rival-E1-AXS-HRD-FM-Powermeter-Gruppe-2x12-fach-35-48-p218860/,1740.0,EUR,1740.0,1462.18,0.19,out,jsonld,vyprodáno
2026-09-02,2026-09-02T08:30:19Z,SR-FORCE-D2-SET,bike-components,not_found,,,,,,,0.19,unknown,,
2026-09-02,2026-09-02T08:30:19Z,SR-RIVAL-D1-SET,bike-components,ok,Mounting & Adjustment Bolt Kit for Rival eTap AXS Rear Derailleur,https://www.bike-components.de/en/SRAM/Mounting-Adjustment-Bolt-Kit-for-Rival-eTap-AXS-Rear-Derailleur-p81638/,6.49,EUR,6.49,5.45,0.19,in_stock,jsonld,ověřit variantu
2026-09-02,2026-09-02T08:30:19Z,SR-RED-D1-SET,bike-components,ok,Pushrod Kit for Red eTap AXS E1,https://www.bike-components.de/en/SRAM/Pushrod-Kit-for-Red-eTap-AXS-E1-p96247/,4.99,EUR,4.99,4.19,0.19,in_stock,jsonld,ověřit variantu
2026-09-02,2026-09-02T08:30:19Z,SR-X-BATTERY,bike-components,not_found,,,,,,,0.19,unknown,,
2026-09-02,2026-09-02T08:30:19Z,SR-X-CHARGER,bike-components,not_found,,,,,,,0.19,unknown,,
2026-09-02,2026-09-02T08:30:19Z,SR-X-PACELINE-160,bike-components,not_found,,,,,,,0.19,unknown,,
2026-09-02,2026-09-02T08:30:19Z,SR-X-PACELINE-X-160,bike-components,not_found,,,,,,,0.19,unknown,,
2026-09-02,2026-09-02T08:30:19Z,SR-X-CENTERLINE-XR-160,bike-components,not_found,,,,,,,0.19,unknown,,
2026-09-02,2026-09-02T08:30:19Z,SH-105-STBR,mantel,not_found,,,,,,,0.21,unknown,,
2026-09-02,2026-09-02T08:30:19Z,SH-105-RD,mantel,not_found,,,,,,,0.21,unknown,,
2026-09-02,2026-09-02T08:30:19Z,SH-105-FD,mantel,not_found,,,,,,,0.21,unknown,,
2026-09-02,2026-09-02T08:30:19Z,SH-105-FC,mantel,ok,Shimano 105 FC-R7100 12 Speed Crankstel,https://www.mantel.com/shimano-105-fc-r7100-12-speed-crankstel,144.95,EUR,144.95,119.79,0.21,in_stock,jsonld,ověřit variantu
2026-09-02,2026-09-02T08:30:19Z,SH-105-CS,mantel,not_found,,,,,,,0.21,unknown,,
2026-09-02,2026-09-02T08:30:19Z,SH-105-CS2,mantel,not_found,,,,,,,0.21,unknown,,
2026-09-02,2026-09-02T08:30:19Z,SH-105-CN,mantel,ok,Shimano CN-M7100 SLX & 105 12 Speed Chain,https://www.mantel.com/en/shimano-slx-m7100-12-speed-chain,25.95,EUR,25.95,21.45,0.21,in_stock,jsonld,
2026-09-02,2026-09-02T08:30:19Z,SH-105-SET,mantel,ok,Shimano 105 R7170 Di2 Disc Groupset,https://www.mantel.com/en/shimano-105-r7170-di2-disc-groupset,959.0,EUR,959.0,792.56,0.21,in_stock,jsonld,
2026-09-02,2026-09-02T08:30:19Z,SH-ULT-STBR,mantel,ok,Shimano Ultegra ST-R8170 + BR-R8170 Disc brake set,https://www.mantel.com/en/shimano-ultegra-st-r8170-br-r8170-disc-brake-set,349.0,EUR,349.0,288.43,0.21,in_stock,jsonld,
2026-09-02,2026-09-02T08:30:19Z,SH-ULT-RD,mantel,not_found,,,,,,,0.21,unknown,,
2026-09-02,2026-09-02T08:30:19Z,SH-ULT-FD,mantel,not_found,,,,,,,0.21,unknown,,
2026-09-02,2026-09-02T08:30:19Z,SH-ULT-FC,mantel,ok,Shimano Ultegra FC-R8100 Klinge,https://www.mantel.com/dk/shimano-ultegra-fc-r8100-klinge,156.0,DKK,20.87,17.25,0.21,in_stock,jsonld,"jiná měna než čekáme (DKK místo EUR) – ověř, zda cena obsahuje DPH; ověřit variantu"
2026-09-02,2026-09-02T08:30:19Z,SH-ULT-FC-PM,mantel,ok,INPEAK Powercrank-E TWIN2 Ultegra FC-R8100 Road Bike Power Meter,https://www.mantel.com/en/inpeak-powercrank-e-twin2-ultegra-fc-r8100,809.95,EUR,809.95,669.38,0.21,in_stock,jsonld,ověřit variantu
2026-09-02,2026-09-02T08:30:19Z,SH-ULT-CS,mantel,not_found,,,,,,,0.21,unknown,,
2026-09-02,2026-09-02T08:30:19Z,SH-ULT-CN,mantel,ok,Shimano XT & Ultegra CN-M8100 12 Speed Chain,https://www.mantel.com/en/shimano-xt-cn-m8100-12-speed-chain,32.95,EUR,32.95,27.23,0.21,in_stock,jsonld,
2026-09-02,2026-09-02T08:30:19Z,SH-ULT-SET,mantel,ok,Shimano Ultegra R8170 Di2 Disc Groupset,https://www.mantel.com/en/shimano-ultegra-r8170-di2-disc-groupset,1249.0,EUR,1249.0,1032.23,0.21,in_stock,jsonld,
2026-09-02,2026-09-02T08:30:19Z,SH-ULT-SET-PM,mantel,not_found,,,,,,,0.21,unknown,,
2026-09-02,2026-09-02T08:30:19Z,SH-DA-STBR,mantel,not_found,,,,,,,0.21,unknown,,
2026-09-02,2026-09-02T08:30:19Z,SH-DA-RD,mantel,ok,Galets de Dérailleur Shimano RD-R9250,https://www.mantel.com/fr/galets-de-derailleur-shimano-rd-r9250,34.66,EUR,34.66,28.64,0.21,in_stock,jsonld,
2026-09-02,2026-09-02T08:30:19Z,SH-DA-FD,mantel,not_found,,,,,,,0.21,unknown,,
2026-09-02,2026-09-02T08:30:19Z,SH-DA-FC,mantel,ok,Shimano Dura-Ace FC-R9200 Klinge,https://www.mantel.com/dk/shimano-dura-ace-fc-r9200-klinge,234.0,DKK,31.31,25.87,0.21,in_stock,jsonld,"jiná měna než čekáme (DKK místo EUR) – ověř, zda cena obsahuje DPH; ověřit variantu"
2026-09-02,2026-09-02T08:30:19Z,SH-DA-FC-PM,mantel,ok,"Magura Adapter QM 45, PM 180-220 / PM 140-180",https://www.mantel.com/magura-adapter-qm-45-pm-180-220-pm-140-180,10.0,EUR,10.0,8.26,0.21,in_stock,jsonld,ověřit variantu
2026-09-02,2026-09-02T08:30:19Z,SH-DA-CS,mantel,ok,Shimano Dura Ace CS-R9200 Cassette,https://www.mantel.com/en/shimano-dura-ace-cs-r9200-cassette,222.95,EUR,222.95,184.26,0.21,in_stock,jsonld,ověřit variantu
2026-09-02,2026-09-02T08:30:19Z,SH-DA-CN,mantel,ok,Chaîne Shimano R9200 Dura-Ace / CN-M9100 XTR 12v,https://www.mantel.com/fr/chaine-shimano-r9200-dura-ace-cn-m9100-xtr-12v,49.54,EUR,49.54,40.94,0.21,in_stock,jsonld,
2026-09-02,2026-09-02T08:30:19Z,SH-DA-SET,mantel,ok,Shimano Dura Ace R9200 Di2 Disc Groupset,https://www.mantel.com/en/shimano-dura-ace-r9200-di2-disc-groupset,2149.0,EUR,2149.0,1776.03,0.21,in_stock,jsonld,
2026-09-02,2026-09-02T08:30:19Z,SH-DA-SET-PM,mantel,not_found,,,,,,,0.21,unknown,,
2026-09-02,2026-09-02T08:30:19Z,SH-X-BT-DN300,mantel,ok,Shimano Shimano Di2 E-TUBE BT-DN300 Lithium-Ion Battery,https://www.mantel.com/en/shimano-shimano-di2-e-tube-bt-dn300-lithium-ion-battery,149.99,EUR,149.99,123.96,0.21,in_stock,jsonld,
2026-09-02,2026-09-02T08:30:19Z,SH-X-EW-EC300,mantel,ok,Shimano Di2 Charge EW-EC300 Electric Wire,https://www.mantel.com/en/shimano-di2-charge-12-speed-electric-wire,33.95,EUR,33.95,28.06,0.21,in_stock,jsonld,
2026-09-02,2026-09-02T08:30:19Z,SH-X-RT-CL800,mantel,not_found,,,,,,,0.21,unknown,,
2026-09-02,2026-09-02T08:30:19Z,SH-X-RT-CL900,mantel,not_found,,,,,,,0.21,unknown,,
2026-09-02,2026-09-02T08:30:19Z,SR-RED-STBR,mantel,ok,SRAM RED AXS E1 Shifter Set,https://www.mantel.com/en/sram-red-axs-e1-shifter-set,499.0,EUR,499.0,412.4,0.21,in_stock,jsonld,
2026-09-02,2026-09-02T08:30:19Z,SR-RED-RD,mantel,ok,SRAM RED AXS E1 Rear Derailleur,https://www.mantel.com/en/sram-red-axs-e1-rear-derailleur,569.0,EUR,569.0,470.25,0.21,in_stock,jsonld,
2026-09-02,2026-09-02T08:30:19Z,SR-RED-FD,mantel,ok,SRAM RED AXS E1 Front Derailleur,https://www.mantel.com/en/sram-red-axs-e1-front-derailleur,365.0,EUR,365.0,301.65,0.21,in_stock,jsonld,
2026-09-02,2026-09-02T08:30:19Z,SR-RED-FC,mantel,ok,SRAM RED E1 DUB Crankset,https://www.mantel.com/en/sram-red-e1-dub,589.0,EUR,589.0,486.78,0.21,in_stock,jsonld,
2026-09-02,2026-09-02T08:30:19Z,SR-RED-FC-PM,mantel,not_found,,,,,,,0.21,unknown,,
2026-09-02,2026-09-02T08:30:19Z,SR-RED-CS,mantel,ok,SRAM XG-1290 E1 Cassette,https://www.mantel.com/en/sram-xg-1290-e1-cassette,269.95,EUR,269.95,223.1,0.21,in_stock,jsonld,ověřit variantu
2026-09-02,2026-09-02T08:30:19Z,SR-RED-CN,mantel,ok,SRAM Red AXS E1 chain,https://www.mantel.com/en/sram-red-axs-e1-chain,68.95,EUR,68.95,56.98,0.21,in_stock,jsonld,
2026-09-02,2026-09-02T08:30:19Z,SR-RED-SET,mantel,not_found,,,,,,,0.21,unknown,,
2026-09-02,2026-09-02T08:30:19Z,SR-RED-SET-PM,mantel,not_found,,,,,,,0.21,unknown,,
2026-09-02,2026-09-02T08:30:19Z,SR-FORCE-STBR,mantel,ok,SRAM Force AXS E1 Shifters,https://www.mantel.com/en/sram-force-axs-e1-shifters,270.0,EUR,270.0,223.14,0.21,in_stock,jsonld,
2026-09-02,2026-09-02T08:30:19Z,SR-FORCE-RD,mantel,ok,SRAM Force AXS E1 Rear Derailleur,https://www.mantel.com/en/sram-force-axs-e1-rd-rear-derailleur,289.0,EUR,289.0,238.84,0.21,in_stock,jsonld,
2026-09-02,2026-09-02T08:30:19Z,SR-FORCE-FD,mantel,ok,SRAM Force AXS E1 Front Derailleur,https://www.mantel.com/en/sram-force-axs-e1-embargo-17-6-front-derailleur,209.0,EUR,209.0,172.73,0.21,in_stock,jsonld,
2026-09-02,2026-09-02T08:30:19Z,SR-FORCE-FC,mantel,ok,SRAM Force E1 DUB Crankset,https://www.mantel.com/en/sram-force-e1-dub-cs-crankset,139.95,EUR,139.95,115.66,0.21,in_stock,jsonld,
2026-09-02,2026-09-02T08:30:19Z,SR-FORCE-FC-PM,mantel,not_found,,,,,,,0.21,unknown,,
2026-09-02,2026-09-02T08:30:19Z,SR-FORCE-CS,mantel,ok,SRAM XG-1270 E1 Cassette,https://www.mantel.com/en/sram-xg-1270-e1-cassette,144.95,EUR,144.95,119.79,0.21,in_stock,jsonld,ověřit variantu
2026-09-02,2026-09-02T08:30:19Z,SR-FORCE-CN,mantel,ok,SRAM Force E1 FlatTop Chain,https://www.mantel.com/en/sram-force-e1-flattop-chain,43.95,EUR,43.95,36.32,0.21,in_stock,jsonld,
2026-09-02,2026-09-02T08:30:19Z,SR-FORCE-SET,mantel,ok,Kit SRAM Force AXS E1 Road,https://www.mantel.com/fr/kit-sram-force-axs-e1-road,990.74,EUR,990.74,818.79,0.21,in_stock,jsonld,
2026-09-02,2026-09-02T08:30:19Z,SR-FORCE-SET-PM,mantel,not_found,,,,,,,0.21,unknown,,
2026-09-02,2026-09-02T08:30:19Z,SR-RIVAL-STBR,mantel,ok,SRAM Rival AXS E1 Road Bike Shifters,https://www.mantel.com/en/sram-rival-axs-e1-road-bike-shifters,196.95,EUR,196.95,162.77,0.21,in_stock,jsonld,
2026-09-02,2026-09-02T08:30:19Z,SR-RIVAL-RD,mantel,ok,SRAM Rival AXS E1 Rear Derailleur,https://www.mantel.com/en/sram-rival-axs-e1-rd-rear-derailleur,223.95,EUR,223.95,185.08,0.21,in_stock,jsonld,
2026-09-02,2026-09-02T08:30:19Z,SR-RIVAL-FD,mantel,ok,SRAM Rival AXS E1 Front Derailleur,https://www.mantel.com/en/sram-rival-axs-e1-embargo-17-6-front-derailleur,129.0,EUR,129.0,106.61,0.21,in_stock,jsonld,
2026-09-02,2026-09-02T08:30:19Z,SR-RIVAL-FC,mantel,ok,SRAM Rival E1 DUB Crankset,https://www.mantel.com/en/sram-rival-e1-dub-crankset,135.0,EUR,135.0,111.57,0.21,in_stock,jsonld,
2026-09-02,2026-09-02T08:30:19Z,SR-RIVAL-FC-PM,mantel,not_found,,,,,,,0.21,unknown,,
2026-09-02,2026-09-02T08:30:19Z,SR-RIVAL-CS,mantel,ok,SRAM Rival XG-1250 12 Speed Cassette,https://www.mantel.com/en/sram-rival-xg-1250-cassette-cassette,94.95,EUR,94.95,78.47,0.21,in_stock,jsonld,ověřit variantu
2026-09-02,2026-09-02T08:30:19Z,SR-RIVAL-CN,mantel,ok,SRAM Rival E1 FlatTop Chain,https://www.mantel.com/en/sram-rival-e1-flattop-chain,29.95,EUR,29.95,24.75,0.21,in_stock,jsonld,
2026-09-02,2026-09-02T08:30:19Z,SR-RIVAL-SET,mantel,ok,Kit SRAM Rival AXS E1 Road,https://www.mantel.com/fr/kit-sram-rival-axs-e1-road,703.14,EUR,703.14,581.11,0.21,in_stock,jsonld,
2026-09-02,2026-09-02T08:30:19Z,SR-RIVAL-SET-PM,mantel,not_found,,,,,,,0.21,unknown,,
2026-09-02,2026-09-02T08:30:19Z,SR-FORCE-D2-SET,mantel,not_found,,,,,,,0.21,unknown,,
2026-09-02,2026-09-02T08:30:19Z,SR-RIVAL-D1-SET,mantel,not_found,,,,,,,0.21,unknown,,
2026-09-02,2026-09-02T08:30:19Z,SR-RED-D1-SET,mantel,not_found,,,,,,,0.21,unknown,,
2026-09-02,2026-09-02T08:30:19Z,SR-X-BATTERY,mantel,ok,SRAM eTAP AXS Battery,https://www.mantel.com/en/sram-etap-axs-battery,47.95,EUR,47.95,39.63,0.21,in_stock,jsonld,
2026-09-02,2026-09-02T08:30:19Z,SR-X-CHARGER,mantel,ok,SRAM eTap AXS Battery Charger,https://www.mantel.com/en/sram-etap-axs-battery-charger,41.95,EUR,41.95,34.67,0.21,in_stock,jsonld,
2026-09-02,2026-09-02T08:30:19Z,SR-X-PACELINE-160,mantel,not_found,,,,,,,0.21,unknown,,
2026-09-02,2026-09-02T08:30:19Z,SR-X-PACELINE-X-160,mantel,not_found,,,,,,,0.21,unknown,,
2026-09-02,2026-09-02T08:30:19Z,SR-X-CENTERLINE-XR-160,mantel,not_found,,,,,,,0.21,unknown,,
2026-09-02,2026-09-02T08:30:19Z,SH-105-STBR,rose,not_found,,,,,,,0.19,unknown,,
2026-09-02,2026-09-02T08:30:19Z,SH-105-RD,rose,ok,105 RD-R7150 Di2 Schaltwerk,https://www.rosebikes.de/p/shimano-105-rd-r7150-di2-schaltwerk-2713288,159.95,EUR,159.95,134.41,0.19,out,jsonld,vyprodáno
2026-09-02,2026-09-02T08:30:19Z,SH-105-FD,rose,ok,105 FD-R7150 Di2 Umwerfer 2-/12-fach,https://www.rosebikes.de/p/shimano-105-fd-r7150-di2-umwerfer-2-12-fach-2713285,84.95,EUR,84.95,71.39,0.19,in_stock,jsonld,
2026-09-02,2026-09-02T08:30:19Z,SH-105-FC,rose,ok,105 FC-R7100 Hollowtech II Kurbel 2 x 12-fach (50/34),https://www.rosebikes.de/p/shimano-105-fc-r7100-hollowtech-ii-kurbel-2-x-12-fach-5034-2701936,71.95,EUR,71.95,60.46,0.19,out,jsonld,vyprodáno
2026-09-02,2026-09-02T08:30:19Z,SH-105-CS,rose,ok,105 CS-R7100 12-fach Zahnkranz,https://www.rosebikes.de/p/shimano-105-cs-r7100-12-fach-zahnkranz-2713281,49.95,EUR,49.95,41.97,0.19,out,jsonld,ověřit variantu; vyprodáno
2026-09-02,2026-09-02T08:30:19Z,SH-105-CS2,rose,not_found,,,,,,,0.19,unknown,,
2026-09-02,2026-09-02T08:30:19Z,SH-105-CN,rose,ok,SLX / 105 CN-M7100 HG+ 12-fach Kette,https://www.rosebikes.de/p/shimano-slx-105-cn-m7100-hg-12-fach-kette-2678996,21.95,EUR,21.95,18.45,0.19,in_stock,jsonld,
2026-09-02,2026-09-02T08:30:19Z,SH-105-SET,rose,not_found,,,,,,,0.19,unknown,,
2026-09-02,2026-09-02T08:30:19Z,SH-ULT-STBR,rose,ok,Ultegra Di2 ST-R8170 STI Brems-/Schalthebelkombination mit BR-R8170 Scheibenbremse J-Kit Direct,https://www.rosebikes.de/p/shimano-ultegra-di2-st-r8170-sti-brems-schalthebelkombination-mit-br-r8170-scheibenbremse-j-kit-direct-2700381,278.95,EUR,278.95,234.41,0.19,in_stock,jsonld,
2026-09-02,2026-09-02T08:30:19Z,SH-ULT-RD,rose,ok,Ultegra RD-R8150 Di2 Schaltwerk 12-fach,https://www.rosebikes.de/p/shimano-ultegra-rd-r8150-di2-schaltwerk-12-fach-165824,254.95,EUR,254.95,214.24,0.19,in_stock,jsonld,
2026-09-02,2026-09-02T08:30:19Z,SH-ULT-FD,rose,ok,Ultegra FD-R8150 Di2 Umwerfer 2-/12-fach,https://www.rosebikes.de/p/shimano-ultegra-fd-r8150-di2-umwerfer-2-12-fach-2700256,173.95,EUR,173.95,146.18,0.19,in_stock,jsonld,
2026-09-02,2026-09-02T08:30:19Z,SH-ULT-FC,rose,ok,Ultegra FC-R8100 Hollowtech II Kurbelgarnitur 2-/12-fach,https://www.rosebikes.de/p/shimano-ultegra-fc-r8100-hollowtech-ii-kurbelgarnitur-2-12-fach-2700227,189.95,EUR,189.95,159.62,0.19,in_stock,jsonld,ověřit variantu
2026-09-02,2026-09-02T08:30:19Z,SH-ULT-FC-PM,rose,ok,Xtra Watt Plus | Bikes zum besten Preis | Rose Bikes,https://www.rosebikes.de/fahrr%C3%A4der/sale/e-bike/xtra-watt-plus?sf=1,3300.0,EUR,3300.0,2773.11,0.19,unknown,meta,ověřit variantu
2026-09-02,2026-09-02T08:30:19Z,SH-ULT-CS,rose,not_found,,,,,,,0.19,unknown,,
2026-09-02,2026-09-02T08:30:19Z,SH-ULT-CN,rose,ok,Deore XT / Ultegra CN-M8100 HG+ 12-fach Kette,https://www.rosebikes.de/p/shimano-deore-xt-ultegra-cn-m8100-hg-12-fach-kette-2678940,27.95,EUR,27.95,23.49,0.19,in_stock,jsonld,
2026-09-02,2026-09-02T08:30:19Z,SH-ULT-SET,rose,not_found,,,,,,,0.19,unknown,,
2026-09-02,2026-09-02T08:30:19Z,SH-ULT-SET-PM,rose,not_found,,,,,,,0.19,unknown,,
2026-09-02,2026-09-02T08:30:19Z,SH-DA-STBR,rose,not_found,,,,,,,0.19,unknown,,
2026-09-02,2026-09-02T08:30:19Z,SH-DA-RD,rose,ok,Dura-Ace RD-R9250 Di2 Schaltwerk o. B-Achse (Direct Mount),https://www.rosebikes.de/p/shimano-dura-ace-rd-r9250-di2-schaltwerk-o-b-achse-direct-mount-2715076,350.95,EUR,350.95,294.92,0.19,out,jsonld,vyprodáno
2026-09-02,2026-09-02T08:30:19Z,SH-DA-FD,rose,ok,Dura-Ace FD-R9250-F Di2 Umwerfer für Anlötsockel,https://www.rosebikes.de/p/shimano-dura-ace-fd-r9250-f-di2-umwerfer-fuer-anloetsockel-2700260,279.95,EUR,279.95,235.25,0.19,out,jsonld,vyprodáno
2026-09-02,2026-09-02T08:30:19Z,SH-DA-FC,rose,ok,Dura Ace Hollowtech II FC-R9200 12-fach Kurbel (52/36),https://www.rosebikes.de/p/shimano-dura-ace-hollowtech-ii-fc-r9200-12-fach-kurbel-5236-2695990,295.0,EUR,295.0,247.9,0.19,out,jsonld,vyprodáno
2026-09-02,2026-09-02T08:30:19Z,SH-DA-FC-PM,rose,ok,Xtra Watt Plus | Bikes zum besten Preis | Rose Bikes,https://www.rosebikes.de/fahrr%C3%A4der/sale/e-bike/xtra-watt-plus?sf=1,3300.0,EUR,3300.0,2773.11,0.19,unknown,meta,ověřit variantu
2026-09-02,2026-09-02T08:30:19Z,SH-DA-CS,rose,ok,Dura Ace CS-R9200 12-fach Zahnkranz (11-30),https://www.rosebikes.de/p/shimano-dura-ace-cs-r9200-12-fach-zahnkranz-11-30-2705202,145.95,EUR,145.95,122.65,0.19,out,jsonld,vyprodáno
2026-09-02,2026-09-02T08:30:19Z,SH-DA-CN,rose,ok,XTR/DURA ACE CN-M9100 HG+ Kette 12-fach (118 Glieder),https://www.rosebikes.de/p/shimano-xtrdura-ace-cn-m9100-hg-kette-12-fach-118-glieder-2666335,37.95,EUR,37.95,31.89,0.19,out,jsonld,vyprodáno
2026-09-02,2026-09-02T08:30:19Z,SH-DA-SET,rose,not_found,,,,,,,0.19,unknown,,
2026-09-02,2026-09-02T08:30:19Z,SH-DA-SET-PM,rose,not_found,,,,,,,0.19,unknown,,
2026-09-02,2026-09-02T08:30:19Z,SH-X-BT-DN300,rose,ok,BT-DN300 Li-Ion Akku Di2 12-fach integriert für EW-SD300,https://www.rosebikes.de/p/shimano-bt-dn300-li-ion-akku-di2-12-fach-integriert-fuer-ew-sd300-2700197,118.95,EUR,118.95,99.96,0.19,in_stock,jsonld,
2026-09-02,2026-09-02T08:30:19Z,SH-X-EW-EC300,rose,ok,EW-EC300 Ladekabel interner Akku Di2 12-fach,https://www.rosebikes.de/p/shimano-ew-ec300-ladekabel-interner-akku-di2-12-fach-2700215,34.95,EUR,34.95,29.37,0.19,in_stock,jsonld,
2026-09-02,2026-09-02T08:30:19Z,SH-X-RT-CL800,rose,not_found,,,,,,,0.19,unknown,,
2026-09-02,2026-09-02T08:30:19Z,SH-X-RT-CL900,rose,not_found,,,,,,,0.19,unknown,,
2026-09-02,2026-09-02T08:30:19Z,SR-RED-STBR,rose,ok,"RED AXS™ HRD Brems-/Schalthebel inkl. Scheibenbremse, Hinterrad, rechts",https://www.rosebikes.de/p/sram-red-axstm-hrd-brems-schalthebel-inkl-scheibenbremse-hinterrad-rechts-2729329,518.95,EUR,518.95,436.09,0.19,in_stock,jsonld,
2026-09-02,2026-09-02T08:30:19Z,SR-RED-RD,rose,ok,RED AXS™ 12-fach Schaltwerk,https://www.rosebikes.de/p/sram-red-axstm-12-fach-schaltwerk-2729359,561.95,EUR,561.95,472.23,0.19,in_stock,jsonld,ověřit variantu
2026-09-02,2026-09-02T08:30:19Z,SR-RED-FD,rose,ok,RED AXS™ Front Umwerfer,https://www.rosebikes.de/p/sram-red-axstm-front-umwerfer-2729358,360.95,EUR,360.95,303.32,0.19,in_stock,jsonld,ověřit variantu
2026-09-02,2026-09-02T08:30:19Z,SR-RED-FC,rose,not_found,,,,,,,0.19,unknown,,
2026-09-02,2026-09-02T08:30:19Z,SR-RED-FC-PM,rose,not_found,,,,,,,0.19,unknown,,
2026-09-02,2026-09-02T08:30:19Z,SR-RED-CS,rose,not_found,,,,,,,0.19,unknown,,
2026-09-02,2026-09-02T08:30:19Z,SR-RED-CN,rose,ok,Red 22/Force 22 Kettenblatt,https://www.rosebikes.de/p/sram-red-22force-22-kettenblatt-859274,23.95,EUR,23.95,20.13,0.19,in_stock,jsonld,ověřit variantu
2026-09-02,2026-09-02T08:30:19Z,SR-RED-SET,rose,not_found,,,,,,,0.19,unknown,,
2026-09-02,2026-09-02T08:30:19Z,SR-RED-SET-PM,rose,not_found,,,,,,,0.19,unknown,,
2026-09-02,2026-09-02T08:30:19Z,SR-FORCE-STBR,rose,ok,"Force AXS™ HRD Brems-/Schalthebel inkl. Scheibenbremse, Hinterrad, rechts",https://www.rosebikes.de/p/sram-force-axstm-hrd-brems-schalthebel-inkl-scheibenbremse-hinterrad-rechts-159619,287.95,EUR,287.95,241.97,0.19,in_stock,jsonld,
2026-09-02,2026-09-02T08:30:19Z,SR-FORCE-RD,rose,ok,Force AXS™ 12-fach Schaltwerk,https://www.rosebikes.de/p/sram-force-axstm-12-fach-schaltwerk-159625,271.95,EUR,271.95,228.53,0.19,in_stock,jsonld,ověřit variantu
2026-09-02,2026-09-02T08:30:19Z,SR-FORCE-FD,rose,ok,Force AXS™ 2x12-fach Umwerfer,https://www.rosebikes.de/p/sram-force-axstm-2x12-fach-umwerfer-159627,194.95,EUR,194.95,163.82,0.19,in_stock,jsonld,ověřit variantu
2026-09-02,2026-09-02T08:30:19Z,SR-FORCE-FC,rose,ok,Force DUB™ 2x12-fach Kurbelgarnitur 48-35 Zähne,https://www.rosebikes.de/p/sram-force-dubtm-2x12-fach-kurbelgarnitur-48-35-zaehne-159638,304.95,EUR,304.95,256.26,0.19,in_stock,jsonld,
2026-09-02,2026-09-02T08:30:19Z,SR-FORCE-FC-PM,rose,ok,Force 1® AXS™ Power Meter Kurbel 1 x 12-fach,https://www.rosebikes.de/p/sram-force-1r-axstm-power-meter-kurbel-1-x-12-fach-2718601,319.95,EUR,319.95,268.87,0.19,out,jsonld,vyprodáno
2026-09-02,2026-09-02T08:30:19Z,SR-FORCE-CS,rose,not_found,,,,,,,0.19,unknown,,
2026-09-02,2026-09-02T08:30:19Z,SR-FORCE-CN,rose,ok,FORCE 12-/13-fach Kette,https://www.rosebikes.de/p/sram-force-12-13-fach-kette-2678179,38.95,EUR,38.95,32.73,0.19,out,jsonld,vyprodáno
2026-09-02,2026-09-02T08:30:19Z,SR-FORCE-SET,rose,not_found,,,,,,,0.19,unknown,,
2026-09-02,2026-09-02T08:30:19Z,SR-FORCE-SET-PM,rose,not_found,,,,,,,0.19,unknown,,
2026-09-02,2026-09-02T08:30:19Z,SR-RIVAL-STBR,rose,ok,"Rival AXS™ HRD Brems-/Schalthebel inkl. Scheibenbremse, Hinterrad, rechts",https://www.rosebikes.de/p/sram-rival-axstm-hrd-brems-schalthebel-inkl-scheibenbremse-hinterrad-rechts-159616,199.95,EUR,199.95,168.03,0.19,in_stock,jsonld,
2026-09-02,2026-09-02T08:30:19Z,SR-RIVAL-RD,rose,ok,Rival AXS™ 12-fach Schaltwerk,https://www.rosebikes.de/p/sram-rival-axstm-12-fach-schaltwerk-159621,229.95,EUR,229.95,193.24,0.19,in_stock,jsonld,ověřit variantu
2026-09-02,2026-09-02T08:30:19Z,SR-RIVAL-FD,rose,ok,Rival AXS™ 2x12-fach Umwerfer,https://www.rosebikes.de/p/sram-rival-axstm-2x12-fach-umwerfer-159626,149.95,EUR,149.95,126.01,0.19,in_stock,jsonld,ověřit variantu
2026-09-02,2026-09-02T08:30:19Z,SR-RIVAL-FC,rose,ok,Rival DUB™ 2x12-fach Kurbelgarnitur 46-33 Zähne,https://www.rosebikes.de/p/sram-rival-dubtm-2x12-fach-kurbelgarnitur-46-33-zaehne-159629,141.95,EUR,141.95,119.29,0.19,in_stock,jsonld,
2026-09-02,2026-09-02T08:30:19Z,SR-RIVAL-FC-PM,rose,ok,Rival AXS™ Power Meter Kurbel 2 x 12-fach,https://www.rosebikes.de/p/sram-rival-axstm-power-meter-kurbel-2-x-12-fach-2700080,268.95,EUR,268.95,226.01,0.19,in_stock,jsonld,
2026-09-02,2026-09-02T08:30:19Z,SR-RIVAL-CS,rose,not_found,,,,,,,0.19,unknown,,
2026-09-02,2026-09-02T08:30:19Z,SR-RIVAL-CN,rose,ok,"Rival 2 x 12-fach AXS Kettenblatt, innen",https://www.rosebikes.de/p/sram-rival-2-x-12-fach-axs-kettenblatt-innen-2699864,18.95,EUR,18.95,15.92,0.19,preorder,jsonld,
2026-09-02,2026-09-02T08:30:19Z,SR-RIVAL-SET,rose,not_found,,,,,,,0.19,unknown,,
2026-09-02,2026-09-02T08:30:19Z,SR-RIVAL-SET-PM,rose,not_found,,,,,,,0.19,unknown,,
2026-09-02,2026-09-02T08:30:19Z,SR-FORCE-D2-SET,rose,not_found,,,,,,,0.19,unknown,,
2026-09-02,2026-09-02T08:30:19Z,SR-RIVAL-D1-SET,rose,not_found,,,,,,,0.19,unknown,,
2026-09-02,2026-09-02T08:30:19Z,SR-RED-D1-SET,rose,not_found,,,,,,,0.19,unknown,,
2026-09-02,2026-09-02T08:30:19Z,SR-X-BATTERY,rose,not_found,,,,,,,0.19,unknown,,
2026-09-02,2026-09-02T08:30:19Z,SR-X-CHARGER,rose,not_found,,,,,,,0.19,unknown,,
2026-09-02,2026-09-02T08:30:19Z,SR-X-PACELINE-160,rose,not_found,,,,,,,0.19,unknown,,
2026-09-02,2026-09-02T08:30:19Z,SR-X-PACELINE-X-160,rose,not_found,,,,,,,0.19,unknown,,
2026-09-02,2026-09-02T08:30:19Z,SR-X-CENTERLINE-XR-160,rose,not_found,,,,,,,0.19,unknown,,
2026-09-02,2026-09-02T08:30:19Z,SH-105-STBR,koloshop,not_found,,,,,,,0.21,unknown,,
2026-09-02,2026-09-02T08:30:19Z,SH-105-RD,koloshop,not_found,,,,,,,0.21,unknown,,
2026-09-02,2026-09-02T08:30:19Z,SH-105-FD,koloshop,not_found,,,,,,,0.21,unknown,,
2026-09-02,2026-09-02T08:30:19Z,SH-105-FC,koloshop,not_found,,,,,,,0.21,unknown,,
2026-09-02,2026-09-02T08:30:19Z,SH-105-CS,koloshop,not_found,,,,,,,0.21,unknown,,
2026-09-02,2026-09-02T08:30:19Z,SH-105-CS2,koloshop,not_found,,,,,,,0.21,unknown,,
2026-09-02,2026-09-02T08:30:19Z,SH-105-CN,koloshop,not_found,,,,,,,0.21,unknown,,
2026-09-02,2026-09-02T08:30:19Z,SH-105-SET,koloshop,not_found,,,,,,,0.21,unknown,,
2026-09-02,2026-09-02T08:30:19Z,SH-ULT-STBR,koloshop,not_found,,,,,,,0.21,unknown,,
2026-09-02,2026-09-02T08:30:19Z,SH-ULT-RD,koloshop,not_found,,,,,,,0.21,unknown,,
2026-09-02,2026-09-02T08:30:19Z,SH-ULT-FD,koloshop,not_found,,,,,,,0.21,unknown,,
2026-09-02,2026-09-02T08:30:19Z,SH-ULT-FC,koloshop,not_found,,,,,,,0.21,unknown,,
2026-09-02,2026-09-02T08:30:19Z,SH-ULT-FC-PM,koloshop,not_found,,,,,,,0.21,unknown,,
2026-09-02,2026-09-02T08:30:19Z,SH-ULT-CS,koloshop,not_found,,,,,,,0.21,unknown,,
2026-09-02,2026-09-02T08:30:19Z,SH-ULT-CN,koloshop,not_found,,,,,,,0.21,unknown,,
2026-09-02,2026-09-02T08:30:19Z,SH-ULT-SET,koloshop,not_found,,,,,,,0.21,unknown,,
2026-09-02,2026-09-02T08:30:19Z,SH-ULT-SET-PM,koloshop,not_found,,,,,,,0.21,unknown,,
2026-09-02,2026-09-02T08:30:19Z,SH-DA-STBR,koloshop,not_found,,,,,,,0.21,unknown,,
2026-09-02,2026-09-02T08:30:19Z,SH-DA-RD,koloshop,not_found,,,,,,,0.21,unknown,,
2026-09-02,2026-09-02T08:30:19Z,SH-DA-FD,koloshop,not_found,,,,,,,0.21,unknown,,
2026-09-02,2026-09-02T08:30:19Z,SH-DA-FC,koloshop,not_found,,,,,,,0.21,unknown,,
2026-09-02,2026-09-02T08:30:19Z,SH-DA-FC-PM,koloshop,not_found,,,,,,,0.21,unknown,,
2026-09-02,2026-09-02T08:30:19Z,SH-DA-CS,koloshop,not_found,,,,,,,0.21,unknown,,
2026-09-02,2026-09-02T08:30:19Z,SH-DA-CN,koloshop,not_found,,,,,,,0.21,unknown,,
2026-09-02,2026-09-02T08:30:19Z,SH-DA-SET,koloshop,not_found,,,,,,,0.21,unknown,,
2026-09-02,2026-09-02T08:30:19Z,SH-DA-SET-PM,koloshop,not_found,,,,,,,0.21,unknown,,
2026-09-02,2026-09-02T08:30:19Z,SH-X-BT-DN300,koloshop,not_found,,,,,,,0.21,unknown,,
2026-09-02,2026-09-02T08:30:19Z,SH-X-EW-EC300,koloshop,not_found,,,,,,,0.21,unknown,,
2026-09-02,2026-09-02T08:30:19Z,SH-X-RT-CL800,koloshop,not_found,,,,,,,0.21,unknown,,
2026-09-02,2026-09-02T08:30:19Z,SH-X-RT-CL900,koloshop,not_found,,,,,,,0.21,unknown,,
2026-09-02,2026-09-02T08:30:19Z,SR-RED-STBR,koloshop,not_found,,,,,,,0.21,unknown,,
2026-09-02,2026-09-02T08:30:19Z,SR-RED-RD,koloshop,not_found,,,,,,,0.21,unknown,,
2026-09-02,2026-09-02T08:30:19Z,SR-RED-FD,koloshop,not_found,,,,,,,0.21,unknown,,
2026-09-02,2026-09-02T08:30:19Z,SR-RED-FC,koloshop,not_found,,,,,,,0.21,unknown,,
2026-09-02,2026-09-02T08:30:19Z,SR-RED-FC-PM,koloshop,not_found,,,,,,,0.21,unknown,,
2026-09-02,2026-09-02T08:30:19Z,SR-RED-CS,koloshop,not_found,,,,,,,0.21,unknown,,
2026-09-02,2026-09-02T08:30:19Z,SR-RED-CN,koloshop,not_found,,,,,,,0.21,unknown,,
2026-09-02,2026-09-02T08:30:19Z,SR-RED-SET,koloshop,not_found,,,,,,,0.21,unknown,,
2026-09-02,2026-09-02T08:30:19Z,SR-RED-SET-PM,koloshop,not_found,,,,,,,0.21,unknown,,
2026-09-02,2026-09-02T08:30:19Z,SR-FORCE-STBR,koloshop,not_found,,,,,,,0.21,unknown,,
2026-09-02,2026-09-02T08:30:19Z,SR-FORCE-RD,koloshop,not_found,,,,,,,0.21,unknown,,
2026-09-02,2026-09-02T08:30:19Z,SR-FORCE-FD,koloshop,not_found,,,,,,,0.21,unknown,,
2026-09-02,2026-09-02T08:30:19Z,SR-FORCE-FC,koloshop,not_found,,,,,,,0.21,unknown,,
2026-09-02,2026-09-02T08:30:19Z,SR-FORCE-FC-PM,koloshop,not_found,,,,,,,0.21,unknown,,
2026-09-02,2026-09-02T08:30:19Z,SR-FORCE-CS,koloshop,not_found,,,,,,,0.21,unknown,,
2026-09-02,2026-09-02T08:30:19Z,SR-FORCE-CN,koloshop,not_found,,,,,,,0.21,unknown,,
2026-09-02,2026-09-02T08:30:19Z,SR-FORCE-SET,koloshop,not_found,,,,,,,0.21,unknown,,
2026-09-02,2026-09-02T08:30:19Z,SR-FORCE-SET-PM,koloshop,not_found,,,,,,,0.21,unknown,,
2026-09-02,2026-09-02T08:30:19Z,SR-RIVAL-STBR,koloshop,not_found,,,,,,,0.21,unknown,,
2026-09-02,2026-09-02T08:30:19Z,SR-RIVAL-RD,koloshop,not_found,,,,,,,0.21,unknown,,
2026-09-02,2026-09-02T08:30:19Z,SR-RIVAL-FD,koloshop,not_found,,,,,,,0.21,unknown,,
2026-09-02,2026-09-02T08:30:19Z,SR-RIVAL-FC,koloshop,not_found,,,,,,,0.21,unknown,,
2026-09-02,2026-09-02T08:30:19Z,SR-RIVAL-FC-PM,koloshop,not_found,,,,,,,0.21,unknown,,
2026-09-02,2026-09-02T08:30:19Z,SR-RIVAL-CS,koloshop,not_found,,,,,,,0.21,unknown,,
2026-09-02,2026-09-02T08:30:19Z,SR-RIVAL-CN,koloshop,not_found,,,,,,,0.21,unknown,,
2026-09-02,2026-09-02T08:30:19Z,SR-RIVAL-SET,koloshop,not_found,,,,,,,0.21,unknown,,
2026-09-02,2026-09-02T08:30:19Z,SR-RIVAL-SET-PM,koloshop,not_found,,,,,,,0.21,unknown,,
2026-09-02,2026-09-02T08:30:19Z,SR-FORCE-D2-SET,koloshop,not_found,,,,,,,0.21,unknown,,
2026-09-02,2026-09-02T08:30:19Z,SR-RIVAL-D1-SET,koloshop,not_found,,,,,,,0.21,unknown,,
2026-09-02,2026-09-02T08:30:19Z,SR-RED-D1-SET,koloshop,not_found,,,,,,,0.21,unknown,,
2026-09-02,2026-09-02T08:30:19Z,SR-X-BATTERY,koloshop,not_found,,,,,,,0.21,unknown,,
2026-09-02,2026-09-02T08:30:19Z,SR-X-CHARGER,koloshop,not_found,,,,,,,0.21,unknown,,
2026-09-02,2026-09-02T08:30:19Z,SR-X-PACELINE-160,koloshop,not_found,,,,,,,0.21,unknown,,
2026-09-02,2026-09-02T08:30:19Z,SR-X-PACELINE-X-160,koloshop,not_found,,,,,,,0.21,unknown,,
2026-09-02,2026-09-02T08:30:19Z,SR-X-CENTERLINE-XR-160,koloshop,not_found,,,,,,,0.21,unknown,,
2026-09-02,2026-09-02T08:30:19Z,SH-105-STBR,bike-discount,ok,105 Di2 ST-R7170+BR-R7170 2x12-fach Scheibenbremsen-Set,https://www.bike-discount.de/de/shimano-105-di2-st-r7170-br-r7170-2x12-fach-scheibenbremsen-set-1,439.99,EUR,439.99,369.74,0.19,out,jsonld,vyprodáno
2026-09-02,2026-09-02T08:30:19Z,SH-105-RD,bike-discount,ok,105 Di2 RD-R7150 12-fach Schaltwerk,https://www.bike-discount.de/de/shimano-105-di2-rd-r7150-12-fach-schaltwerk-1,169.99,EUR,169.99,142.85,0.19,in_stock,jsonld,
2026-09-02,2026-09-02T08:30:19Z,SH-105-FD,bike-discount,ok,105 Di2 FD-R7150 2x12-fach Umwerfer Anlöt,https://www.bike-discount.de/de/shimano-105-di2-fd-r7150-2x12-fach-umwerfer,99.99,EUR,99.99,84.03,0.19,in_stock,jsonld,
2026-09-02,2026-09-02T08:30:19Z,SH-105-FC,bike-discount,ok,105 FC-R7100 12-fach Kurbel 50/34,https://www.bike-discount.de/de/shimano-105-fc-r7100-12-fach-kurbel-50/34,117.99,EUR,117.99,99.15,0.19,in_stock,jsonld,
2026-09-02,2026-09-02T08:30:19Z,SH-105-CS,bike-discount,not_found,,,,,,,0.19,unknown,,
2026-09-02,2026-09-02T08:30:19Z,SH-105-CS2,bike-discount,ok,105 CS-HG710 12-fach Kassette,https://www.bike-discount.de/de/shimano-105-cs-hg710-12-fach-kassette,58.99,EUR,58.99,49.57,0.19,in_stock,jsonld,ověřit variantu
2026-09-02,2026-09-02T08:30:19Z,SH-105-CN,bike-discount,ok,SLX CN-M7100 12-fach Kette mit Quick-Link,https://www.bike-discount.de/de/shimano-slx-cn-m7100-12-fach-kette-mit-quick-link,18.99,EUR,18.99,15.96,0.19,in_stock,jsonld,
2026-09-02,2026-09-02T08:30:19Z,SH-105-SET,bike-discount,ok,105 Di2 R7170 2x12-fach Gruppe Disc TOP-DEAL,https://www.bike-discount.de/de/shimano-105-di2-r7170-2x12-fach-gruppe-disc-top-deal,799.0,EUR,799.0,671.43,0.19,in_stock,jsonld,
2026-09-02,2026-09-02T08:30:19Z,SH-ULT-STBR,bike-discount,ok,ULTEGRA Di2 ST-R8170+BR-R8170 2x12-fach Scheibenbremsen-Set,https://www.bike-discount.de/de/shimano-ultegra-di2-st-r8170-br-r8170-2x12-fach-scheibenbremsen-set-2,578.99,EUR,578.99,486.55,0.19,in_stock,jsonld,
2026-09-02,2026-09-02T08:30:19Z,SH-ULT-RD,bike-discount,ok,ULTEGRA Di2 RD-R8150 12-fach Schaltwerk,https://www.bike-discount.de/de/shimano-ultegra-di2-rd-r8150-12-fach-schaltwerk-2,254.99,EUR,254.99,214.28,0.19,in_stock,jsonld,
2026-09-02,2026-09-02T08:30:19Z,SH-ULT-FD,bike-discount,ok,ULTEGRA Di2 FD-R8150 2x12-fach Umwerfer,https://www.bike-discount.de/de/shimano-ultegra-di2-fd-r8150-2x12-fach-umwerfer,159.99,EUR,159.99,134.45,0.19,in_stock,jsonld,
2026-09-02,2026-09-02T08:30:19Z,SH-ULT-FC,bike-discount,ok,ULTEGRA FC-R8100 12-fach Kurbel 50/34,https://www.bike-discount.de/de/shimano-ultegra-fc-r8100-12-fach-kurbel-50/34,194.99,EUR,194.99,163.86,0.19,in_stock,jsonld,
2026-09-02,2026-09-02T08:30:19Z,SH-ULT-FC-PM,bike-discount,not_found,,,,,,,0.19,unknown,,
2026-09-02,2026-09-02T08:30:19Z,SH-ULT-CS,bike-discount,not_found,,,,,,,0.19,unknown,,
2026-09-02,2026-09-02T08:30:19Z,SH-ULT-CN,bike-discount,ok,XT CN-M8100 12-fach Kette mit Quick-Link,https://www.bike-discount.de/de/shimano-xt-cn-m8100-12-fach-kette-mit-quick-link,27.99,EUR,27.99,23.52,0.19,in_stock,jsonld,
2026-09-02,2026-09-02T08:30:19Z,SH-ULT-SET,bike-discount,ok,ULTEGRA Di2 R8170 2x12-fach Gruppe Disc 140/160mm TOP-DEAL,https://www.bike-discount.de/de/shimano-ultegra-di2-r8170-2x12-fach-gruppe-disc-140/160mm-1,1199.99,EUR,1199.99,1008.39,0.19,in_stock,jsonld,
2026-09-02,2026-09-02T08:30:19Z,SH-ULT-SET-PM,bike-discount,ok,ULTEGRA Di2 R8170-P 2x12-fach Powermeter Gruppe Disc 160/160mm TOP-DEAL,https://www.bike-discount.de/de/shimano-ultegra-di2-r8170-p-2x12-fach-powermeter-gruppe-disc-160/160mm,1689.99,EUR,1689.99,1420.16,0.19,in_stock,jsonld,ověřit variantu
2026-09-02,2026-09-02T08:30:19Z,SH-DA-STBR,bike-discount,ok,DURA ACE Di2 ST-R9270+BR-R9270 2x12-fach Scheibenbremsen-Set,https://www.bike-discount.de/de/shimano-dura-ace-di2-st-r9270-br-r9270-2x12-fach-scheibenbremsen-set-3,969.99,EUR,969.99,815.12,0.19,in_stock,jsonld,
2026-09-02,2026-09-02T08:30:19Z,SH-DA-RD,bike-discount,ok,DURA ACE Di2 RD-R9250 12-fach Schaltwerk,https://www.bike-discount.de/de/shimano-dura-ace-di2-rd-r9250-12-fach-schaltwerk-3,529.99,EUR,529.99,445.37,0.19,in_stock,jsonld,
2026-09-02,2026-09-02T08:30:19Z,SH-DA-FD,bike-discount,ok,DURA ACE Di2 FD-R9250 2x12-fach Umwerfer,https://www.bike-discount.de/de/shimano-dura-ace-di2-fd-r9250-2x12-fach-umwerfer,279.99,EUR,279.99,235.29,0.19,in_stock,jsonld,
2026-09-02,2026-09-02T08:30:19Z,SH-DA-FC,bike-discount,ok,DURA ACE FC-R9200 12-fach Kurbel 52/36,https://www.bike-discount.de/de/shimano-dura-ace-fc-r9200-12-fach-kurbel-52/36,384.99,EUR,384.99,323.52,0.19,in_stock,jsonld,
2026-09-02,2026-09-02T08:30:19Z,SH-DA-FC-PM,bike-discount,not_found,,,,,,,0.19,unknown,,
2026-09-02,2026-09-02T08:30:19Z,SH-DA-CS,bike-discount,ok,DURA ACE CS-R9200 12-fach Kassette,https://www.bike-discount.de/de/shimano-dura-ace-cs-r9200-12-fach-kassette,224.99,EUR,224.99,189.07,0.19,in_stock,jsonld,ověřit variantu
2026-09-02,2026-09-02T08:30:19Z,SH-DA-CN,bike-discount,ok,XTR CN-M9100 12-fach Kette mit Quick-Link,https://www.bike-discount.de/de/shimano-xtr-cn-m9100-12-fach-kette-mit-quick-link,41.99,EUR,41.99,35.29,0.19,in_stock,jsonld,
2026-09-02,2026-09-02T08:30:19Z,SH-DA-SET,bike-discount,ok,DURA ACE Di2 R9270 2x12-fach Gruppe Disc 140/160mm TOP-DEAL,https://www.bike-discount.de/de/shimano-dura-ace-di2-r9270-2x12-fach-gruppe-disc-140/160mm,1999.0,EUR,1999.0,1679.83,0.19,in_stock,jsonld,
2026-09-02,2026-09-02T08:30:19Z,SH-DA-SET-PM,bike-discount,not_found,,,,,,,0.19,unknown,,
2026-09-02,2026-09-02T08:30:19Z,SH-X-BT-DN300,bike-discount,ok,Unità adattatore per BT-DN300,https://www.bike-discount.de/it/shimano-unita-adattatore-per-bt-dn300,5.99,EUR,5.99,5.03,0.19,in_stock,jsonld,
2026-09-02,2026-09-02T08:30:19Z,SH-X-EW-EC300,bike-discount,ok,Di2 EW-EC300 Ladekabel,https://www.bike-discount.de/de/shimano-di2-ew-ec300-ladekabel,34.99,EUR,34.99,29.4,0.19,in_stock,jsonld,
2026-09-02,2026-09-02T08:30:19Z,SH-X-RT-CL800,bike-discount,not_found,,,,,,,0.19,unknown,,
2026-09-02,2026-09-02T08:30:19Z,SH-X-RT-CL900,bike-discount,not_found,,,,,,,0.19,unknown,,
2026-09-02,2026-09-02T08:30:19Z,SR-RED-STBR,bike-discount,not_found,,,,,,,0.19,unknown,,
2026-09-02,2026-09-02T08:30:19Z,SR-RED-RD,bike-discount,ok,RED AXS E1 12-fach Schaltwerk,https://www.bike-discount.de/de/sram-red-axs-e1-12-fach-schaltwerk,529.99,EUR,529.99,445.37,0.19,in_stock,jsonld,
2026-09-02,2026-09-02T08:30:19Z,SR-RED-FD,bike-discount,ok,RED AXS E1 2x12-fach Umwerfer Anlöt,https://www.bike-discount.de/de/sram-red-axs-e1-2x12-fach-umwerfer-anloet,347.99,EUR,347.99,292.43,0.19,in_stock,jsonld,
2026-09-02,2026-09-02T08:30:19Z,SR-RED-FC,bike-discount,not_found,,,,,,,0.19,unknown,,
2026-09-02,2026-09-02T08:30:19Z,SR-RED-FC-PM,bike-discount,ok,Red AXS DUB Powermeter 2x12-fach Carbon Kurbel 50/37,https://www.bike-discount.de/de/sram-red-axs-dub-powermeter-2x12-fach-carbon-kurbel-50/37,749.99,EUR,749.99,630.24,0.19,in_stock,jsonld,
2026-09-02,2026-09-02T08:30:19Z,SR-RED-CS,bike-discount,not_found,,,,,,,0.19,unknown,,
2026-09-02,2026-09-02T08:30:19Z,SR-RED-CN,bike-discount,not_found,,,,,,,0.19,unknown,,
2026-09-02,2026-09-02T08:30:19Z,SR-RED-SET,bike-discount,ok,RED AXS E1 HRD Schalt-/Bremshebel Kit,https://www.bike-discount.de/de/sram-red-axs-e1-hrd-schalt-bremshebel-kit,349.99,EUR,349.99,294.11,0.19,out,jsonld,vyprodáno
2026-09-02,2026-09-02T08:30:19Z,SR-RED-SET-PM,bike-discount,ok,RED AXS E1 2-fach Powermeter Kit,https://www.bike-discount.de/de/sram-red-axs-e1-powermeter-kit,579.99,EUR,579.99,487.39,0.19,in_stock,jsonld,
2026-09-02,2026-09-02T08:30:19Z,SR-FORCE-STBR,bike-discount,ok,Force AXS E1 12-fach Schaltrollen-Set,https://www.bike-discount.de/de/sram-force-axs-e1-12-fach-schaltrollen-set,51.99,EUR,51.99,43.69,0.19,in_stock,jsonld,
2026-09-02,2026-09-02T08:30:19Z,SR-FORCE-RD,bike-discount,ok,Force AXS E1 12-fach Schaltwerk,https://www.bike-discount.de/de/sram-force-axs-e1-12-fach-schaltwerk,271.99,EUR,271.99,228.56,0.19,in_stock,jsonld,
2026-09-02,2026-09-02T08:30:19Z,SR-FORCE-FD,bike-discount,ok,Force AXS E1 2x12-fach Umwerfer Anlöt,https://www.bike-discount.de/de/sram-force-axs-e1-2x12-fach-umwerfer-anloet,189.99,EUR,189.99,159.66,0.19,in_stock,jsonld,
2026-09-02,2026-09-02T08:30:19Z,SR-FORCE-FC,bike-discount,ok,Force E1 DUB 2x12-fach Carbon Kurbel 50/37T,https://www.bike-discount.de/de/sram-force-e1-dub-2x12-fach-carbon-kurbel-50/37t,229.99,EUR,229.99,193.27,0.19,in_stock,jsonld,
2026-09-02,2026-09-02T08:30:19Z,SR-FORCE-FC-PM,bike-discount,ok,Force AXS Powermeter E1 DUB 2x12-fach Carbon Kurbel 50/37T,https://www.bike-discount.de/de/sram-force-axs-powermeter-e1-dub-2x12-fach-carbon-kurbel-50/37t,519.99,EUR,519.99,436.97,0.19,in_stock,jsonld,
2026-09-02,2026-09-02T08:30:19Z,SR-FORCE-CS,bike-discount,not_found,,,,,,,0.19,unknown,,
2026-09-02,2026-09-02T08:30:19Z,SR-FORCE-CN,bike-discount,not_found,,,,,,,0.19,unknown,,
2026-09-02,2026-09-02T08:30:19Z,SR-FORCE-SET,bike-discount,ok,Force E1 50-37T Carbon AXS 12-fach Gruppe,https://www.bike-discount.de/de/sram-force-e1-50-37t-carbon-axs-12-fach-gruppe,1549.99,EUR,1549.99,1302.51,0.19,in_stock,jsonld,
2026-09-02,2026-09-02T08:30:19Z,SR-FORCE-SET-PM,bike-discount,not_found,,,,,,,0.19,unknown,,
2026-09-02,2026-09-02T08:30:19Z,SR-RIVAL-STBR,bike-discount,ok,Rival/Force/Red AXS Brake Caliper Service Kit,https://www.bike-discount.de/en/sram-rival/force/red-axs-brake-caliper-service-kit,19.99,EUR,19.99,16.8,0.19,in_stock,jsonld,
2026-09-02,2026-09-02T08:30:19Z,SR-RIVAL-RD,bike-discount,ok,Rival AXS E1 12-fach Schaltwerk,https://www.bike-discount.de/de/sram-rival-axs-e1-12-fach-schaltwerk,219.99,EUR,219.99,184.87,0.19,in_stock,jsonld,
2026-09-02,2026-09-02T08:30:19Z,SR-RIVAL-FD,bike-discount,ok,Rival AXS E1 2x12-fach Umwerfer Anlöt,https://www.bike-discount.de/de/sram-rival-axs-e1-2x12-fach-umwerfer-anloet,143.99,EUR,143.99,121.0,0.19,in_stock,jsonld,
2026-09-02,2026-09-02T08:30:19Z,SR-RIVAL-FC,bike-discount,ok,Rival E1 DUB 2x12-fach Kurbel 48/35T,https://www.bike-discount.de/de/sram-rival-e1-dub-2x12-fach-kurbel-48/35t,129.99,EUR,129.99,109.24,0.19,in_stock,jsonld,
2026-09-02,2026-09-02T08:30:19Z,SR-RIVAL-FC-PM,bike-discount,ok,Rival AXS Powermeter E1 DUB 2x12-fach Kurbel 46/33T,https://www.bike-discount.de/de/sram-rival-axs-powermeter-e1-dub-2x12-fach-kurbel-46/33t,269.99,EUR,269.99,226.88,0.19,in_stock,jsonld,
2026-09-02,2026-09-02T08:30:19Z,SR-RIVAL-CS,bike-discount,not_found,,,,,,,0.19,unknown,,
2026-09-02,2026-09-02T08:30:19Z,SR-RIVAL-CN,bike-discount,not_found,,,,,,,0.19,unknown,,
2026-09-02,2026-09-02T08:30:19Z,SR-RIVAL-SET,bike-discount,ok,Rival E1 AXS 2x12-fach 48/35T Gruppe,https://www.bike-discount.de/de/sram-rival-e1-axs-2x12-fach-48/35t-gruppe,1149.99,EUR,1149.99,966.38,0.19,in_stock,jsonld,
2026-09-02,2026-09-02T08:30:19Z,SR-RIVAL-SET-PM,bike-discount,not_found,,,,,,,0.19,unknown,,
2026-09-02,2026-09-02T08:30:19Z,SR-FORCE-D2-SET,bike-discount,ok,Rival/Force/Red AXS Brake Caliper Service Kit,https://www.bike-discount.de/en/sram-rival/force/red-axs-brake-caliper-service-kit,19.99,EUR,19.99,16.8,0.19,in_stock,jsonld,ověřit variantu
2026-09-02,2026-09-02T08:30:19Z,SR-RIVAL-D1-SET,bike-discount,ok,Rival eTap AXS Pulley Kit,https://www.bike-discount.de/en/sram-rival-etap-axs-pulley-kit,20.99,EUR,20.99,17.64,0.19,out,jsonld,ověřit variantu; vyprodáno
2026-09-02,2026-09-02T08:30:19Z,SR-RED-D1-SET,bike-discount,ok,Feder Kit für Force / Red D1 eTap AXS Schalthebel TOP-DEAL,https://www.bike-discount.de/de/sram-feder-kit-fuer-force/red-d1-etap-axs-schalthebel,4.99,EUR,4.99,4.19,0.19,in_stock,jsonld,
2026-09-02,2026-09-02T08:30:19Z,SR-X-BATTERY,bike-discount,not_found,,,,,,,0.19,unknown,,
2026-09-02,2026-09-02T08:30:19Z,SR-X-CHARGER,bike-discount,not_found,,,,,,,0.19,unknown,,
2026-09-02,2026-09-02T08:30:19Z,SR-X-PACELINE-160,bike-discount,not_found,,,,,,,0.19,unknown,,
2026-09-02,2026-09-02T08:30:19Z,SR-X-PACELINE-X-160,bike-discount,not_found,,,,,,,0.19,unknown,,
2026-09-02,2026-09-02T08:30:19Z,SR-X-CENTERLINE-XR-160,bike-discount,not_found,,,,,,,0.19,unknown,,
2026-09-02,2026-09-02T08:30:19Z,SH-105-STBR,hupnakolo,ok,"Řadicí a brzdová páka Shimano 105, ST-R7170 + třmen BR-7170 - Hupnakolo",https://www.hupnakolo.cz/radici-a-brzdova-paka-shimano-105--st-r7170-trmen-br-7170/,5388.0,CZK,223.02,184.32,0.21,unknown,meta,ověřit variantu
2026-09-02,2026-09-02T08:30:19Z,SH-105-RD,hupnakolo,ok,Shimano 105 RD R7150 Di2 přehazovačka 12s,https://www.hupnakolo.cz/shimano-prehazovacka-105-rd-r7150-12-rychl--max-36z-min-11z-kapacita-41z-bal/,3737.0,CZK,154.68,127.84,0.21,unknown,meta,
2026-09-02,2026-09-02T08:30:19Z,SH-105-FD,hupnakolo,not_found,,,,,,,0.21,unknown,,
2026-09-02,2026-09-02T08:30:19Z,SH-105-FC,hupnakolo,ok,Shimano 105 FC-R7100 | Silniční kliky 2x12 | 50-34 zubů,https://www.hupnakolo.cz/shimano-kliky-105-fc-r7100-integr-klika-2x12-cerna-bez-bb-misek-bal/,2742.0,CZK,113.5,93.8,0.21,unknown,meta,
2026-09-02,2026-09-02T08:30:19Z,SH-105-CS,hupnakolo,not_found,,,,,,,0.21,unknown,,
2026-09-02,2026-09-02T08:30:19Z,SH-105-CS2,hupnakolo,ok,Kazeta SHIMANO CS-HG710 12rychlostní | 11-36 zubů,https://www.hupnakolo.cz/shimano-kazeta-105-cs-hg710-12-12-rychl--11-36-z--bal/,1374.0,CZK,56.87,47.0,0.21,unknown,meta,ověřit variantu
2026-09-02,2026-09-02T08:30:19Z,SH-105-CN,hupnakolo,ok,"SHIMANO SLX CN-M7100 12 rychlostní řetěz, 116 článků, baleno v sáčků - Hupnakolo",https://www.hupnakolo.cz/shimano-retez-slx-cn-m7100-12rychl-116cl--s-rychlospojkou-box-20-ks/,429.0,CZK,17.76,14.68,0.21,unknown,meta,
2026-09-02,2026-09-02T08:30:19Z,SH-105-SET,hupnakolo,not_found,,,,,,,0.21,unknown,,
2026-09-02,2026-09-02T08:30:19Z,SH-ULT-STBR,hupnakolo,ok,Shimano Ultegra Di2 ST R8170 BR R8170 prava 12s brzda,https://www.hupnakolo.cz/shimano-kot-brzd-set-ultegra-br-r8170-st-r8170-zadprava-j-kit-di2-bez-adapt-polymer-chl-bh90170c/,6988.0,CZK,289.25,239.05,0.21,unknown,meta,
2026-09-02,2026-09-02T08:30:19Z,SH-ULT-RD,hupnakolo,not_found,,,,,,,0.21,unknown,,
2026-09-02,2026-09-02T08:30:19Z,SH-ULT-FD,hupnakolo,ok,SHIMANO přesmykač ULTEGRA Di2 FD-R8150 pro 2x12 navářka Down Swing61-66 pro 50-54z max 16z kapac ba - Hupnakolo,https://www.hupnakolo.cz/shimano-presmykac-ultegra-di2-fd-r8150-pro-2x12-navarka-down-swing61-66-pro-50-54z-max-16z-kapac-ba/,3697.0,CZK,153.03,126.47,0.21,unknown,meta,
2026-09-02,2026-09-02T08:30:19Z,SH-ULT-FC,hupnakolo,ok,"Shimano Ultegra FC-R8100 – kliky 2×12, 46/36",https://www.hupnakolo.cz/shimano-kliky-ultegra-fc-r8100-integr-klika-2x12-1725-mm-46x36z-bez-bb-misek-bal/,4644.0,CZK,192.23,158.86,0.21,unknown,meta,ověřit variantu
2026-09-02,2026-09-02T08:30:19Z,SH-ULT-FC-PM,hupnakolo,ok,Adaptér přední brzdy IS-PM 203 mm - Hupnakolo,https://www.hupnakolo.cz/adapter-predni-brzdy-is-pm-203-mm/,63.0,CZK,2.61,2.16,0.21,unknown,meta,ověřit variantu
2026-09-02,2026-09-02T08:30:19Z,SH-ULT-CS,hupnakolo,not_found,,,,,,,0.21,unknown,,
2026-09-02,2026-09-02T08:30:19Z,SH-ULT-CN,hupnakolo,not_found,,,,,,,0.21,unknown,,
2026-09-02,2026-09-02T08:30:19Z,SH-ULT-SET,hupnakolo,not_found,,,,,,,0.21,unknown,,
2026-09-02,2026-09-02T08:30:19Z,SH-ULT-SET-PM,hupnakolo,not_found,,,,,,,0.21,unknown,,
2026-09-02,2026-09-02T08:30:19Z,SH-DA-STBR,hupnakolo,not_found,,,,,,,0.21,unknown,,
2026-09-02,2026-09-02T08:30:19Z,SH-DA-RD,hupnakolo,ok,Shimano Dura Ace RD R9250 Di2 přehazovačka 12s Shadow+,https://www.hupnakolo.cz/shimano-prehazovacka-dura-ace-di2-rd-r9250-12-rychl--bal/,11497.0,CZK,475.89,393.3,0.21,unknown,meta,
2026-09-02,2026-09-02T08:30:19Z,SH-DA-FD,hupnakolo,not_found,,,,,,,0.21,unknown,,
2026-09-02,2026-09-02T08:30:19Z,SH-DA-FC,hupnakolo,ok,Shimano Dura-Ace FC-R9200 – kliková sada 2×12,https://www.hupnakolo.cz/shimano-kliky-dura-ace-fc-r9200-integr-klika-2x12-175-mm-52x36z-bez-bb-misek/,8915.0,CZK,369.01,304.97,0.21,unknown,meta,ověřit variantu
2026-09-02,2026-09-02T08:30:19Z,SH-DA-FC-PM,hupnakolo,ok,"Shimano DURA-ACE FC-R9200-P Powermeter kliky | 2x12, 175 mm, wattmetr",https://www.hupnakolo.cz/shimano-kliky-dura-ace-fc-r9200-p-integr-klika-2x12-175-mm-bez-prev--bez-bb-misek-pro-mer-vyk-bal/,21798.0,CZK,902.27,745.68,0.21,unknown,meta,ověřit variantu
2026-09-02,2026-09-02T08:30:19Z,SH-DA-CS,hupnakolo,ok,"SHIMANO CS-R9200 Dura-Ace 12-kazeta 11-30 zubů, v krabičce - Hupnakolo",https://www.hupnakolo.cz/shimano-cs-r9200-dura-ace-12-kazeta-11-30-zubu--v-krabicce/?parameterValueId=9618,5163.0,CZK,213.71,176.62,0.21,unknown,meta,
2026-09-02,2026-09-02T08:30:19Z,SH-DA-CN,hupnakolo,ok,Řetěz SHIMANO XTR CN-M9100 - 12 rychlostí - Hupnakolo,https://www.hupnakolo.cz/shimano-xtr-cn-m9100/,1049.0,CZK,43.42,35.88,0.21,unknown,meta,
2026-09-02,2026-09-02T08:30:19Z,SH-DA-SET,hupnakolo,not_found,,,,,,,0.21,unknown,,
2026-09-02,2026-09-02T08:30:19Z,SH-DA-SET-PM,hupnakolo,not_found,,,,,,,0.21,unknown,,
2026-09-02,2026-09-02T08:30:19Z,SH-X-BT-DN300,hupnakolo,not_found,,,,,,,0.21,unknown,,
2026-09-02,2026-09-02T08:30:19Z,SH-X-EW-EC300,hupnakolo,not_found,,,,,,,0.21,unknown,,
2026-09-02,2026-09-02T08:30:19Z,SH-X-RT-CL800,hupnakolo,ok,Shimano RT-CL800 160 mm – Ultegra brzdový kotouč Ice Tech FREEZA,https://www.hupnakolo.cz/brzdovy-kotouc-shimano-rt-cl800-160mm-center-lock--ice-technologies--v-krabicce/,920.0,CZK,38.08,31.47,0.21,unknown,meta,ověřit variantu
2026-09-02,2026-09-02T08:30:19Z,SH-X-RT-CL900,hupnakolo,ok,SHIMANO brzd kotouč -ostatní RT-CL900 center lock 160 mm pro Ice tech + lock ring (interní) - Hupnakolo,https://www.hupnakolo.cz/shimano-brzd-kotouc-ostatni-rt-cl900-center-lock-160-mm-pro-ice-tech-lock-ring--interni-/,1188.0,CZK,49.17,40.64,0.21,unknown,meta,
2026-09-02,2026-09-02T08:30:19Z,SR-RED-STBR,hupnakolo,not_found,,,,,,,0.21,unknown,,
2026-09-02,2026-09-02T08:30:19Z,SR-RED-RD,hupnakolo,not_found,,,,,,,0.21,unknown,,
2026-09-02,2026-09-02T08:30:19Z,SR-RED-FD,hupnakolo,not_found,,,,,,,0.21,unknown,,
2026-09-02,2026-09-02T08:30:19Z,SR-RED-FC,hupnakolo,not_found,,,,,,,0.21,unknown,,
2026-09-02,2026-09-02T08:30:19Z,SR-RED-FC-PM,hupnakolo,ok,"SRAM Red AXS E1 Kliky s Power Metrem 172,5 mm 50/37z DUB | Hupnakolo.cz",https://www.hupnakolo.cz/sram-red-axs-e1-kliky-s-power-metrem--dub-172-5-mm---direct-mount-50-37z/,26128.0,CZK,1081.5,893.8,0.21,unknown,meta,
2026-09-02,2026-09-02T08:30:19Z,SR-RED-CS,hupnakolo,ok,"Kazeta SRAM RED XG-1290 12rychlostní | eTap AXS | 10-26, 10-28, 10-33",https://www.hupnakolo.cz/sram-red-xg-1290-12rychlostni-kazeta-2/,5475.0,CZK,226.62,187.29,0.21,unknown,meta,ověřit variantu
2026-09-02,2026-09-02T08:30:19Z,SR-RED-CN,hupnakolo,ok,Sram Red E1 Flattop řetěz Rainbow 126 článků - Hupnakolo,https://www.hupnakolo.cz/00-2518-068-008-sram-am-cn-red-e1-126li-rbw-w-pwr-lck-12s-1pc/,2025.0,CZK,83.82,69.27,0.21,unknown,meta,
2026-09-02,2026-09-02T08:30:19Z,SR-RED-SET,hupnakolo,not_found,,,,,,,0.21,unknown,,
2026-09-02,2026-09-02T08:30:19Z,SR-RED-SET-PM,hupnakolo,ok,00.3018.387.003 - SRAM PM KIT DM 5239T RED AXS E1 BLK/SLV - Hupnakolo,https://www.hupnakolo.cz/00-3018-387-003-sram-pm-kit-dm-5239t-red-axs-e1-blk-slv/,16629.0,CZK,688.31,568.86,0.21,unknown,meta,
2026-09-02,2026-09-02T08:30:19Z,SR-FORCE-STBR,hupnakolo,not_found,,,,,,,0.21,unknown,,
2026-09-02,2026-09-02T08:30:19Z,SR-FORCE-RD,hupnakolo,not_found,,,,,,,0.21,unknown,,
2026-09-02,2026-09-02T08:30:19Z,SR-FORCE-FD,hupnakolo,not_found,,,,,,,0.21,unknown,,
2026-09-02,2026-09-02T08:30:19Z,SR-FORCE-FC,hupnakolo,not_found,,,,,,,0.21,unknown,,
2026-09-02,2026-09-02T08:30:19Z,SR-FORCE-FC-PM,hupnakolo,not_found,,,,,,,0.21,unknown,,
2026-09-02,2026-09-02T08:30:19Z,SR-FORCE-CS,hupnakolo,ok,"Kazeta SRAM Force XG-1270 12rychlostní | 10-28, 10-33, 10-36 zubů",https://www.hupnakolo.cz/sram-force-xg-1270-12rychlostni-kazeta/,3357.0,CZK,138.95,114.84,0.21,unknown,meta,ověřit variantu
2026-09-02,2026-09-02T08:30:19Z,SR-FORCE-CN,hupnakolo,ok,FORCE spojka řetězu 9s PYC | Shimano / SRAM | 8592627107733,https://www.hupnakolo.cz/spojka-pyc-pro-9-retez--1sada-1-blistr-6ks-spojek/,55.0,CZK,2.28,1.88,0.21,unknown,meta,ověřit variantu
2026-09-02,2026-09-02T08:30:19Z,SR-FORCE-SET,hupnakolo,ok,SRAM Force AXS E2 2×12 – bezdrátová silniční sada,https://www.hupnakolo.cz/00-7918-418-000-sram-force-axs-groupset-2--12-e2---bezdratova-silnicni-sada/,33371.0,CZK,1381.31,1141.58,0.21,unknown,meta,ověřit variantu
2026-09-02,2026-09-02T08:30:19Z,SR-FORCE-SET-PM,hupnakolo,not_found,,,,,,,0.21,unknown,,
2026-09-02,2026-09-02T08:30:19Z,SR-RIVAL-STBR,hupnakolo,not_found,,,,,,,0.21,unknown,,
2026-09-02,2026-09-02T08:30:19Z,SR-RIVAL-RD,hupnakolo,not_found,,,,,,,0.21,unknown,,
2026-09-02,2026-09-02T08:30:19Z,SR-RIVAL-FD,hupnakolo,not_found,,,,,,,0.21,unknown,,
2026-09-02,2026-09-02T08:30:19Z,SR-RIVAL-FC,hupnakolo,not_found,,,,,,,0.21,unknown,,
2026-09-02,2026-09-02T08:30:19Z,SR-RIVAL-FC-PM,hupnakolo,not_found,,,,,,,0.21,unknown,,
2026-09-02,2026-09-02T08:30:19Z,SR-RIVAL-CS,hupnakolo,ok,Kazeta SRAM Rival XG-1250 | 12rychlostní | 10-30 a 10-36 zubů,https://www.hupnakolo.cz/sram-rival-xg-1250-12rychlostni-kazeta/?parameterValueId=11397,2283.0,CZK,94.5,78.1,0.21,unknown,meta,
2026-09-02,2026-09-02T08:30:19Z,SR-RIVAL-CN,hupnakolo,not_found,,,,,,,0.21,unknown,,
2026-09-02,2026-09-02T08:30:19Z,SR-RIVAL-SET,hupnakolo,not_found,,,,,,,0.21,unknown,,
2026-09-02,2026-09-02T08:30:19Z,SR-RIVAL-SET-PM,hupnakolo,not_found,,,,,,,0.21,unknown,,
2026-09-02,2026-09-02T08:30:19Z,SR-FORCE-D2-SET,hupnakolo,ok,SRAM Force AXS E2 2×12 – bezdrátová silniční sada,https://www.hupnakolo.cz/00-7918-418-000-sram-force-axs-groupset-2--12-e2---bezdratova-silnicni-sada/,33371.0,CZK,1381.31,1141.58,0.21,unknown,meta,ověřit variantu
2026-09-02,2026-09-02T08:30:19Z,SR-RIVAL-D1-SET,hupnakolo,not_found,,,,,,,0.21,unknown,,
2026-09-02,2026-09-02T08:30:19Z,SR-RED-D1-SET,hupnakolo,not_found,,,,,,,0.21,unknown,,
2026-09-02,2026-09-02T08:30:19Z,SR-X-BATTERY,hupnakolo,ok,SRAM baterie pro eTAP a AXS - Hupnakolo,https://www.hupnakolo.cz/sram-baterie-pro-etap-a-axs/,1235.0,CZK,51.12,42.25,0.21,unknown,meta,
2026-09-02,2026-09-02T08:30:19Z,SR-X-CHARGER,hupnakolo,not_found,,,,,,,0.21,unknown,,
2026-09-02,2026-09-02T08:30:19Z,SR-X-PACELINE-160,hupnakolo,ok,00.5018.248.001 - SRAM AM DB ROTOR CL PACELINE 160 ROUNDEDLR A2 - Hupnakolo,https://www.hupnakolo.cz/00-5018-248-001-sram-am-db-rotor-cl-paceline-160-roundedlr-a2/,884.0,CZK,36.59,30.24,0.21,unknown,meta,
2026-09-02,2026-09-02T08:30:19Z,SR-X-PACELINE-X-160,hupnakolo,ok,SRAM Paceline X Center Lock 160 mm – dvoudílný brzdový kotouč Rounded Edges - Hupnakolo,https://www.hupnakolo.cz/sram-paceline-x-center-lock-160-mm---dvoudilny-brzdovy-kotouc-rounded-edges/,1338.0,CZK,55.38,45.77,0.21,unknown,meta,
2026-09-02,2026-09-02T08:30:19Z,SR-X-CENTERLINE-XR-160,hupnakolo,not_found,,,,,,,0.21,unknown,,
2026-09-02,2026-09-02T08:30:19Z,SH-105-STBR,kupkolo,ok,"Řadicí a brzdová páka Shimano 105 Di2, ST-R7170, 2x12",https://www.kupkolo.cz/radici-a-brzdova-paka-shimano-105-di2-st-r7170-2x12_z119215/,4590.0,CZK,189.99,157.02,0.21,in_stock,jsonld,ověřit variantu
2026-09-02,2026-09-02T08:30:19Z,SH-105-RD,kupkolo,ok,"Přehazovačka Shimano 105 Di2, RD-R7150, 12s",https://www.kupkolo.cz/prehazovacka-shimano-105-di2-rd-r7150-12s_z119220/,3990.0,CZK,165.16,136.49,0.21,in_stock,jsonld,
2026-09-02,2026-09-02T08:30:19Z,SH-105-FD,kupkolo,ok,"Přesmykač Shimano 105, FD-R7150, 2x12 Di2",https://www.kupkolo.cz/presmykac-shimano-105-fd-r7150-2x12-di2_z123245/,2590.0,CZK,107.21,88.6,0.21,in_stock,jsonld,
2026-09-02,2026-09-02T08:30:19Z,SH-105-FC,kupkolo,ok,"Kliky Shimano 105, FC-R7100, 2x12s",https://www.kupkolo.cz/kliky-shimano-105-fc-r7100-2x12s_z119207/,2790.0,CZK,115.48,95.44,0.21,in_stock,jsonld,ověřit variantu
2026-09-02,2026-09-02T08:30:19Z,SH-105-CS,kupkolo,not_found,,,,,,,0.21,unknown,,
2026-09-02,2026-09-02T08:30:19Z,SH-105-CS2,kupkolo,not_found,,,,,,,0.21,unknown,,
2026-09-02,2026-09-02T08:30:19Z,SH-105-CN,kupkolo,not_found,,,,,,,0.21,unknown,,
2026-09-02,2026-09-02T08:30:19Z,SH-105-SET,kupkolo,not_found,,,,,,,0.21,unknown,,
2026-09-02,2026-09-02T08:30:19Z,SH-ULT-STBR,kupkolo,ok,"Řadicí a brzdová páka Shimano Ultegra Di2 2x12s, ST-R8170 + třmen BR-R8170",https://www.kupkolo.cz/radici-a-brzdova-paka-shimano-ultegra-di2-2x12s-st-r8170-trmen-br-r8170_z122996/,6990.0,CZK,289.33,239.12,0.21,in_stock,jsonld,
2026-09-02,2026-09-02T08:30:19Z,SH-ULT-RD,kupkolo,ok,"Přehazovačka Shimano Ultegra, RD-R8150, 12s Di2",https://www.kupkolo.cz/prehazovacka-shimano-ultegra-rd-r8150-12s-di2_z116563/,8990.0,CZK,372.12,307.54,0.21,in_stock,jsonld,
2026-09-02,2026-09-02T08:30:19Z,SH-ULT-FD,kupkolo,ok,"Přesmykač Shimano Ultegra, FD-R8150, 2x12 Di2",https://www.kupkolo.cz/presmykac-shimano-ultegra-fd-r8150-2x12-di2_z116564/,4499.0,CZK,186.22,153.9,0.21,in_stock,jsonld,
2026-09-02,2026-09-02T08:30:19Z,SH-ULT-FC,kupkolo,ok,"Kliky Shimano Ultegra, FC-R8100",https://www.kupkolo.cz/kliky-shimano-ultegra-fc-r8100_z116228/,4379.0,CZK,181.26,149.8,0.21,in_stock,jsonld,ověřit variantu
2026-09-02,2026-09-02T08:30:19Z,SH-ULT-FC-PM,kupkolo,ok,"Přední adaptér kot. brzdy a2z, PM/PM-180 F180",https://www.kupkolo.cz/predni-adapter-kot-brzdy-a2z-pm-pm-180-f180_z3923/,149.0,CZK,6.17,5.1,0.21,in_stock,jsonld,ověřit variantu
2026-09-02,2026-09-02T08:30:19Z,SH-ULT-CS,kupkolo,not_found,,,,,,,0.21,unknown,,
2026-09-02,2026-09-02T08:30:19Z,SH-ULT-CN,kupkolo,not_found,,,,,,,0.21,unknown,,
2026-09-02,2026-09-02T08:30:19Z,SH-ULT-SET,kupkolo,not_found,,,,,,,0.21,unknown,,
2026-09-02,2026-09-02T08:30:19Z,SH-ULT-SET-PM,kupkolo,not_found,,,,,,,0.21,unknown,,
2026-09-02,2026-09-02T08:30:19Z,SH-DA-STBR,kupkolo,ok,"Řadicí a brzdová páka Shimano Dura-Ace Di2, ST-R9270 + třmen BR-R9270",https://www.kupkolo.cz/radici-a-brzdova-paka-shimano-dura-ace-di2-st-r9270-trmen-br-r9270_z123165/,9279.0,CZK,384.08,317.42,0.21,in_stock,jsonld,
2026-09-02,2026-09-02T08:30:19Z,SH-DA-RD,kupkolo,ok,SHIMANO vnější vodítko (včetně šroubu) pro RD-R9250,https://www.kupkolo.cz/shimano-vnejsi-voditko-vcetne-sroubu-pro-rd-r9250_z138318/,349.0,CZK,14.45,11.94,0.21,in_stock,jsonld,
2026-09-02,2026-09-02T08:30:19Z,SH-DA-FD,kupkolo,ok,"Přesmykač Shimano Dura-Ace, FD-R9250, 2x12 Di2",https://www.kupkolo.cz/presmykac-shimano-dura-ace-fd-r9250-2x12-di2_z116539/,6379.0,CZK,264.04,218.22,0.21,in_stock,jsonld,
2026-09-02,2026-09-02T08:30:19Z,SH-DA-FC,kupkolo,ok,"Kliky Shimano Dura Ace, FC-R9200",https://www.kupkolo.cz/kliky-shimano-dura-ace-fc-r9200_z116149/,9590.0,CZK,396.95,328.06,0.21,in_stock,jsonld,ověřit variantu
2026-09-02,2026-09-02T08:30:19Z,SH-DA-FC-PM,kupkolo,ok,"Přední adaptér kot. brzdy a2z, PM/PM-180 F180",https://www.kupkolo.cz/predni-adapter-kot-brzdy-a2z-pm-pm-180-f180_z3923/,149.0,CZK,6.17,5.1,0.21,in_stock,jsonld,ověřit variantu
2026-09-02,2026-09-02T08:30:19Z,SH-DA-CS,kupkolo,ok,"Kazeta silniční Shimano Dura Ace, CS-R9200 - 12s",https://www.kupkolo.cz/kazeta-silnicni-shimano-dura-ace-cs-r9200-12s_z114733/,4879.0,CZK,201.95,166.9,0.21,in_stock,jsonld,ověřit variantu
2026-09-02,2026-09-02T08:30:19Z,SH-DA-CN,kupkolo,not_found,,,,,,,0.21,unknown,,
2026-09-02,2026-09-02T08:30:19Z,SH-DA-SET,kupkolo,not_found,,,,,,,0.21,unknown,,
2026-09-02,2026-09-02T08:30:19Z,SH-DA-SET-PM,kupkolo,not_found,,,,,,,0.21,unknown,,
2026-09-02,2026-09-02T08:30:19Z,SH-X-BT-DN300,kupkolo,ok,SHIMANO baterie Di2 / BT-DN300,https://www.kupkolo.cz/shimano-baterie-di2-bt-dn300_z116543/,2790.0,CZK,115.48,95.44,0.21,in_stock,jsonld,
2026-09-02,2026-09-02T08:30:19Z,SH-X-EW-EC300,kupkolo,ok,"Shimano EW-EC300 nabíjecí konektor Di2/powermetr, 12s",https://www.kupkolo.cz/shimano-ew-ec300-nabijeci-konektor-di2-powermetr-12s_z116542/,890.0,CZK,36.84,30.45,0.21,in_stock,jsonld,
2026-09-02,2026-09-02T08:30:19Z,SH-X-RT-CL800,kupkolo,not_found,,,,,,,0.21,unknown,,
2026-09-02,2026-09-02T08:30:19Z,SH-X-RT-CL900,kupkolo,not_found,,,,,,,0.21,unknown,,
2026-09-02,2026-09-02T08:30:19Z,SR-RED-STBR,kupkolo,not_found,,,,,,,0.21,unknown,,
2026-09-02,2026-09-02T08:30:19Z,SR-RED-RD,kupkolo,not_found,,,,,,,0.21,unknown,,
2026-09-02,2026-09-02T08:30:19Z,SR-RED-FD,kupkolo,not_found,,,,,,,0.21,unknown,,
2026-09-02,2026-09-02T08:30:19Z,SR-RED-FC,kupkolo,ok,"Kliky Sram RED E1, DUB 2x12s",https://www.kupkolo.cz/kliky-sram-red-e1-dub-2x12s_z125689/,14499.0,CZK,600.15,495.99,0.21,in_stock,jsonld,
2026-09-02,2026-09-02T08:30:19Z,SR-RED-FC-PM,kupkolo,ok,"Kliky Sram RED E1, DUB 2x12s Quarq s powermetrem",https://www.kupkolo.cz/kliky-sram-red-e1-dub-2x12s-quarq-s-powermetrem_z125697/,25790.0,CZK,1067.51,882.24,0.21,in_stock,jsonld,
2026-09-02,2026-09-02T08:30:19Z,SR-RED-CS,kupkolo,not_found,,,,,,,0.21,unknown,,
2026-09-02,2026-09-02T08:30:19Z,SR-RED-CN,kupkolo,ok,"Přesmykač Sram RED 22 Yaw, navářka, Chain Spotter, 2x11",https://www.kupkolo.cz/presmykac-sram-red-22-yaw-navarka-chain-spotter-2x11_z103083/,2559.0,CZK,105.92,87.54,0.21,in_stock,jsonld,ověřit variantu
2026-09-02,2026-09-02T08:30:19Z,SR-RED-SET,kupkolo,not_found,,,,,,,0.21,unknown,,
2026-09-02,2026-09-02T08:30:19Z,SR-RED-SET-PM,kupkolo,not_found,,,,,,,0.21,unknown,,
2026-09-02,2026-09-02T08:30:19Z,SR-FORCE-STBR,kupkolo,ok,Brzdový třmen SRAM FORCE AXS Flat mount,https://www.kupkolo.cz/brzdovy-trmen-sram-force-axs-flat-mount_z120164/,1890.0,CZK,78.23,64.65,0.21,in_stock,jsonld,
2026-09-02,2026-09-02T08:30:19Z,SR-FORCE-RD,kupkolo,not_found,,,,,,,0.21,unknown,,
2026-09-02,2026-09-02T08:30:19Z,SR-FORCE-FD,kupkolo,not_found,,,,,,,0.21,unknown,,
2026-09-02,2026-09-02T08:30:19Z,SR-FORCE-FC,kupkolo,ok,"Kliky Sram Force E1, DM DUB 2x12",https://www.kupkolo.cz/kliky-sram-force-e1-dm-dub-2x12_z134824/,8999.0,CZK,372.49,307.84,0.21,in_stock,jsonld,
2026-09-02,2026-09-02T08:30:19Z,SR-FORCE-FC-PM,kupkolo,ok,"Kliky Sram Force E1 Powermetr, Thread mount DUB 2x12",https://www.kupkolo.cz/kliky-sram-force-e1-powermetr-thread-mount-dub-2x12_z134825/,18900.0,CZK,782.32,646.54,0.21,in_stock,jsonld,
2026-09-02,2026-09-02T08:30:19Z,SR-FORCE-CS,kupkolo,not_found,,,,,,,0.21,unknown,,
2026-09-02,2026-09-02T08:30:19Z,SR-FORCE-CN,kupkolo,ok,"Přesmykač Sram Force 22 Yaw, navářka, Chain Spotter, 2x11",https://www.kupkolo.cz/presmykac-sram-force-22-yaw-navarka-chain-spotter-2x11_z95892/,1290.0,CZK,53.4,44.13,0.21,in_stock,jsonld,ověřit variantu
2026-09-02,2026-09-02T08:30:19Z,SR-FORCE-SET,kupkolo,not_found,,,,,,,0.21,unknown,,
2026-09-02,2026-09-02T08:30:19Z,SR-FORCE-SET-PM,kupkolo,not_found,,,,,,,0.21,unknown,,
2026-09-02,2026-09-02T08:30:19Z,SR-RIVAL-STBR,kupkolo,ok,Servisní sada pro Sram Brzdový třmen Rival AXS,https://www.kupkolo.cz/servisni-sada-pro-sram-brzdovy-trmen-rival-axs_z122150/,549.0,CZK,22.72,18.78,0.21,in_stock,jsonld,
2026-09-02,2026-09-02T08:30:19Z,SR-RIVAL-RD,kupkolo,not_found,,,,,,,0.21,unknown,,
2026-09-02,2026-09-02T08:30:19Z,SR-RIVAL-FD,kupkolo,not_found,,,,,,,0.21,unknown,,
2026-09-02,2026-09-02T08:30:19Z,SR-RIVAL-FC,kupkolo,ok,"Kliky Sram Rival E1, DM DUB 2x12",https://www.kupkolo.cz/kliky-sram-rival-e1-dm-dub-2x12_z134829/,3990.0,CZK,165.16,136.49,0.21,in_stock,jsonld,
2026-09-02,2026-09-02T08:30:19Z,SR-RIVAL-FC-PM,kupkolo,ok,"Kliky Sram Rival E1, DM DUB 2x12 s Powermetrem",https://www.kupkolo.cz/kliky-sram-rival-e1-dm-dub-2x12-s-powermetrem_z134837/,6990.0,CZK,289.33,239.12,0.21,in_stock,jsonld,
2026-09-02,2026-09-02T08:30:19Z,SR-RIVAL-CS,kupkolo,not_found,,,,,,,0.21,unknown,,
2026-09-02,2026-09-02T08:30:19Z,SR-RIVAL-CN,kupkolo,not_found,,,,,,,0.21,unknown,,
2026-09-02,2026-09-02T08:30:19Z,SR-RIVAL-SET,kupkolo,ok,Servisní sada pro Sram Brzdový třmen Rival AXS,https://www.kupkolo.cz/servisni-sada-pro-sram-brzdovy-trmen-rival-axs_z122150/,549.0,CZK,22.72,18.78,0.21,in_stock,jsonld,ověřit variantu
2026-09-02,2026-09-02T08:30:19Z,SR-RIVAL-SET-PM,kupkolo,not_found,,,,,,,0.21,unknown,,
2026-09-02,2026-09-02T08:30:19Z,SR-FORCE-D2-SET,kupkolo,not_found,,,,,,,0.21,unknown,,
2026-09-02,2026-09-02T08:30:19Z,SR-RIVAL-D1-SET,kupkolo,not_found,,,,,,,0.21,unknown,,
2026-09-02,2026-09-02T08:30:19Z,SR-RED-D1-SET,kupkolo,not_found,,,,,,,0.21,unknown,,
2026-09-02,2026-09-02T08:30:19Z,SR-X-BATTERY,kupkolo,ok,"SRAM baterie eTAP/AXS (pro přehazovačku nebo přesmykač), 1kus",https://www.kupkolo.cz/sram-baterie-etap-axs-pro-prehazovacku-nebo-presmykac-1kus_z100168/,1129.0,CZK,46.73,38.62,0.21,in_stock,jsonld,
2026-09-02,2026-09-02T08:30:19Z,SR-X-CHARGER,kupkolo,not_found,,,,,,,0.21,unknown,,
2026-09-02,2026-09-02T08:30:19Z,SR-X-PACELINE-160,kupkolo,not_found,,,,,,,0.21,unknown,,
2026-09-02,2026-09-02T08:30:19Z,SR-X-PACELINE-X-160,kupkolo,not_found,,,,,,,0.21,unknown,,
2026-09-02,2026-09-02T08:30:19Z,SR-X-CENTERLINE-XR-160,kupkolo,not_found,,,,,,,0.21,unknown,,
2026-09-03,2026-09-03T08:38:43Z,SH-105-STBR,starbike,ok,Shimano 105 Di2 ST-R7170 shift- and brake dual control lever,https://www.starbike.com/en/shimano-105-di2-st-r7170-shift-and-brake-dual-control-lever/,189.9,EUR,189.9,159.58,0.19,unknown,jsonld,ověřit variantu
2026-09-03,2026-09-03T08:38:43Z,SH-105-RD,starbike,not_found,,,,,,,0.19,unknown,,
2026-09-03,2026-09-03T08:38:43Z,SH-105-FD,starbike,ok,Shimano 105 Di2 FD-R7150-F front derailleur braze-on,https://www.starbike.com/en/shimano-105-di2-fd-r7150-f-front-derailleur-braze-on/,111.9,EUR,111.9,94.03,0.19,in_stock,jsonld,
2026-09-03,2026-09-03T08:38:43Z,SH-105-FC,starbike,ok,Shimano 105 FC-R7100 crankset 12-speed Hollowtech black,https://www.starbike.com/en/shimano-105-fc-r7100-crankset-12-speed-hollowtech-black/,136.9,EUR,136.9,115.04,0.19,unknown,jsonld,ověřit variantu
2026-09-03,2026-09-03T08:38:43Z,SH-105-CS,starbike,not_found,,,,,,,0.19,unknown,,
2026-09-03,2026-09-03T08:38:43Z,SH-105-CS2,starbike,not_found,,,,,,,0.19,unknown,,
2026-09-03,2026-09-03T08:38:43Z,SH-105-CN,starbike,blocked,,,,,,,0.19,unknown,,
2026-09-03,2026-09-03T08:38:43Z,SH-105-SET,starbike,ok,Shimano 105 Di2 R7170 2x12-speed Flatmount groupset electric,https://www.starbike.com/en/shimano-105-di2-r7170-2x12-speed-flatmount-groupset-electric/,1120.9,EUR,1120.9,941.93,0.19,unknown,jsonld,
2026-09-03,2026-09-03T08:38:43Z,SH-ULT-STBR,starbike,ok,Shimano BR-R8170/ST-R8170 disc brake I-Spec EV excl. adaptor Resin,https://www.starbike.com/en/shimano-br-r8170-st-r8170-disc-brake-i-spec-ev-excl.-adaptor-resin/,368.9,EUR,368.9,310.0,0.19,unknown,jsonld,
2026-09-03,2026-09-03T08:38:43Z,SH-ULT-RD,starbike,ok,Shimano Ultegra RD-R8150 Di2 12-speed rear derailleur black,https://www.starbike.com/en/shimano-ultegra-rd-r8150-di2-12-speed-rear-derailleur-black/,334.9,EUR,334.9,281.43,0.19,in_stock,jsonld,
2026-09-03,2026-09-03T08:38:43Z,SH-ULT-FD,starbike,ok,Shimano Ultegra FD-R8150 Di2 front derailleur 2/12-speed braze-on 50-54T,https://www.starbike.com/en/shimano-ultegra-fd-r8150-di2-front-derailleur-212-speed-braze-on-50-54t/,185.9,EUR,185.9,156.22,0.19,in_stock,jsonld,
2026-09-03,2026-09-03T08:38:43Z,SH-ULT-FC,starbike,ok,Shimano Ultegra FC-R8100 crankset 12-speed Hollowtech anthracite,https://www.starbike.com/en/shimano-ultegra-fc-r8100-crankset-12-speed-hollowtech-anthracite/,203.89,EUR,203.89,171.34,0.19,unknown,jsonld,ověřit variantu
2026-09-03,2026-09-03T08:38:43Z,SH-ULT-FC-PM,starbike,ok,Shimano Ultegra FC-R8100-P 2x12-speed powermeter crankset,https://www.starbike.com/en/shimano-ultegra-fc-r8100-p-2x12-speed-powermeter-crankset/,865.9,EUR,865.9,727.65,0.19,unknown,jsonld,ověřit variantu
2026-09-03,2026-09-03T08:38:43Z,SH-ULT-CS,starbike,not_found,,,,,,,0.19,unknown,,
2026-09-03,2026-09-03T08:38:43Z,SH-ULT-CN,starbike,ok,Shimano XT CN-M8100 12-speed chain,https://www.starbike.com/en/shimano-xt-cn-m8100-12-speed-chain/,23.93,EUR,23.93,20.11,0.19,unknown,jsonld,
2026-09-03,2026-09-03T08:38:43Z,SH-ULT-SET,starbike,ok,Shimano Ultegra Di2 R8100 2x12-speed Flatmount groupset electric,https://www.starbike.com/en/shimano-ultegra-di2-r8100-2x12-speed-flatmount-groupset-electric/,1510.9,EUR,1510.9,1269.66,0.19,unknown,jsonld,
2026-09-03,2026-09-03T08:38:43Z,SH-ULT-SET-PM,starbike,ok,Shimano Ultegra Di2 R8100 2x12-speed Powermeter Flatmount groupset electric,https://www.starbike.com/en/shimano-ultegra-di2-r8100-2x12-speed-powermeter-flatmount-groupset-electric/,2164.9,EUR,2164.9,1819.24,0.19,unknown,jsonld,
2026-09-03,2026-09-03T08:38:43Z,SH-DA-STBR,starbike,ok,Shimano Dura-Ace BR-R9270 Hydraulic Disc Brake / ST-R9270 Di2 STI Shift/Brake Lever,https://www.starbike.com/en/shimano-dura-ace-st-r9270-di2-12-speed-sti-shift-and-brake-lever-hydraulic/,514.9,EUR,514.9,432.69,0.19,unknown,jsonld,
2026-09-03,2026-09-03T08:38:43Z,SH-DA-RD,starbike,ok,Shimano Dura-Ace Di2 RD-R9250 rear derailleur 12-speed black,https://www.starbike.com/en/shimano-dura-ace-di2-rd-r9250-rear-derailleur-12-speed-black/,694.9,EUR,694.9,583.95,0.19,in_stock,jsonld,
2026-09-03,2026-09-03T08:38:43Z,SH-DA-FD,starbike,ok,Shimano Dura-Ace Di2 FD-R9250 front derailleur 2-speed anl&ouml;t 46-55T for 12-speed,https://www.starbike.com/en/shimano-dura-ace-di2-fd-r9250-front-derailleur-2-speed-anloet-46-55t-for-12-speed/,342.9,EUR,342.9,288.15,0.19,in_stock,jsonld,
2026-09-03,2026-09-03T08:38:43Z,SH-DA-FC,starbike,ok,Shimano Dura-Ace FC-R9200 crankset black 12-speed HT2,https://www.starbike.com/en/shimano-dura-ace-fc-r9200-crankset-black-12-speed-ht2/,475.9,EUR,475.9,399.92,0.19,unknown,jsonld,ověřit variantu
2026-09-03,2026-09-03T08:38:43Z,SH-DA-FC-PM,starbike,ok,Shimano Dura-Ace FC-R9200-P 2x12-speed powermeter crankset,https://www.starbike.com/en/shimano-dura-ace-fc-r9200-p-2x12-speed-powermeter-crankset/,1096.89,EUR,1096.89,921.76,0.19,unknown,jsonld,ověřit variantu
2026-09-03,2026-09-03T08:38:43Z,SH-DA-CS,starbike,ok,Shimano Dura-Ace CS-R9200 cassette 12-speed,https://www.starbike.com/en/shimano-dura-ace-cs-r9200-cassette-12-speed/,271.9,EUR,271.9,228.49,0.19,unknown,jsonld,ověřit variantu
2026-09-03,2026-09-03T08:38:43Z,SH-DA-CN,starbike,ok,Shimano XTR CN-M9100 chain 12-speed for E-MTB,https://www.starbike.com/en/shimano-xtr-cn-9100-chain/,37.65,EUR,37.65,31.64,0.19,unknown,jsonld,
2026-09-03,2026-09-03T08:38:43Z,SH-DA-SET,starbike,ok,Shimano Dura-Ace Di2 R9200 12-speed Flatmount groupset electric,https://www.starbike.com/en/shimano-dura-ace-di2-r9200-12-speed-flatmount-groupset-electric/,2621.9,EUR,2621.9,2203.28,0.19,unknown,jsonld,
2026-09-03,2026-09-03T08:38:43Z,SH-DA-SET-PM,starbike,not_found,,,,,,,0.19,unknown,,
2026-09-03,2026-09-03T08:38:43Z,SH-X-BT-DN300,starbike,ok,Shimano BT-DN300 Di2 battery for seatpost/fork,https://www.starbike.com/en/shimano-bt-dn300-di2-battery-for-seatpostfork/,150.9,EUR,150.9,126.81,0.19,in_stock,jsonld,
2026-09-03,2026-09-03T08:38:43Z,SH-X-EW-EC300,starbike,ok,Shimano EW-EC300 Di2 battery charging cable 1.5m USB black,https://www.starbike.com/en/shimano-ew-ec300-di2-battery-charging-cable-15m-usb-black/,41.9,EUR,41.9,35.21,0.19,in_stock,jsonld,
2026-09-03,2026-09-03T08:38:43Z,SH-X-RT-CL800,starbike,ok,Shimano RT-CL800 Centerlock disc rotor with lock ring with magnet 160mm,https://www.starbike.com/en/shimano-rt-cl800-centerlock-disc-rotor-with-lock-ring-with-magnet-160mm/,53.9,EUR,53.9,45.29,0.19,in_stock,jsonld,
2026-09-03,2026-09-03T08:38:43Z,SH-X-RT-CL900,starbike,ok,Shimano RT-CL900 Centerlock disc rotor with lock ring with magnet 160mm,https://www.starbike.com/en/shimano-rt-cl900-centerlock-disc-rotor-with-lock-ring-with-magnet-160mm/,67.9,EUR,67.9,57.06,0.19,in_stock,jsonld,
2026-09-03,2026-09-03T08:38:43Z,SR-RED-STBR,starbike,ok,SRAM RED AXS shift- and braking unit hydraulic disc brake E1 Flatmount,https://www.starbike.com/en/sram-red-axs-shift-and-braking-unit-hydraulic-disc-brake-e1-flatmount-my25/,575.9,EUR,575.9,483.95,0.19,unknown,jsonld,
2026-09-03,2026-09-03T08:38:43Z,SR-RED-RD,starbike,ok,SRAM RED AXS rear derailleur E1 12-speed excl. battery,https://www.starbike.com/en/sram-red-axs-rear-derailleur-e1-12-speed-excl.-battery-my25/,616.9,EUR,616.9,518.4,0.19,in_stock,jsonld,
2026-09-03,2026-09-03T08:38:43Z,SR-RED-FD,starbike,ok,SRAM Spare parts kit for front derailleur Red AXS E1,https://www.starbike.com/en/sram-spare-parts-kit-for-front-derailleur-red-axs-e1/,34.9,EUR,34.9,29.33,0.19,preorder,jsonld,
2026-09-03,2026-09-03T08:38:43Z,SR-RED-FC,starbike,ok,SRAM Red AXS crankset 1/12-speed DUB,https://www.starbike.com/en/sram-red-axs-crankset-1x12-speed-dub/,310.9,EUR,310.9,261.26,0.19,unknown,jsonld,ověřit variantu
2026-09-03,2026-09-03T08:38:43Z,SR-RED-FC-PM,starbike,ok,SRAM Quarq RED E1 crankset excl. bottom bracket DUB,https://www.starbike.com/en/sram-quarq-red-e1-crankset-excl.-bottom-bracket-dub/,973.9,EUR,973.9,818.4,0.19,unknown,jsonld,
2026-09-03,2026-09-03T08:38:43Z,SR-RED-CS,starbike,ok,SRAM XG-1290 Red cassette 12-speed 10-28T.,https://www.starbike.com/en/sram-xg-1290-red-cassette-12-speed/,229.9,EUR,229.9,193.19,0.19,in_stock,jsonld,ověřit variantu
2026-09-03,2026-09-03T08:38:43Z,SR-RED-CN,starbike,ok,SRAM RED AXS PC 12-speed chain incl. PowerLock E1,https://www.starbike.com/en/sram-red-axs-pc-12-speed-chain-incl.-powerlock-e1/,74.9,EUR,74.9,62.94,0.19,unknown,jsonld,
2026-09-03,2026-09-03T08:38:43Z,SR-RED-SET,starbike,ok,SRAM Red AXS 1/12-speed Road groupset disc brake Flatmount,https://www.starbike.com/en/sram-red-axs-road-groupset-1-12-speed-hydraulic-disc-brake-flatmount/,2891.7,EUR,2891.7,2430.0,0.19,in_stock,jsonld,
2026-09-03,2026-09-03T08:38:43Z,SR-RED-SET-PM,starbike,ok,SRAM AXS Red E1 Aero powermeter kit Directmount black/silver (powermeter incl. chainring),https://www.starbike.com/en/sram-axs-red-e1-aero-powermeter-kit-directmount-black-silver-powermeter-incl-chainring/,761.9,EUR,761.9,640.25,0.19,unknown,jsonld,
2026-09-03,2026-09-03T08:38:43Z,SR-FORCE-STBR,starbike,ok,SRAM Force AXS E1 brake-shift lever and hydraulic disc brake Flatmount 20mm front/left + rear/right set/bundle,https://www.starbike.com/en/sram-force-axs-e1-brake-shift-lever-and-hydraulic-disc-brake-flatmount-20mm-front-left-rear-right-set-bundle/,600.95,EUR,600.95,505.0,0.19,in_stock,jsonld,
2026-09-03,2026-09-03T08:38:43Z,SR-FORCE-RD,starbike,ok,SRAM Force AXS E1 rear derailleur 12-speed max. 36T (excl. battery),https://www.starbike.com/en/sram-force-axs-e1-rear-derailleur-12-speed-max-36t-excl-battery/,297.9,EUR,297.9,250.34,0.19,in_stock,jsonld,
2026-09-03,2026-09-03T08:38:43Z,SR-FORCE-FD,starbike,ok,SRAM Force AXS E1 2-speed front derailleur braze-on (excl. battery),https://www.starbike.com/en/sram-force-axs-e1-front-derailleur-2-speed-braze-on-excl-battery/,217.9,EUR,217.9,183.11,0.19,in_stock,jsonld,
2026-09-03,2026-09-03T08:38:43Z,SR-FORCE-FC,starbike,not_found,,,,,,,0.19,unknown,,
2026-09-03,2026-09-03T08:38:43Z,SR-FORCE-FC-PM,starbike,ok,SRAM Force AXS E1 DUB crankset incl. powermeter 2-speed Thread Mount excl. bottom bracket,https://www.starbike.com/en/sram-force-axs-e1-dub-crankset-incl-powermeter-2-speed-thread-mount-excl-bottom-bracket/,492.9,EUR,492.9,414.2,0.19,unknown,jsonld,
2026-09-03,2026-09-03T08:38:43Z,SR-FORCE-CS,starbike,ok,SRAM XG-1270 12-speed cassette,https://www.starbike.com/en/sram-xg-1270-12-speed-cassette/,140.71,EUR,140.71,118.24,0.19,unknown,jsonld,ověřit variantu
2026-09-03,2026-09-03T08:38:43Z,SR-FORCE-CN,starbike,ok,SRAM Force E1 Flattop chain incl. PowerLock 12/13-speed,https://www.starbike.com/en/sram-force-e1-flattop-chain-incl-powerlock-1213-speed/,38.63,EUR,38.63,32.46,0.19,unknown,jsonld,
2026-09-03,2026-09-03T08:38:43Z,SR-FORCE-SET,starbike,ok,SRAM Force AXS 2-speed groupset hydraulic without crank 36T rear derailleur disc flatmount incl. 160mm brake rotor,https://www.starbike.com/en/sram-force-axs-2-speed-groupset-hydraulic-without-crank-36t-rear-derailleur-disc-flatmount-incl-160mm-brake-rotor/,1363.89,EUR,1363.89,1146.13,0.19,in_stock,jsonld,
2026-09-03,2026-09-03T08:38:43Z,SR-FORCE-SET-PM,starbike,not_found,,,,,,,0.19,unknown,,
2026-09-03,2026-09-03T08:38:43Z,SR-RIVAL-STBR,starbike,ok,SRAM Rival AXS E1 shift/brake levers and hydraulic disc brake Flatmount 20mm front+rear set/bundle,https://www.starbike.com/en/sram-rival-axs-e1-shift-brake-levers-and-hydraulic-disc-brake-flatmount-20mm-front-rear-set-bundle/,441.49,EUR,441.49,371.0,0.19,in_stock,jsonld,
2026-09-03,2026-09-03T08:38:43Z,SR-RIVAL-RD,starbike,ok,SRAM Rival AXS E1 rear derailleur 12-speed max. 36T (excl. battery),https://www.starbike.com/en/sram-rival-axs-e1-rear-derailleur-12-speed-max-36t-excl-battery/,260.9,EUR,260.9,219.24,0.19,in_stock,jsonld,
2026-09-03,2026-09-03T08:38:43Z,SR-RIVAL-FD,starbike,ok,SRAM Rival AXS E1 front derailleur braze-on (excl. battery),https://www.starbike.com/en/sram-rival-axs-e1-front-derailleur-braze-on-excl-battery/,152.9,EUR,152.9,128.49,0.19,in_stock,jsonld,
2026-09-03,2026-09-03T08:38:43Z,SR-RIVAL-FC,starbike,ok,SRAM Rival AXS crankset DUB,https://www.starbike.com/en/sram-rival-axs-crankset-dub/,80.9,EUR,80.9,67.98,0.19,unknown,jsonld,ověřit variantu
2026-09-03,2026-09-03T08:38:43Z,SR-RIVAL-FC-PM,starbike,ok,SRAM Rival AXS E1 DUB crankset incl. powermeter spindle Directmount excl. bottom bracket,https://www.starbike.com/en/sram-rival-axs-e1-dub-crankset-incl-powermeter-spindle-directmount-excl-bottom-bracket/,300.9,EUR,300.9,252.86,0.19,unknown,jsonld,
2026-09-03,2026-09-03T08:38:43Z,SR-RIVAL-CS,starbike,ok,SRAM XG-1250 cassette 12-speed,https://www.starbike.com/en/sram-xg-1250-cassette-12-speed/,103.9,EUR,103.9,87.31,0.19,unknown,jsonld,ověřit variantu
2026-09-03,2026-09-03T08:38:43Z,SR-RIVAL-CN,starbike,ok,SRAM Rival E1 Flattop chain incl. PowerLock 12/13-speed,https://www.starbike.com/en/sram-rival-e1-flattop-chain-incl-powerlock-12-13-speed/,32.9,EUR,32.9,27.65,0.19,unknown,jsonld,
2026-09-03,2026-09-03T08:38:43Z,SR-RIVAL-SET,starbike,not_found,,,,,,,0.19,unknown,,
2026-09-03,2026-09-03T08:38:43Z,SR-RIVAL-SET-PM,starbike,not_found,,,,,,,0.19,unknown,,
2026-09-03,2026-09-03T08:38:43Z,SR-FORCE-D2-SET,starbike,ok,SRAM Force AXS 2-speed groupset hydraulic without crank 36T rear derailleur disc flatmount incl. 160mm brake rotor,https://www.starbike.com/en/sram-force-axs-2-speed-groupset-hydraulic-without-crank-36t-rear-derailleur-disc-flatmount-incl-160mm-brake-rotor/,1363.89,EUR,1363.89,1146.13,0.19,in_stock,jsonld,ověřit variantu
2026-09-03,2026-09-03T08:38:43Z,SR-RIVAL-D1-SET,starbike,ok,SRAM Rival Mullet eTap AXS 1/12-speed Road Wide groupset disc,https://www.starbike.com/en/sram-rival-mullet-etap-axs-1-12-speed-road-wide-groupset-disc/,1322.09,EUR,1322.09,1111.0,0.19,preorder,jsonld,ověřit variantu
2026-09-03,2026-09-03T08:38:43Z,SR-RED-D1-SET,starbike,ok,SRAM Spare parts kit for front derailleur Red eTap AXS,https://www.starbike.com/en/sram-spare-parts-kit-for-front-derailleur-red-etap-axs/,31.9,EUR,31.9,26.81,0.19,in_stock,jsonld,ověřit variantu
2026-09-03,2026-09-03T08:38:43Z,SR-X-BATTERY,starbike,ok,SRAM Force AXS E1 2-speed front derailleur braze-on (excl. battery),https://www.starbike.com/en/sram-force-axs-e1-front-derailleur-2-speed-braze-on-excl-battery/,217.9,EUR,217.9,183.11,0.19,in_stock,jsonld,
2026-09-03,2026-09-03T08:38:43Z,SR-X-CHARGER,starbike,ok,SRAM GX AXS Eagle Transmission Kit E-MTB incl. charger/battery/chain 10-52T,https://www.starbike.com/en/sram-gx-axs-eagle-transmission-kit-e-mtb-incl.-charger-battery-chain-10-52t/,749.9,EUR,749.9,630.17,0.19,unknown,jsonld,
2026-09-03,2026-09-03T08:38:43Z,SR-X-PACELINE-160,starbike,not_found,,,,,,,0.19,unknown,,
2026-09-03,2026-09-03T08:38:43Z,SR-X-PACELINE-X-160,starbike,not_found,,,,,,,0.19,unknown,,
2026-09-03,2026-09-03T08:38:43Z,SR-X-CENTERLINE-XR-160,starbike,not_found,,,,,,,0.19,unknown,,
2026-09-03,2026-09-03T08:38:43Z,SH-105-STBR,bike-components,ok,105 Front+Rear Set Disc Brake BR-R7170 + Di2 ST-R7170,https://www.bike-components.de/en/Shimano/105-Front-Rear-Set-Disc-Brake-BR-R7170-Di2-ST-R7170-p88625/,299.0,EUR,299.0,251.26,0.19,out,jsonld,vyprodáno
2026-09-03,2026-09-03T08:38:43Z,SH-105-RD,bike-components,ok,105 Di2 Rear Derailleur Shadow RD-R7150 12-speed,https://www.bike-components.de/en/Shimano/105-Di2-Rear-Derailleur-Shadow-RD-R7150-12-speed-p88619/,149.99,EUR,149.99,126.04,0.19,in_stock,jsonld,
2026-09-03,2026-09-03T08:38:43Z,SH-105-FD,bike-components,ok,105 Di2 Umwerfer FD-R7150 2-/12-fach,https://www.bike-components.de/de/Shimano/105-Di2-Umwerfer-FD-R7150-2-12-fach-p88620/,64.99,EUR,64.99,54.61,0.19,out,jsonld,vyprodáno
2026-09-03,2026-09-03T08:38:43Z,SH-105-FC,bike-components,ok,105 FC-R7100 Hollowtech II Crankset,https://www.bike-components.de/en/Shimano/105-FC-R7100-Hollowtech-II-Crankset-p88622/,103.99,EUR,103.99,87.39,0.19,in_stock,jsonld,ověřit variantu
2026-09-03,2026-09-03T08:38:43Z,SH-105-CS,bike-components,not_found,,,,,,,0.19,unknown,,
2026-09-03,2026-09-03T08:38:43Z,SH-105-CS2,bike-components,ok,CS-HG710-12 12-speed Cassette,https://www.bike-components.de/en/Shimano/CS-HG710-12-12-speed-Cassette-p88624/,61.99,EUR,61.99,52.09,0.19,in_stock,jsonld,ověřit variantu
2026-09-03,2026-09-03T08:38:43Z,SH-105-CN,bike-components,ok,SLX / 105 / E-Bike Quick-Link Chain CN-M7100 12-speed,https://www.bike-components.de/en/Shimano/SLX-105-E-Bike-Quick-Link-Chain-CN-M7100-12-speed-p71462/,21.99,EUR,21.99,18.48,0.19,in_stock,jsonld,
2026-09-03,2026-09-03T08:38:43Z,SH-105-SET,bike-components,ok,105 Di2 R7150 Gruppe 2x12 34-50,https://www.bike-components.de/de/Shimano/105-Di2-R7150-Gruppe-2x12-34-50-p88663/,999.0,EUR,999.0,839.5,0.19,out,jsonld,vyprodáno
2026-09-03,2026-09-03T08:38:43Z,SH-ULT-STBR,bike-components,ok,Ultegra Front+Rear Set Disc Brake BR-R8170 + Di2 ST-R8170,https://www.bike-components.de/en/Shimano/Ultegra-Front-Rear-Set-Disc-Brake-BR-R8170-Di2-ST-R8170-p84490/,509.0,EUR,509.0,427.73,0.19,out,jsonld,vyprodáno
2026-09-03,2026-09-03T08:38:43Z,SH-ULT-RD,bike-components,ok,Adjustment Gauge for RD-R9250 / RD-R8150,https://www.bike-components.de/en/Shimano/Adjustment-Gauge-for-RD-R9250-RD-R8150-p92737/,1.49,EUR,1.49,1.25,0.19,in_stock,jsonld,
2026-09-03,2026-09-03T08:38:43Z,SH-ULT-FD,bike-components,ok,Ultegra Di2 FD-R8150 2-/12-speed Front Derailleur,https://www.bike-components.de/en/Shimano/Ultegra-Di2-FD-R8150-2-12-speed-Front-Derailleur-p84391/,169.99,EUR,169.99,142.85,0.19,in_stock,jsonld,
2026-09-03,2026-09-03T08:38:43Z,SH-ULT-FC,bike-components,ok,Ultegra FC-R8100 Hollowtech II Crankset,https://www.bike-components.de/en/Shimano/Ultegra-FC-R8100-Hollowtech-II-Crankset-p84397/,171.99,EUR,171.99,144.53,0.19,in_stock,jsonld,ověřit variantu
2026-09-03,2026-09-03T08:38:43Z,SH-ULT-FC-PM,bike-components,ok,Ultegra Powermeter Crankset FC-R8100-P Hollowtech II,https://www.bike-components.de/en/Shimano/Ultegra-Powermeter-Crankset-FC-R8100-P-Hollowtech-II-p212607/,889.0,EUR,889.0,747.06,0.19,in_stock,jsonld,ověřit variantu
2026-09-03,2026-09-03T08:38:43Z,SH-ULT-CS,bike-components,ok,Ultegra Cassette CS-R8100 + Chain CN-M8101 12-speed Wear Set,https://www.bike-components.de/en/Shimano/Ultegra-Cassette-CS-R8100-Chain-CN-M8101-12-speed-Wear-Set-p213611/,129.99,EUR,129.99,109.24,0.19,in_stock,jsonld,ověřit variantu
2026-09-03,2026-09-03T08:38:43Z,SH-ULT-CN,bike-components,ok,XT / Ultegra / E-Bike Quick-Link Chain CN-M8100 12-speed,https://www.bike-components.de/en/Shimano/XT-Ultegra-E-Bike-Quick-Link-Chain-CN-M8100-12-speed-p71475/,29.99,EUR,29.99,25.2,0.19,in_stock,jsonld,
2026-09-03,2026-09-03T08:38:43Z,SH-ULT-SET,bike-components,ok,Ultegra Di2 R8150 Groupset 2x12,https://www.bike-components.de/en/Shimano/Ultegra-Di2-R8150-Groupset-2x12-p221432/,1530.0,EUR,1530.0,1285.71,0.19,in_stock,jsonld,
2026-09-03,2026-09-03T08:38:43Z,SH-ULT-SET-PM,bike-components,not_found,,,,,,,0.19,unknown,,
2026-09-03,2026-09-03T08:38:43Z,SH-DA-STBR,bike-components,ok,Dura-Ace Front+Rear Set Disc Brake BR-R9270 + Di2 ST-R9270,https://www.bike-components.de/en/Shimano/Dura-Ace-Front-Rear-Set-Disc-Brake-BR-R9270-Di2-ST-R9270-p84487/,779.0,EUR,779.0,654.62,0.19,out,jsonld,vyprodáno
2026-09-03,2026-09-03T08:38:43Z,SH-DA-RD,bike-components,ok,Adjustment Gauge for RD-R9250 / RD-R8150,https://www.bike-components.de/en/Shimano/Adjustment-Gauge-for-RD-R9250-RD-R8150-p92737/,1.49,EUR,1.49,1.25,0.19,in_stock,jsonld,
2026-09-03,2026-09-03T08:38:43Z,SH-DA-FD,bike-components,ok,Dura-Ace Di2 FD-R9250 2-/12-speed Front Derailleur,https://www.bike-components.de/en/Shimano/Dura-Ace-Di2-FD-R9250-2-12-speed-Front-Derailleur-p84376/,249.99,EUR,249.99,210.08,0.19,in_stock,jsonld,
2026-09-03,2026-09-03T08:38:43Z,SH-DA-FC,bike-components,ok,Dura-Ace Hollowtech II FC-R9200 Crankset,https://www.bike-components.de/en/Shimano/Dura-Ace-Hollowtech-II-FC-R9200-Crankset-p84383/,249.0,EUR,249.0,209.24,0.19,in_stock,jsonld,ověřit variantu
2026-09-03,2026-09-03T08:38:43Z,SH-DA-FC-PM,bike-components,ok,Magnet Set for FC-R9100-P / FC-R9200-P Power Meters,https://www.bike-components.de/en/Shimano/Magnet-Set-for-FC-R9100-P-FC-R9200-P-Power-Meters-p63981/,5.99,EUR,5.99,5.03,0.19,in_stock,jsonld,ověřit variantu
2026-09-03,2026-09-03T08:38:43Z,SH-DA-CS,bike-components,ok,Dura-Ace CS-R9200-12 12-speed Cassette,https://www.bike-components.de/en/Shimano/Dura-Ace-CS-R9200-12-12-speed-Cassette-p84382/,219.99,EUR,219.99,184.87,0.19,in_stock,jsonld,ověřit variantu
2026-09-03,2026-09-03T08:38:43Z,SH-DA-CN,bike-components,ok,XTR / Dura-Ace / E-bike Quick-Link CN-M9100 12-speed Chain,https://www.bike-components.de/en/Shimano/XTR-Dura-Ace-E-bike-Quick-Link-CN-M9100-12-speed-Chain-p62087/,49.99,EUR,49.99,42.01,0.19,in_stock,jsonld,
2026-09-03,2026-09-03T08:38:43Z,SH-DA-SET,bike-components,ok,Dura-Ace Di2 R9250 Groupset 2x12,https://www.bike-components.de/en/Shimano/Dura-Ace-Di2-R9250-Groupset-2x12-p221431/,2520.0,EUR,2520.0,2117.65,0.19,in_stock,jsonld,
2026-09-03,2026-09-03T08:38:43Z,SH-DA-SET-PM,bike-components,not_found,,,,,,,0.19,unknown,,
2026-09-03,2026-09-03T08:38:43Z,SH-X-BT-DN300,bike-components,ok,USB Charging Cable EW-EC300 for BT-DN300 Di2/FC-R9200-P Power Meter,https://www.bike-components.de/en/Shimano/USB-Charging-Cable-EW-EC300-for-BT-DN300-Di2-FC-R9200-P-Power-Meter-p84426/,31.99,EUR,31.99,26.88,0.19,in_stock,jsonld,
2026-09-03,2026-09-03T08:38:43Z,SH-X-EW-EC300,bike-components,ok,USB Charging Cable EW-EC300 for BT-DN300 Di2/FC-R9200-P Power Meter,https://www.bike-components.de/en/Shimano/USB-Charging-Cable-EW-EC300-for-BT-DN300-Di2-FC-R9200-P-Power-Meter-p84426/,31.99,EUR,31.99,26.88,0.19,in_stock,jsonld,
2026-09-03,2026-09-03T08:38:43Z,SH-X-RT-CL800,bike-components,not_found,,,,,,,0.19,unknown,,
2026-09-03,2026-09-03T08:38:43Z,SH-X-RT-CL900,bike-components,not_found,,,,,,,0.19,unknown,,
2026-09-03,2026-09-03T08:38:43Z,SR-RED-STBR,bike-components,ok,Red E1 AXS HRD Disc Brake with Shift/Brake Lever,https://www.bike-components.de/en/SRAM/Red-E1-AXS-HRD-Disc-Brake-with-Shift-Brake-Lever-p94400/,479.0,EUR,479.0,402.52,0.19,in_stock,jsonld,
2026-09-03,2026-09-03T08:38:43Z,SR-RED-RD,bike-components,ok,Red E1 AXS 12-speed Rear Derailleur,https://www.bike-components.de/en/SRAM/Red-E1-AXS-12-speed-Rear-Derailleur-p94401/,519.0,EUR,519.0,436.13,0.19,in_stock,jsonld,
2026-09-03,2026-09-03T08:38:43Z,SR-RED-FD,bike-components,ok,Adjustment Gauge for Red E1 AXS Front Derailleur,https://www.bike-components.de/en/SRAM/Adjustment-Gauge-for-Red-E1-AXS-Front-Derailleur-p94395/,6.99,EUR,6.99,5.87,0.19,in_stock,jsonld,
2026-09-03,2026-09-03T08:38:43Z,SR-RED-FC,bike-components,ok,Red E1 DUB 2x12-speed Carbon Crankset,https://www.bike-components.de/en/SRAM/Red-E1-DUB-2x12-speed-Carbon-Crankset-p94131/,299.0,EUR,299.0,251.26,0.19,in_stock,jsonld,
2026-09-03,2026-09-03T08:38:43Z,SR-RED-FC-PM,bike-components,ok,Red E1 AXS DUB 2x12-speed Carbon Power Meter Crankset,https://www.bike-components.de/en/SRAM/Red-E1-AXS-DUB-2x12-speed-Carbon-Power-Meter-Crankset-p94128/,799.0,EUR,799.0,671.43,0.19,in_stock,jsonld,
2026-09-03,2026-09-03T08:38:43Z,SR-RED-CS,bike-components,ok,Red XG-1290-E1 12-Speed Cassette,https://www.bike-components.de/en/SRAM/Red-XG-1290-E1-12-Speed-Cassette-p94132/,289.0,EUR,289.0,242.86,0.19,in_stock,jsonld,ověřit variantu
2026-09-03,2026-09-03T08:38:43Z,SR-RED-CN,bike-components,ok,X-Sync Road Threaded Mount Red XPLR E1 12-/13-speed Chainring,https://www.bike-components.de/en/SRAM/X-Sync-Road-Threaded-Mount-Red-XPLR-E1-12-13-speed-Chainring-p94462/,104.99,EUR,104.99,88.23,0.19,in_stock,jsonld,
2026-09-03,2026-09-03T08:38:43Z,SR-RED-SET,bike-components,ok,Red E1 AXS HRD FM Groupset 2x12-speed 37-50,https://www.bike-components.de/en/SRAM/Red-E1-AXS-HRD-FM-Groupset-2x12-speed-37-50-p94470/,2800.0,EUR,2800.0,2352.94,0.19,out,jsonld,vyprodáno
2026-09-03,2026-09-03T08:38:43Z,SR-RED-SET-PM,bike-components,ok,Red E1 AXS Power Meter HRD FM Groupset 2x12-speed 33-46,https://www.bike-components.de/en/SRAM/Red-E1-AXS-Power-Meter-HRD-FM-Groupset-2x12-speed-33-46-p94472/,3160.0,EUR,3160.0,2655.46,0.19,out,jsonld,vyprodáno
2026-09-03,2026-09-03T08:38:43Z,SR-FORCE-STBR,bike-components,ok,Shift/Brake Lever Kit Force E1 Axs Disc,https://www.bike-components.de/en/SRAM/Shift-Brake-Lever-Kit-Force-E1-Axs-Disc-p215226/,146.99,EUR,146.99,123.52,0.19,backorder,jsonld,
2026-09-03,2026-09-03T08:38:43Z,SR-FORCE-RD,bike-components,ok,Force E1 AXS Schaltwerk 12-fach,https://www.bike-components.de/de/SRAM/Force-E1-AXS-Schaltwerk-12-fach-p96642/,269.0,EUR,269.0,226.05,0.19,in_stock,jsonld,
2026-09-03,2026-09-03T08:38:43Z,SR-FORCE-FD,bike-components,ok,Force E1 AXS Front Derailleur 2-speed,https://www.bike-components.de/en/SRAM/Force-E1-AXS-Front-Derailleur-2-speed-p96643/,165.99,EUR,165.99,139.49,0.19,out,jsonld,vyprodáno
2026-09-03,2026-09-03T08:38:43Z,SR-FORCE-FC,bike-components,ok,Force AXS 2x12 Crankset,https://www.bike-components.de/en/SRAM/Force-AXS-2x12-Crankset-p217468/,66.99,EUR,66.99,56.29,0.19,in_stock,jsonld,
2026-09-03,2026-09-03T08:38:43Z,SR-FORCE-FC-PM,bike-components,ok,Force E1 DUB DM 2x12-speed Carbon Powermeter Crankset,https://www.bike-components.de/en/SRAM/Force-E1-DUB-DM-2x12-speed-Carbon-Powermeter-Crankset-p96645/,579.0,EUR,579.0,486.55,0.19,in_stock,jsonld,
2026-09-03,2026-09-03T08:38:43Z,SR-FORCE-CS,bike-components,ok,Force XG-1270 E1 12-speed cassette,https://www.bike-components.de/en/SRAM/Force-XG-1270-E1-12-speed-cassette-p96652/,129.99,EUR,129.99,109.24,0.19,in_stock,jsonld,ověřit variantu
2026-09-03,2026-09-03T08:38:43Z,SR-FORCE-CN,bike-components,ok,Force E1 12-speed / 13-speed PowerLock Chain,https://www.bike-components.de/en/SRAM/Force-E1-12-speed-13-speed-PowerLock-Chain-p96636/,41.99,EUR,41.99,35.29,0.19,in_stock,jsonld,
2026-09-03,2026-09-03T08:38:43Z,SR-FORCE-SET,bike-components,ok,Shift/Brake Lever Kit Force E1 Axs Disc,https://www.bike-components.de/en/SRAM/Shift-Brake-Lever-Kit-Force-E1-Axs-Disc-p215226/,146.99,EUR,146.99,123.52,0.19,backorder,jsonld,
2026-09-03,2026-09-03T08:38:43Z,SR-FORCE-SET-PM,bike-components,ok,Force E1 AXS HRD FM Powermeter Gruppe 2x12-fach 33-46,https://www.bike-components.de/de/SRAM/Force-E1-AXS-HRD-FM-Powermeter-Gruppe-2x12-fach-33-46-p218460/,2810.0,EUR,2810.0,2361.34,0.19,out,jsonld,vyprodáno
2026-09-03,2026-09-03T08:38:43Z,SR-RIVAL-STBR,bike-components,ok,Ed Brake Lever Assembly Rival E1 Axs Disc,https://www.bike-components.de/en/SRAM/Ed-Brake-Lever-Assembly-Rival-E1-Axs-Disc-p215118/,139.99,EUR,139.99,117.64,0.19,in_stock,jsonld,
2026-09-03,2026-09-03T08:38:43Z,SR-RIVAL-RD,bike-components,ok,Rival E1 AXS 12-speed rear derailleur,https://www.bike-components.de/en/SRAM/Rival-E1-AXS-12-speed-rear-derailleur-p96663/,193.99,EUR,193.99,163.02,0.19,in_stock,jsonld,
2026-09-03,2026-09-03T08:38:43Z,SR-RIVAL-FD,bike-components,ok,Rival E1 AXS Front Derailleur 2-speed,https://www.bike-components.de/en/SRAM/Rival-E1-AXS-Front-Derailleur-2-speed-p96664/,129.99,EUR,129.99,109.24,0.19,in_stock,jsonld,
2026-09-03,2026-09-03T08:38:43Z,SR-RIVAL-FC,bike-components,ok,Rival DUB 2x12-speed Crankset,https://www.bike-components.de/en/SRAM/Rival-DUB-2x12-speed-Crankset-p81651/,69.99,EUR,69.99,58.82,0.19,in_stock,jsonld,
2026-09-03,2026-09-03T08:38:43Z,SR-RIVAL-FC-PM,bike-components,ok,Rival E1 DUB DM 2x12-speed Powermeter Crankset,https://www.bike-components.de/en/SRAM/Rival-E1-DUB-DM-2x12-speed-Powermeter-Crankset-p96666/,279.0,EUR,279.0,234.45,0.19,in_stock,jsonld,
2026-09-03,2026-09-03T08:38:43Z,SR-RIVAL-CS,bike-components,ok,XG-1250 12-speed Cassette for Rival,https://www.bike-components.de/en/SRAM/XG-1250-12-speed-Cassette-for-Rival-p81658/,84.99,EUR,84.99,71.42,0.19,in_stock,jsonld,ověřit variantu
2026-09-03,2026-09-03T08:38:43Z,SR-RIVAL-CN,bike-components,ok,Rival E1 12-speed / 13-speed PowerLock Chain,https://www.bike-components.de/en/SRAM/Rival-E1-12-speed-13-speed-PowerLock-Chain-p96661/,29.99,EUR,29.99,25.2,0.19,in_stock,jsonld,
2026-09-03,2026-09-03T08:38:43Z,SR-RIVAL-SET,bike-components,ok,Rival E1 AXS HRD FM groupset 2x12-speed 35-48,https://www.bike-components.de/en/SRAM/Rival-E1-AXS-HRD-FM-groupset-2x12-speed-35-48-p218856/,1580.0,EUR,1580.0,1327.73,0.19,out,jsonld,vyprodáno
2026-09-03,2026-09-03T08:38:43Z,SR-RIVAL-SET-PM,bike-components,ok,Rival E1 AXS HRD FM Powermeter Gruppe 2x12-fach 35-48,https://www.bike-components.de/de/SRAM/Rival-E1-AXS-HRD-FM-Powermeter-Gruppe-2x12-fach-35-48-p218860/,1740.0,EUR,1740.0,1462.18,0.19,out,jsonld,vyprodáno
2026-09-03,2026-09-03T08:38:43Z,SR-FORCE-D2-SET,bike-components,not_found,,,,,,,0.19,unknown,,
2026-09-03,2026-09-03T08:38:43Z,SR-RIVAL-D1-SET,bike-components,ok,Mounting & Adjustment Bolt Kit for Rival eTap AXS Rear Derailleur,https://www.bike-components.de/en/SRAM/Mounting-Adjustment-Bolt-Kit-for-Rival-eTap-AXS-Rear-Derailleur-p81638/,6.49,EUR,6.49,5.45,0.19,in_stock,jsonld,ověřit variantu
2026-09-03,2026-09-03T08:38:43Z,SR-RED-D1-SET,bike-components,ok,Pushrod Kit for Red eTap AXS E1,https://www.bike-components.de/en/SRAM/Pushrod-Kit-for-Red-eTap-AXS-E1-p96247/,4.99,EUR,4.99,4.19,0.19,in_stock,jsonld,ověřit variantu
2026-09-03,2026-09-03T08:38:43Z,SR-X-BATTERY,bike-components,not_found,,,,,,,0.19,unknown,,
2026-09-03,2026-09-03T08:38:43Z,SR-X-CHARGER,bike-components,not_found,,,,,,,0.19,unknown,,
2026-09-03,2026-09-03T08:38:43Z,SR-X-PACELINE-160,bike-components,not_found,,,,,,,0.19,unknown,,
2026-09-03,2026-09-03T08:38:43Z,SR-X-PACELINE-X-160,bike-components,not_found,,,,,,,0.19,unknown,,
2026-09-03,2026-09-03T08:38:43Z,SR-X-CENTERLINE-XR-160,bike-components,not_found,,,,,,,0.19,unknown,,
2026-09-03,2026-09-03T08:38:43Z,SH-105-STBR,mantel,not_found,,,,,,,0.21,unknown,,
2026-09-03,2026-09-03T08:38:43Z,SH-105-RD,mantel,not_found,,,,,,,0.21,unknown,,
2026-09-03,2026-09-03T08:38:43Z,SH-105-FD,mantel,not_found,,,,,,,0.21,unknown,,
2026-09-03,2026-09-03T08:38:43Z,SH-105-FC,mantel,ok,Shimano 105 FC-R7100 12 Speed Crankstel,https://www.mantel.com/shimano-105-fc-r7100-12-speed-crankstel,144.95,EUR,144.95,119.79,0.21,in_stock,jsonld,ověřit variantu
2026-09-03,2026-09-03T08:38:43Z,SH-105-CS,mantel,not_found,,,,,,,0.21,unknown,,
2026-09-03,2026-09-03T08:38:43Z,SH-105-CS2,mantel,not_found,,,,,,,0.21,unknown,,
2026-09-03,2026-09-03T08:38:43Z,SH-105-CN,mantel,ok,Shimano CN-M7100 SLX & 105 12 Speed Chain,https://www.mantel.com/en/shimano-slx-m7100-12-speed-chain,25.95,EUR,25.95,21.45,0.21,in_stock,jsonld,
2026-09-03,2026-09-03T08:38:43Z,SH-105-SET,mantel,ok,Shimano 105 R7170 Di2 Disc Groupset,https://www.mantel.com/en/shimano-105-r7170-di2-disc-groupset,899.0,EUR,899.0,742.98,0.21,in_stock,jsonld,
2026-09-03,2026-09-03T08:38:43Z,SH-ULT-STBR,mantel,ok,Shimano Ultegra ST-R8170 + BR-R8170 Disc brake set,https://www.mantel.com/en/shimano-ultegra-st-r8170-br-r8170-disc-brake-set,349.0,EUR,349.0,288.43,0.21,in_stock,jsonld,
2026-09-03,2026-09-03T08:38:43Z,SH-ULT-RD,mantel,not_found,,,,,,,0.21,unknown,,
2026-09-03,2026-09-03T08:38:43Z,SH-ULT-FD,mantel,not_found,,,,,,,0.21,unknown,,
2026-09-03,2026-09-03T08:38:43Z,SH-ULT-FC,mantel,ok,Shimano Ultegra FC-R8100 Klinge,https://www.mantel.com/dk/shimano-ultegra-fc-r8100-klinge,156.0,DKK,20.87,17.25,0.21,in_stock,jsonld,"jiná měna než čekáme (DKK místo EUR) – ověř, zda cena obsahuje DPH; ověřit variantu"
2026-09-03,2026-09-03T08:38:43Z,SH-ULT-FC-PM,mantel,ok,INPEAK Powercrank-E TWIN2 Ultegra FC-R8100 Road Bike Power Meter,https://www.mantel.com/en/inpeak-powercrank-e-twin2-ultegra-fc-r8100,809.95,EUR,809.95,669.38,0.21,in_stock,jsonld,ověřit variantu
2026-09-03,2026-09-03T08:38:43Z,SH-ULT-CS,mantel,not_found,,,,,,,0.21,unknown,,
2026-09-03,2026-09-03T08:38:43Z,SH-ULT-CN,mantel,ok,Shimano XT & Ultegra CN-M8100 12 Speed Chain,https://www.mantel.com/en/shimano-xt-cn-m8100-12-speed-chain,32.95,EUR,32.95,27.23,0.21,in_stock,jsonld,
2026-09-03,2026-09-03T08:38:43Z,SH-ULT-SET,mantel,ok,Shimano Ultegra R8170 Di2 Disc Groupset,https://www.mantel.com/en/shimano-ultegra-r8170-di2-disc-groupset,1299.0,EUR,1299.0,1073.55,0.21,in_stock,jsonld,
2026-09-03,2026-09-03T08:38:43Z,SH-ULT-SET-PM,mantel,not_found,,,,,,,0.21,unknown,,
2026-09-03,2026-09-03T08:38:43Z,SH-DA-STBR,mantel,not_found,,,,,,,0.21,unknown,,
2026-09-03,2026-09-03T08:38:43Z,SH-DA-RD,mantel,ok,Galets de Dérailleur Shimano RD-R9250,https://www.mantel.com/fr/galets-de-derailleur-shimano-rd-r9250,34.66,EUR,34.66,28.64,0.21,in_stock,jsonld,
2026-09-03,2026-09-03T08:38:43Z,SH-DA-FD,mantel,not_found,,,,,,,0.21,unknown,,
2026-09-03,2026-09-03T08:38:43Z,SH-DA-FC,mantel,ok,Shimano Dura-Ace FC-R9200 Klinge,https://www.mantel.com/dk/shimano-dura-ace-fc-r9200-klinge,234.0,DKK,31.3,25.87,0.21,in_stock,jsonld,"jiná měna než čekáme (DKK místo EUR) – ověř, zda cena obsahuje DPH; ověřit variantu"
2026-09-03,2026-09-03T08:38:43Z,SH-DA-FC-PM,mantel,ok,"Magura Adapter QM 45, PM 180-220 / PM 140-180",https://www.mantel.com/magura-adapter-qm-45-pm-180-220-pm-140-180,10.0,EUR,10.0,8.26,0.21,in_stock,jsonld,ověřit variantu
2026-09-03,2026-09-03T08:38:43Z,SH-DA-CS,mantel,ok,Shimano Dura Ace CS-R9200 Cassette,https://www.mantel.com/en/shimano-dura-ace-cs-r9200-cassette,222.95,EUR,222.95,184.26,0.21,in_stock,jsonld,ověřit variantu
2026-09-03,2026-09-03T08:38:43Z,SH-DA-CN,mantel,ok,Chaîne Shimano R9200 Dura-Ace / CN-M9100 XTR 12v,https://www.mantel.com/fr/chaine-shimano-r9200-dura-ace-cn-m9100-xtr-12v,49.54,EUR,49.54,40.94,0.21,in_stock,jsonld,
2026-09-03,2026-09-03T08:38:43Z,SH-DA-SET,mantel,ok,Shimano Dura Ace R9200 Di2 Disc Groupset,https://www.mantel.com/en/shimano-dura-ace-r9200-di2-disc-groupset,2149.0,EUR,2149.0,1776.03,0.21,in_stock,jsonld,
2026-09-03,2026-09-03T08:38:43Z,SH-DA-SET-PM,mantel,not_found,,,,,,,0.21,unknown,,
2026-09-03,2026-09-03T08:38:43Z,SH-X-BT-DN300,mantel,ok,Shimano Shimano Di2 E-TUBE BT-DN300 Lithium-Ion Battery,https://www.mantel.com/en/shimano-shimano-di2-e-tube-bt-dn300-lithium-ion-battery,149.99,EUR,149.99,123.96,0.21,in_stock,jsonld,
2026-09-03,2026-09-03T08:38:43Z,SH-X-EW-EC300,mantel,ok,Shimano Di2 Charge EW-EC300 Electric Wire,https://www.mantel.com/en/shimano-di2-charge-12-speed-electric-wire,35.95,EUR,35.95,29.71,0.21,in_stock,jsonld,
2026-09-03,2026-09-03T08:38:43Z,SH-X-RT-CL800,mantel,not_found,,,,,,,0.21,unknown,,
2026-09-03,2026-09-03T08:38:43Z,SH-X-RT-CL900,mantel,not_found,,,,,,,0.21,unknown,,
2026-09-03,2026-09-03T08:38:43Z,SR-RED-STBR,mantel,ok,SRAM RED AXS E1 Shifter Set,https://www.mantel.com/en/sram-red-axs-e1-shifter-set,499.0,EUR,499.0,412.4,0.21,in_stock,jsonld,
2026-09-03,2026-09-03T08:38:43Z,SR-RED-RD,mantel,ok,SRAM RED AXS E1 Rear Derailleur,https://www.mantel.com/en/sram-red-axs-e1-rear-derailleur,569.0,EUR,569.0,470.25,0.21,in_stock,jsonld,
2026-09-03,2026-09-03T08:38:43Z,SR-RED-FD,mantel,ok,SRAM RED AXS E1 Front Derailleur,https://www.mantel.com/en/sram-red-axs-e1-front-derailleur,365.0,EUR,365.0,301.65,0.21,in_stock,jsonld,
2026-09-03,2026-09-03T08:38:43Z,SR-RED-FC,mantel,ok,SRAM RED E1 DUB Crankset,https://www.mantel.com/en/sram-red-e1-dub,589.0,EUR,589.0,486.78,0.21,in_stock,jsonld,
2026-09-03,2026-09-03T08:38:43Z,SR-RED-FC-PM,mantel,not_found,,,,,,,0.21,unknown,,
2026-09-03,2026-09-03T08:38:43Z,SR-RED-CS,mantel,ok,SRAM XG-1290 E1 Cassette,https://www.mantel.com/en/sram-xg-1290-e1-cassette,269.95,EUR,269.95,223.1,0.21,in_stock,jsonld,ověřit variantu
2026-09-03,2026-09-03T08:38:43Z,SR-RED-CN,mantel,ok,SRAM Red AXS E1 chain,https://www.mantel.com/en/sram-red-axs-e1-chain,68.95,EUR,68.95,56.98,0.21,in_stock,jsonld,
2026-09-03,2026-09-03T08:38:43Z,SR-RED-SET,mantel,not_found,,,,,,,0.21,unknown,,
2026-09-03,2026-09-03T08:38:43Z,SR-RED-SET-PM,mantel,not_found,,,,,,,0.21,unknown,,
2026-09-03,2026-09-03T08:38:43Z,SR-FORCE-STBR,mantel,ok,SRAM Force AXS E1 Shifters,https://www.mantel.com/en/sram-force-axs-e1-shifters,270.0,EUR,270.0,223.14,0.21,in_stock,jsonld,
2026-09-03,2026-09-03T08:38:43Z,SR-FORCE-RD,mantel,ok,SRAM Force AXS E1 Rear Derailleur,https://www.mantel.com/en/sram-force-axs-e1-rd-rear-derailleur,289.0,EUR,289.0,238.84,0.21,in_stock,jsonld,
2026-09-03,2026-09-03T08:38:43Z,SR-FORCE-FD,mantel,ok,SRAM Force AXS E1 Front Derailleur,https://www.mantel.com/en/sram-force-axs-e1-embargo-17-6-front-derailleur,209.0,EUR,209.0,172.73,0.21,in_stock,jsonld,
2026-09-03,2026-09-03T08:38:43Z,SR-FORCE-FC,mantel,ok,SRAM Force E1 DUB Crankset,https://www.mantel.com/en/sram-force-e1-dub-cs-crankset,139.95,EUR,139.95,115.66,0.21,in_stock,jsonld,
2026-09-03,2026-09-03T08:38:43Z,SR-FORCE-FC-PM,mantel,not_found,,,,,,,0.21,unknown,,
2026-09-03,2026-09-03T08:38:43Z,SR-FORCE-CS,mantel,ok,SRAM XG-1270 E1 Cassette,https://www.mantel.com/en/sram-xg-1270-e1-cassette,144.95,EUR,144.95,119.79,0.21,in_stock,jsonld,ověřit variantu
2026-09-03,2026-09-03T08:38:43Z,SR-FORCE-CN,mantel,ok,SRAM Force E1 FlatTop Chain,https://www.mantel.com/en/sram-force-e1-flattop-chain,43.95,EUR,43.95,36.32,0.21,in_stock,jsonld,
2026-09-03,2026-09-03T08:38:43Z,SR-FORCE-SET,mantel,ok,Kit SRAM Force AXS E1 Road,https://www.mantel.com/fr/kit-sram-force-axs-e1-road,990.74,EUR,990.74,818.79,0.21,in_stock,jsonld,
2026-09-03,2026-09-03T08:38:43Z,SR-FORCE-SET-PM,mantel,not_found,,,,,,,0.21,unknown,,
2026-09-03,2026-09-03T08:38:43Z,SR-RIVAL-STBR,mantel,ok,SRAM Rival AXS E1 Road Bike Shifters,https://www.mantel.com/en/sram-rival-axs-e1-road-bike-shifters,196.95,EUR,196.95,162.77,0.21,in_stock,jsonld,
2026-09-03,2026-09-03T08:38:43Z,SR-RIVAL-RD,mantel,ok,SRAM Rival AXS E1 Rear Derailleur,https://www.mantel.com/en/sram-rival-axs-e1-rd-rear-derailleur,223.95,EUR,223.95,185.08,0.21,in_stock,jsonld,
2026-09-03,2026-09-03T08:38:43Z,SR-RIVAL-FD,mantel,ok,SRAM Rival AXS E1 Front Derailleur,https://www.mantel.com/en/sram-rival-axs-e1-embargo-17-6-front-derailleur,129.0,EUR,129.0,106.61,0.21,in_stock,jsonld,
2026-09-03,2026-09-03T08:38:43Z,SR-RIVAL-FC,mantel,ok,SRAM Rival E1 DUB Crankset,https://www.mantel.com/en/sram-rival-e1-dub-crankset,135.0,EUR,135.0,111.57,0.21,in_stock,jsonld,
2026-09-03,2026-09-03T08:38:43Z,SR-RIVAL-FC-PM,mantel,not_found,,,,,,,0.21,unknown,,
2026-09-03,2026-09-03T08:38:43Z,SR-RIVAL-CS,mantel,ok,SRAM Rival XG-1250 12 Speed Cassette,https://www.mantel.com/en/sram-rival-xg-1250-cassette-cassette,94.95,EUR,94.95,78.47,0.21,in_stock,jsonld,ověřit variantu
2026-09-03,2026-09-03T08:38:43Z,SR-RIVAL-CN,mantel,ok,SRAM Rival E1 FlatTop Chain,https://www.mantel.com/en/sram-rival-e1-flattop-chain,29.95,EUR,29.95,24.75,0.21,in_stock,jsonld,
2026-09-03,2026-09-03T08:38:43Z,SR-RIVAL-SET,mantel,ok,Kit SRAM Rival AXS E1 Road,https://www.mantel.com/fr/kit-sram-rival-axs-e1-road,703.14,EUR,703.14,581.11,0.21,in_stock,jsonld,
2026-09-03,2026-09-03T08:38:43Z,SR-RIVAL-SET-PM,mantel,not_found,,,,,,,0.21,unknown,,
2026-09-03,2026-09-03T08:38:43Z,SR-FORCE-D2-SET,mantel,not_found,,,,,,,0.21,unknown,,
2026-09-03,2026-09-03T08:38:43Z,SR-RIVAL-D1-SET,mantel,not_found,,,,,,,0.21,unknown,,
2026-09-03,2026-09-03T08:38:43Z,SR-RED-D1-SET,mantel,not_found,,,,,,,0.21,unknown,,
2026-09-03,2026-09-03T08:38:43Z,SR-X-BATTERY,mantel,ok,SRAM eTAP AXS Battery,https://www.mantel.com/en/sram-etap-axs-battery,47.95,EUR,47.95,39.63,0.21,in_stock,jsonld,
2026-09-03,2026-09-03T08:38:43Z,SR-X-CHARGER,mantel,ok,SRAM eTap AXS Battery Charger,https://www.mantel.com/en/sram-etap-axs-battery-charger,41.95,EUR,41.95,34.67,0.21,in_stock,jsonld,
2026-09-03,2026-09-03T08:38:43Z,SR-X-PACELINE-160,mantel,not_found,,,,,,,0.21,unknown,,
2026-09-03,2026-09-03T08:38:43Z,SR-X-PACELINE-X-160,mantel,not_found,,,,,,,0.21,unknown,,
2026-09-03,2026-09-03T08:38:43Z,SR-X-CENTERLINE-XR-160,mantel,not_found,,,,,,,0.21,unknown,,
2026-09-03,2026-09-03T08:38:43Z,SH-105-STBR,rose,not_found,,,,,,,0.19,unknown,,
2026-09-03,2026-09-03T08:38:43Z,SH-105-RD,rose,ok,105 RD-R7150 Di2 Schaltwerk,https://www.rosebikes.de/p/shimano-105-rd-r7150-di2-schaltwerk-2713288,159.95,EUR,159.95,134.41,0.19,out,jsonld,vyprodáno
2026-09-03,2026-09-03T08:38:43Z,SH-105-FD,rose,ok,105 FD-R7150 Di2 Umwerfer 2-/12-fach,https://www.rosebikes.de/p/shimano-105-fd-r7150-di2-umwerfer-2-12-fach-2713285,84.95,EUR,84.95,71.39,0.19,in_stock,jsonld,
2026-09-03,2026-09-03T08:38:43Z,SH-105-FC,rose,ok,105 FC-R7100 Hollowtech II Kurbel 2 x 12-fach (50/34),https://www.rosebikes.de/p/shimano-105-fc-r7100-hollowtech-ii-kurbel-2-x-12-fach-5034-2701936,71.95,EUR,71.95,60.46,0.19,out,jsonld,vyprodáno
2026-09-03,2026-09-03T08:38:43Z,SH-105-CS,rose,ok,105 CS-R7100 12-fach Zahnkranz,https://www.rosebikes.de/p/shimano-105-cs-r7100-12-fach-zahnkranz-2713281,49.95,EUR,49.95,41.97,0.19,out,jsonld,ověřit variantu; vyprodáno
2026-09-03,2026-09-03T08:38:43Z,SH-105-CS2,rose,not_found,,,,,,,0.19,unknown,,
2026-09-03,2026-09-03T08:38:43Z,SH-105-CN,rose,ok,SLX / 105 CN-M7100 HG+ 12-fach Kette,https://www.rosebikes.de/p/shimano-slx-105-cn-m7100-hg-12-fach-kette-2678996,18.95,EUR,18.95,15.92,0.19,in_stock,jsonld,
2026-09-03,2026-09-03T08:38:43Z,SH-105-SET,rose,not_found,,,,,,,0.19,unknown,,
2026-09-03,2026-09-03T08:38:43Z,SH-ULT-STBR,rose,ok,Ultegra Di2 ST-R8170 STI Brems-/Schalthebelkombination mit BR-R8170 Scheibenbremse J-Kit Direct,https://www.rosebikes.de/p/shimano-ultegra-di2-st-r8170-sti-brems-schalthebelkombination-mit-br-r8170-scheibenbremse-j-kit-direct-2700381,278.95,EUR,278.95,234.41,0.19,in_stock,jsonld,
2026-09-03,2026-09-03T08:38:43Z,SH-ULT-RD,rose,ok,Ultegra RD-R8150 Di2 Schaltwerk 12-fach,https://www.rosebikes.de/p/shimano-ultegra-rd-r8150-di2-schaltwerk-12-fach-165824,254.95,EUR,254.95,214.24,0.19,in_stock,jsonld,
2026-09-03,2026-09-03T08:38:43Z,SH-ULT-FD,rose,ok,Ultegra FD-R8150 Di2 Umwerfer 2-/12-fach,https://www.rosebikes.de/p/shimano-ultegra-fd-r8150-di2-umwerfer-2-12-fach-2700256,173.95,EUR,173.95,146.18,0.19,in_stock,jsonld,
2026-09-03,2026-09-03T08:38:43Z,SH-ULT-FC,rose,ok,Ultegra FC-R8100 Hollowtech II Kurbelgarnitur 2-/12-fach,https://www.rosebikes.de/p/shimano-ultegra-fc-r8100-hollowtech-ii-kurbelgarnitur-2-12-fach-2700227,189.95,EUR,189.95,159.62,0.19,in_stock,jsonld,ověřit variantu
2026-09-03,2026-09-03T08:38:43Z,SH-ULT-FC-PM,rose,ok,Xtra Watt Plus | Bikes zum besten Preis | Rose Bikes,https://www.rosebikes.de/fahrr%C3%A4der/sale/e-bike/xtra-watt-plus?sf=1,3300.0,EUR,3300.0,2773.11,0.19,unknown,meta,ověřit variantu
2026-09-03,2026-09-03T08:38:43Z,SH-ULT-CS,rose,not_found,,,,,,,0.19,unknown,,
2026-09-03,2026-09-03T08:38:43Z,SH-ULT-CN,rose,ok,Deore XT / Ultegra CN-M8100 HG+ 12-fach Kette,https://www.rosebikes.de/p/shimano-deore-xt-ultegra-cn-m8100-hg-12-fach-kette-2678940,27.95,EUR,27.95,23.49,0.19,in_stock,jsonld,
2026-09-03,2026-09-03T08:38:43Z,SH-ULT-SET,rose,not_found,,,,,,,0.19,unknown,,
2026-09-03,2026-09-03T08:38:43Z,SH-ULT-SET-PM,rose,not_found,,,,,,,0.19,unknown,,
2026-09-03,2026-09-03T08:38:43Z,SH-DA-STBR,rose,not_found,,,,,,,0.19,unknown,,
2026-09-03,2026-09-03T08:38:43Z,SH-DA-RD,rose,ok,Dura-Ace RD-R9250 Di2 Schaltwerk o. B-Achse (Direct Mount),https://www.rosebikes.de/p/shimano-dura-ace-rd-r9250-di2-schaltwerk-o-b-achse-direct-mount-2715076,350.95,EUR,350.95,294.92,0.19,out,jsonld,vyprodáno
2026-09-03,2026-09-03T08:38:43Z,SH-DA-FD,rose,ok,Dura-Ace FD-R9250-F Di2 Umwerfer für Anlötsockel,https://www.rosebikes.de/p/shimano-dura-ace-fd-r9250-f-di2-umwerfer-fuer-anloetsockel-2700260,279.95,EUR,279.95,235.25,0.19,out,jsonld,vyprodáno
2026-09-03,2026-09-03T08:38:43Z,SH-DA-FC,rose,ok,Dura Ace Hollowtech II FC-R9200 12-fach Kurbel (52/36),https://www.rosebikes.de/p/shimano-dura-ace-hollowtech-ii-fc-r9200-12-fach-kurbel-5236-2695990,295.0,EUR,295.0,247.9,0.19,out,jsonld,vyprodáno
2026-09-03,2026-09-03T08:38:43Z,SH-DA-FC-PM,rose,ok,Xtra Watt Plus | Bikes zum besten Preis | Rose Bikes,https://www.rosebikes.de/fahrr%C3%A4der/sale/e-bike/xtra-watt-plus?sf=1,3300.0,EUR,3300.0,2773.11,0.19,unknown,meta,ověřit variantu
2026-09-03,2026-09-03T08:38:43Z,SH-DA-CS,rose,ok,Dura Ace CS-R9200 12-fach Zahnkranz (11-30),https://www.rosebikes.de/p/shimano-dura-ace-cs-r9200-12-fach-zahnkranz-11-30-2705202,145.95,EUR,145.95,122.65,0.19,out,jsonld,vyprodáno
2026-09-03,2026-09-03T08:38:43Z,SH-DA-CN,rose,ok,XTR/DURA ACE CN-M9100 HG+ Kette 12-fach (118 Glieder),https://www.rosebikes.de/p/shimano-xtrdura-ace-cn-m9100-hg-kette-12-fach-118-glieder-2666335,37.95,EUR,37.95,31.89,0.19,out,jsonld,vyprodáno
2026-09-03,2026-09-03T08:38:43Z,SH-DA-SET,rose,not_found,,,,,,,0.19,unknown,,
2026-09-03,2026-09-03T08:38:43Z,SH-DA-SET-PM,rose,not_found,,,,,,,0.19,unknown,,
2026-09-03,2026-09-03T08:38:43Z,SH-X-BT-DN300,rose,ok,BT-DN300 Li-Ion Akku Di2 12-fach integriert für EW-SD300,https://www.rosebikes.de/p/shimano-bt-dn300-li-ion-akku-di2-12-fach-integriert-fuer-ew-sd300-2700197,118.95,EUR,118.95,99.96,0.19,in_stock,jsonld,
2026-09-03,2026-09-03T08:38:43Z,SH-X-EW-EC300,rose,ok,EW-EC300 Ladekabel interner Akku Di2 12-fach,https://www.rosebikes.de/p/shimano-ew-ec300-ladekabel-interner-akku-di2-12-fach-2700215,34.95,EUR,34.95,29.37,0.19,in_stock,jsonld,
2026-09-03,2026-09-03T08:38:43Z,SH-X-RT-CL800,rose,not_found,,,,,,,0.19,unknown,,
2026-09-03,2026-09-03T08:38:43Z,SH-X-RT-CL900,rose,not_found,,,,,,,0.19,unknown,,
2026-09-03,2026-09-03T08:38:43Z,SR-RED-STBR,rose,ok,"RED AXS™ HRD Brems-/Schalthebel inkl. Scheibenbremse, Hinterrad, rechts",https://www.rosebikes.de/p/sram-red-axstm-hrd-brems-schalthebel-inkl-scheibenbremse-hinterrad-rechts-2729329,518.95,EUR,518.95,436.09,0.19,in_stock,jsonld,
2026-09-03,2026-09-03T08:38:43Z,SR-RED-RD,rose,ok,RED AXS™ 12-fach Schaltwerk,https://www.rosebikes.de/p/sram-red-axstm-12-fach-schaltwerk-2729359,561.95,EUR,561.95,472.23,0.19,in_stock,jsonld,ověřit variantu
2026-09-03,2026-09-03T08:38:43Z,SR-RED-FD,rose,ok,RED AXS™ Front Umwerfer,https://www.rosebikes.de/p/sram-red-axstm-front-umwerfer-2729358,360.95,EUR,360.95,303.32,0.19,in_stock,jsonld,ověřit variantu
2026-09-03,2026-09-03T08:38:43Z,SR-RED-FC,rose,not_found,,,,,,,0.19,unknown,,
2026-09-03,2026-09-03T08:38:43Z,SR-RED-FC-PM,rose,not_found,,,,,,,0.19,unknown,,
2026-09-03,2026-09-03T08:38:43Z,SR-RED-CS,rose,not_found,,,,,,,0.19,unknown,,
2026-09-03,2026-09-03T08:38:43Z,SR-RED-CN,rose,ok,Red 22/Force 22 Kettenblatt,https://www.rosebikes.de/p/sram-red-22force-22-kettenblatt-859274,23.95,EUR,23.95,20.13,0.19,in_stock,jsonld,ověřit variantu
2026-09-03,2026-09-03T08:38:43Z,SR-RED-SET,rose,not_found,,,,,,,0.19,unknown,,
2026-09-03,2026-09-03T08:38:43Z,SR-RED-SET-PM,rose,not_found,,,,,,,0.19,unknown,,
2026-09-03,2026-09-03T08:38:43Z,SR-FORCE-STBR,rose,ok,"Force AXS™ HRD Brems-/Schalthebel inkl. Scheibenbremse, Hinterrad, rechts",https://www.rosebikes.de/p/sram-force-axstm-hrd-brems-schalthebel-inkl-scheibenbremse-hinterrad-rechts-159619,287.95,EUR,287.95,241.97,0.19,in_stock,jsonld,
2026-09-03,2026-09-03T08:38:43Z,SR-FORCE-RD,rose,ok,Force AXS™ 12-fach Schaltwerk,https://www.rosebikes.de/p/sram-force-axstm-12-fach-schaltwerk-159625,268.95,EUR,268.95,226.01,0.19,in_stock,jsonld,ověřit variantu
2026-09-03,2026-09-03T08:38:43Z,SR-FORCE-FD,rose,ok,Force AXS™ 2x12-fach Umwerfer,https://www.rosebikes.de/p/sram-force-axstm-2x12-fach-umwerfer-159627,194.95,EUR,194.95,163.82,0.19,in_stock,jsonld,ověřit variantu
2026-09-03,2026-09-03T08:38:43Z,SR-FORCE-FC,rose,ok,Force DUB™ 2x12-fach Kurbelgarnitur 48-35 Zähne,https://www.rosebikes.de/p/sram-force-dubtm-2x12-fach-kurbelgarnitur-48-35-zaehne-159638,304.95,EUR,304.95,256.26,0.19,in_stock,jsonld,
2026-09-03,2026-09-03T08:38:43Z,SR-FORCE-FC-PM,rose,ok,Force 1® AXS™ Power Meter Kurbel 1 x 12-fach,https://www.rosebikes.de/p/sram-force-1r-axstm-power-meter-kurbel-1-x-12-fach-2718601,319.95,EUR,319.95,268.87,0.19,out,jsonld,vyprodáno
2026-09-03,2026-09-03T08:38:43Z,SR-FORCE-CS,rose,not_found,,,,,,,0.19,unknown,,
2026-09-03,2026-09-03T08:38:43Z,SR-FORCE-CN,rose,ok,FORCE 12-/13-fach Kette,https://www.rosebikes.de/p/sram-force-12-13-fach-kette-2678179,38.95,EUR,38.95,32.73,0.19,out,jsonld,vyprodáno
2026-09-03,2026-09-03T08:38:43Z,SR-FORCE-SET,rose,not_found,,,,,,,0.19,unknown,,
2026-09-03,2026-09-03T08:38:43Z,SR-FORCE-SET-PM,rose,not_found,,,,,,,0.19,unknown,,
2026-09-03,2026-09-03T08:38:43Z,SR-RIVAL-STBR,rose,ok,"Rival AXS™ HRD Brems-/Schalthebel inkl. Scheibenbremse, Hinterrad, rechts",https://www.rosebikes.de/p/sram-rival-axstm-hrd-brems-schalthebel-inkl-scheibenbremse-hinterrad-rechts-159616,199.95,EUR,199.95,168.03,0.19,in_stock,jsonld,
2026-09-03,2026-09-03T08:38:43Z,SR-RIVAL-RD,rose,ok,Rival AXS™ 12-fach Schaltwerk,https://www.rosebikes.de/p/sram-rival-axstm-12-fach-schaltwerk-159621,229.95,EUR,229.95,193.24,0.19,in_stock,jsonld,ověřit variantu
2026-09-03,2026-09-03T08:38:43Z,SR-RIVAL-FD,rose,ok,Rival AXS™ 2x12-fach Umwerfer,https://www.rosebikes.de/p/sram-rival-axstm-2x12-fach-umwerfer-159626,149.95,EUR,149.95,126.01,0.19,in_stock,jsonld,ověřit variantu
2026-09-03,2026-09-03T08:38:43Z,SR-RIVAL-FC,rose,ok,Rival DUB™ 2x12-fach Kurbelgarnitur 46-33 Zähne,https://www.rosebikes.de/p/sram-rival-dubtm-2x12-fach-kurbelgarnitur-46-33-zaehne-159629,141.95,EUR,141.95,119.29,0.19,in_stock,jsonld,
2026-09-03,2026-09-03T08:38:43Z,SR-RIVAL-FC-PM,rose,ok,Rival AXS™ Power Meter Kurbel 2 x 12-fach,https://www.rosebikes.de/p/sram-rival-axstm-power-meter-kurbel-2-x-12-fach-2700080,268.95,EUR,268.95,226.01,0.19,in_stock,jsonld,
2026-09-03,2026-09-03T08:38:43Z,SR-RIVAL-CS,rose,not_found,,,,,,,0.19,unknown,,
2026-09-03,2026-09-03T08:38:43Z,SR-RIVAL-CN,rose,ok,"Rival 2 x 12-fach AXS Kettenblatt, innen",https://www.rosebikes.de/p/sram-rival-2-x-12-fach-axs-kettenblatt-innen-2699864,18.95,EUR,18.95,15.92,0.19,preorder,jsonld,
2026-09-03,2026-09-03T08:38:43Z,SR-RIVAL-SET,rose,not_found,,,,,,,0.19,unknown,,
2026-09-03,2026-09-03T08:38:43Z,SR-RIVAL-SET-PM,rose,not_found,,,,,,,0.19,unknown,,
2026-09-03,2026-09-03T08:38:43Z,SR-FORCE-D2-SET,rose,not_found,,,,,,,0.19,unknown,,
2026-09-03,2026-09-03T08:38:43Z,SR-RIVAL-D1-SET,rose,not_found,,,,,,,0.19,unknown,,
2026-09-03,2026-09-03T08:38:43Z,SR-RED-D1-SET,rose,not_found,,,,,,,0.19,unknown,,
2026-09-03,2026-09-03T08:38:43Z,SR-X-BATTERY,rose,not_found,,,,,,,0.19,unknown,,
2026-09-03,2026-09-03T08:38:43Z,SR-X-CHARGER,rose,not_found,,,,,,,0.19,unknown,,
2026-09-03,2026-09-03T08:38:43Z,SR-X-PACELINE-160,rose,not_found,,,,,,,0.19,unknown,,
2026-09-03,2026-09-03T08:38:43Z,SR-X-PACELINE-X-160,rose,not_found,,,,,,,0.19,unknown,,
2026-09-03,2026-09-03T08:38:43Z,SR-X-CENTERLINE-XR-160,rose,not_found,,,,,,,0.19,unknown,,
2026-09-03,2026-09-03T08:38:43Z,SH-105-STBR,koloshop,not_found,,,,,,,0.21,unknown,,
2026-09-03,2026-09-03T08:38:43Z,SH-105-RD,koloshop,not_found,,,,,,,0.21,unknown,,
2026-09-03,2026-09-03T08:38:43Z,SH-105-FD,koloshop,not_found,,,,,,,0.21,unknown,,
2026-09-03,2026-09-03T08:38:43Z,SH-105-FC,koloshop,not_found,,,,,,,0.21,unknown,,
2026-09-03,2026-09-03T08:38:43Z,SH-105-CS,koloshop,not_found,,,,,,,0.21,unknown,,
2026-09-03,2026-09-03T08:38:43Z,SH-105-CS2,koloshop,not_found,,,,,,,0.21,unknown,,
2026-09-03,2026-09-03T08:38:43Z,SH-105-CN,koloshop,not_found,,,,,,,0.21,unknown,,
2026-09-03,2026-09-03T08:38:43Z,SH-105-SET,koloshop,not_found,,,,,,,0.21,unknown,,
2026-09-03,2026-09-03T08:38:43Z,SH-ULT-STBR,koloshop,not_found,,,,,,,0.21,unknown,,
2026-09-03,2026-09-03T08:38:43Z,SH-ULT-RD,koloshop,not_found,,,,,,,0.21,unknown,,
2026-09-03,2026-09-03T08:38:43Z,SH-ULT-FD,koloshop,not_found,,,,,,,0.21,unknown,,
2026-09-03,2026-09-03T08:38:43Z,SH-ULT-FC,koloshop,not_found,,,,,,,0.21,unknown,,
2026-09-03,2026-09-03T08:38:43Z,SH-ULT-FC-PM,koloshop,not_found,,,,,,,0.21,unknown,,
2026-09-03,2026-09-03T08:38:43Z,SH-ULT-CS,koloshop,not_found,,,,,,,0.21,unknown,,
2026-09-03,2026-09-03T08:38:43Z,SH-ULT-CN,koloshop,not_found,,,,,,,0.21,unknown,,
2026-09-03,2026-09-03T08:38:43Z,SH-ULT-SET,koloshop,not_found,,,,,,,0.21,unknown,,
2026-09-03,2026-09-03T08:38:43Z,SH-ULT-SET-PM,koloshop,not_found,,,,,,,0.21,unknown,,
2026-09-03,2026-09-03T08:38:43Z,SH-DA-STBR,koloshop,not_found,,,,,,,0.21,unknown,,
2026-09-03,2026-09-03T08:38:43Z,SH-DA-RD,koloshop,not_found,,,,,,,0.21,unknown,,
2026-09-03,2026-09-03T08:38:43Z,SH-DA-FD,koloshop,not_found,,,,,,,0.21,unknown,,
2026-09-03,2026-09-03T08:38:43Z,SH-DA-FC,koloshop,not_found,,,,,,,0.21,unknown,,
2026-09-03,2026-09-03T08:38:43Z,SH-DA-FC-PM,koloshop,not_found,,,,,,,0.21,unknown,,
2026-09-03,2026-09-03T08:38:43Z,SH-DA-CS,koloshop,not_found,,,,,,,0.21,unknown,,
2026-09-03,2026-09-03T08:38:43Z,SH-DA-CN,koloshop,not_found,,,,,,,0.21,unknown,,
2026-09-03,2026-09-03T08:38:43Z,SH-DA-SET,koloshop,not_found,,,,,,,0.21,unknown,,
2026-09-03,2026-09-03T08:38:43Z,SH-DA-SET-PM,koloshop,not_found,,,,,,,0.21,unknown,,
2026-09-03,2026-09-03T08:38:43Z,SH-X-BT-DN300,koloshop,not_found,,,,,,,0.21,unknown,,
2026-09-03,2026-09-03T08:38:43Z,SH-X-EW-EC300,koloshop,not_found,,,,,,,0.21,unknown,,
2026-09-03,2026-09-03T08:38:43Z,SH-X-RT-CL800,koloshop,not_found,,,,,,,0.21,unknown,,
2026-09-03,2026-09-03T08:38:43Z,SH-X-RT-CL900,koloshop,not_found,,,,,,,0.21,unknown,,
2026-09-03,2026-09-03T08:38:43Z,SR-RED-STBR,koloshop,not_found,,,,,,,0.21,unknown,,
2026-09-03,2026-09-03T08:38:43Z,SR-RED-RD,koloshop,not_found,,,,,,,0.21,unknown,,
2026-09-03,2026-09-03T08:38:43Z,SR-RED-FD,koloshop,not_found,,,,,,,0.21,unknown,,
2026-09-03,2026-09-03T08:38:43Z,SR-RED-FC,koloshop,not_found,,,,,,,0.21,unknown,,
2026-09-03,2026-09-03T08:38:43Z,SR-RED-FC-PM,koloshop,not_found,,,,,,,0.21,unknown,,
2026-09-03,2026-09-03T08:38:43Z,SR-RED-CS,koloshop,not_found,,,,,,,0.21,unknown,,
2026-09-03,2026-09-03T08:38:43Z,SR-RED-CN,koloshop,not_found,,,,,,,0.21,unknown,,
2026-09-03,2026-09-03T08:38:43Z,SR-RED-SET,koloshop,not_found,,,,,,,0.21,unknown,,
2026-09-03,2026-09-03T08:38:43Z,SR-RED-SET-PM,koloshop,not_found,,,,,,,0.21,unknown,,
2026-09-03,2026-09-03T08:38:43Z,SR-FORCE-STBR,koloshop,not_found,,,,,,,0.21,unknown,,
2026-09-03,2026-09-03T08:38:43Z,SR-FORCE-RD,koloshop,not_found,,,,,,,0.21,unknown,,
2026-09-03,2026-09-03T08:38:43Z,SR-FORCE-FD,koloshop,not_found,,,,,,,0.21,unknown,,
2026-09-03,2026-09-03T08:38:43Z,SR-FORCE-FC,koloshop,not_found,,,,,,,0.21,unknown,,
2026-09-03,2026-09-03T08:38:43Z,SR-FORCE-FC-PM,koloshop,not_found,,,,,,,0.21,unknown,,
2026-09-03,2026-09-03T08:38:43Z,SR-FORCE-CS,koloshop,not_found,,,,,,,0.21,unknown,,
2026-09-03,2026-09-03T08:38:43Z,SR-FORCE-CN,koloshop,not_found,,,,,,,0.21,unknown,,
2026-09-03,2026-09-03T08:38:43Z,SR-FORCE-SET,koloshop,not_found,,,,,,,0.21,unknown,,
2026-09-03,2026-09-03T08:38:43Z,SR-FORCE-SET-PM,koloshop,not_found,,,,,,,0.21,unknown,,
2026-09-03,2026-09-03T08:38:43Z,SR-RIVAL-STBR,koloshop,not_found,,,,,,,0.21,unknown,,
2026-09-03,2026-09-03T08:38:43Z,SR-RIVAL-RD,koloshop,not_found,,,,,,,0.21,unknown,,
2026-09-03,2026-09-03T08:38:43Z,SR-RIVAL-FD,koloshop,not_found,,,,,,,0.21,unknown,,
2026-09-03,2026-09-03T08:38:43Z,SR-RIVAL-FC,koloshop,not_found,,,,,,,0.21,unknown,,
2026-09-03,2026-09-03T08:38:43Z,SR-RIVAL-FC-PM,koloshop,not_found,,,,,,,0.21,unknown,,
2026-09-03,2026-09-03T08:38:43Z,SR-RIVAL-CS,koloshop,not_found,,,,,,,0.21,unknown,,
2026-09-03,2026-09-03T08:38:43Z,SR-RIVAL-CN,koloshop,not_found,,,,,,,0.21,unknown,,
2026-09-03,2026-09-03T08:38:43Z,SR-RIVAL-SET,koloshop,not_found,,,,,,,0.21,unknown,,
2026-09-03,2026-09-03T08:38:43Z,SR-RIVAL-SET-PM,koloshop,not_found,,,,,,,0.21,unknown,,
2026-09-03,2026-09-03T08:38:43Z,SR-FORCE-D2-SET,koloshop,not_found,,,,,,,0.21,unknown,,
2026-09-03,2026-09-03T08:38:43Z,SR-RIVAL-D1-SET,koloshop,not_found,,,,,,,0.21,unknown,,
2026-09-03,2026-09-03T08:38:43Z,SR-RED-D1-SET,koloshop,not_found,,,,,,,0.21,unknown,,
2026-09-03,2026-09-03T08:38:43Z,SR-X-BATTERY,koloshop,not_found,,,,,,,0.21,unknown,,
2026-09-03,2026-09-03T08:38:43Z,SR-X-CHARGER,koloshop,not_found,,,,,,,0.21,unknown,,
2026-09-03,2026-09-03T08:38:43Z,SR-X-PACELINE-160,koloshop,not_found,,,,,,,0.21,unknown,,
2026-09-03,2026-09-03T08:38:43Z,SR-X-PACELINE-X-160,koloshop,not_found,,,,,,,0.21,unknown,,
2026-09-03,2026-09-03T08:38:43Z,SR-X-CENTERLINE-XR-160,koloshop,not_found,,,,,,,0.21,unknown,,
2026-09-03,2026-09-03T08:38:43Z,SH-105-STBR,bike-discount,ok,105 Di2 ST-R7170+BR-R7170 2x12-fach Scheibenbremsen-Set,https://www.bike-discount.de/de/shimano-105-di2-st-r7170-br-r7170-2x12-fach-scheibenbremsen-set-1,439.99,EUR,439.99,369.74,0.19,out,jsonld,vyprodáno
2026-09-03,2026-09-03T08:38:43Z,SH-105-RD,bike-discount,ok,105 Di2 RD-R7150 12-fach Schaltwerk,https://www.bike-discount.de/de/shimano-105-di2-rd-r7150-12-fach-schaltwerk-1,169.99,EUR,169.99,142.85,0.19,in_stock,jsonld,
2026-09-03,2026-09-03T08:38:43Z,SH-105-FD,bike-discount,ok,105 Di2 FD-R7150 2x12-fach Umwerfer Anlöt,https://www.bike-discount.de/de/shimano-105-di2-fd-r7150-2x12-fach-umwerfer,99.99,EUR,99.99,84.03,0.19,in_stock,jsonld,
2026-09-03,2026-09-03T08:38:43Z,SH-105-FC,bike-discount,ok,105 FC-R7100 12-fach Kurbel 50/34,https://www.bike-discount.de/de/shimano-105-fc-r7100-12-fach-kurbel-50/34,117.99,EUR,117.99,99.15,0.19,in_stock,jsonld,
2026-09-03,2026-09-03T08:38:43Z,SH-105-CS,bike-discount,not_found,,,,,,,0.19,unknown,,
2026-09-03,2026-09-03T08:38:43Z,SH-105-CS2,bike-discount,ok,105 CS-HG710 12-fach Kassette,https://www.bike-discount.de/de/shimano-105-cs-hg710-12-fach-kassette,58.99,EUR,58.99,49.57,0.19,in_stock,jsonld,ověřit variantu
2026-09-03,2026-09-03T08:38:43Z,SH-105-CN,bike-discount,ok,SLX CN-M7100 12-fach Kette mit Quick-Link,https://www.bike-discount.de/de/shimano-slx-cn-m7100-12-fach-kette-mit-quick-link,18.99,EUR,18.99,15.96,0.19,in_stock,jsonld,
2026-09-03,2026-09-03T08:38:43Z,SH-105-SET,bike-discount,ok,105 Di2 R7170 2x12-fach Gruppe Disc TOP-DEAL,https://www.bike-discount.de/de/shimano-105-di2-r7170-2x12-fach-gruppe-disc-top-deal,799.0,EUR,799.0,671.43,0.19,in_stock,jsonld,
2026-09-03,2026-09-03T08:38:43Z,SH-ULT-STBR,bike-discount,ok,ULTEGRA Di2 ST-R8170+BR-R8170 2x12-fach Scheibenbremsen-Set,https://www.bike-discount.de/de/shimano-ultegra-di2-st-r8170-br-r8170-2x12-fach-scheibenbremsen-set-2,578.99,EUR,578.99,486.55,0.19,in_stock,jsonld,
2026-09-03,2026-09-03T08:38:43Z,SH-ULT-RD,bike-discount,ok,ULTEGRA Di2 RD-R8150 12-fach Schaltwerk,https://www.bike-discount.de/de/shimano-ultegra-di2-rd-r8150-12-fach-schaltwerk-2,254.99,EUR,254.99,214.28,0.19,in_stock,jsonld,
2026-09-03,2026-09-03T08:38:43Z,SH-ULT-FD,bike-discount,ok,ULTEGRA Di2 FD-R8150 2x12-fach Umwerfer,https://www.bike-discount.de/de/shimano-ultegra-di2-fd-r8150-2x12-fach-umwerfer,159.99,EUR,159.99,134.45,0.19,in_stock,jsonld,
2026-09-03,2026-09-03T08:38:43Z,SH-ULT-FC,bike-discount,ok,ULTEGRA FC-R8100 12-fach Kurbel 50/34,https://www.bike-discount.de/de/shimano-ultegra-fc-r8100-12-fach-kurbel-50/34,194.99,EUR,194.99,163.86,0.19,in_stock,jsonld,
2026-09-03,2026-09-03T08:38:43Z,SH-ULT-FC-PM,bike-discount,not_found,,,,,,,0.19,unknown,,
2026-09-03,2026-09-03T08:38:43Z,SH-ULT-CS,bike-discount,not_found,,,,,,,0.19,unknown,,
2026-09-03,2026-09-03T08:38:43Z,SH-ULT-CN,bike-discount,ok,XT CN-M8100 12-fach Kette mit Quick-Link,https://www.bike-discount.de/de/shimano-xt-cn-m8100-12-fach-kette-mit-quick-link,27.99,EUR,27.99,23.52,0.19,in_stock,jsonld,
2026-09-03,2026-09-03T08:38:43Z,SH-ULT-SET,bike-discount,ok,ULTEGRA Di2 R8170 2x12-fach Gruppe Disc 140/160mm TOP-DEAL,https://www.bike-discount.de/de/shimano-ultegra-di2-r8170-2x12-fach-gruppe-disc-140/160mm-1,1199.99,EUR,1199.99,1008.39,0.19,in_stock,jsonld,
2026-09-03,2026-09-03T08:38:43Z,SH-ULT-SET-PM,bike-discount,ok,ULTEGRA Di2 R8170-P 2x12-fach Powermeter Gruppe Disc 160/160mm TOP-DEAL,https://www.bike-discount.de/de/shimano-ultegra-di2-r8170-p-2x12-fach-powermeter-gruppe-disc-160/160mm,1689.99,EUR,1689.99,1420.16,0.19,in_stock,jsonld,ověřit variantu
2026-09-03,2026-09-03T08:38:43Z,SH-DA-STBR,bike-discount,ok,DURA ACE Di2 ST-R9270+BR-R9270 2x12-fach Scheibenbremsen-Set,https://www.bike-discount.de/de/shimano-dura-ace-di2-st-r9270-br-r9270-2x12-fach-scheibenbremsen-set-3,969.99,EUR,969.99,815.12,0.19,in_stock,jsonld,
2026-09-03,2026-09-03T08:38:43Z,SH-DA-RD,bike-discount,ok,DURA ACE Di2 RD-R9250 12-fach Schaltwerk,https://www.bike-discount.de/de/shimano-dura-ace-di2-rd-r9250-12-fach-schaltwerk-3,529.99,EUR,529.99,445.37,0.19,in_stock,jsonld,
2026-09-03,2026-09-03T08:38:43Z,SH-DA-FD,bike-discount,ok,DURA ACE Di2 FD-R9250 2x12-fach Umwerfer,https://www.bike-discount.de/de/shimano-dura-ace-di2-fd-r9250-2x12-fach-umwerfer,279.99,EUR,279.99,235.29,0.19,in_stock,jsonld,
2026-09-03,2026-09-03T08:38:43Z,SH-DA-FC,bike-discount,ok,DURA ACE FC-R9200 12-fach Kurbel 52/36,https://www.bike-discount.de/de/shimano-dura-ace-fc-r9200-12-fach-kurbel-52/36,384.99,EUR,384.99,323.52,0.19,in_stock,jsonld,
2026-09-03,2026-09-03T08:38:43Z,SH-DA-FC-PM,bike-discount,not_found,,,,,,,0.19,unknown,,
2026-09-03,2026-09-03T08:38:43Z,SH-DA-CS,bike-discount,ok,DURA ACE CS-R9200 12-fach Kassette,https://www.bike-discount.de/de/shimano-dura-ace-cs-r9200-12-fach-kassette,224.99,EUR,224.99,189.07,0.19,in_stock,jsonld,ověřit variantu
2026-09-03,2026-09-03T08:38:43Z,SH-DA-CN,bike-discount,ok,XTR CN-M9100 12-fach Kette mit Quick-Link,https://www.bike-discount.de/de/shimano-xtr-cn-m9100-12-fach-kette-mit-quick-link,41.99,EUR,41.99,35.29,0.19,in_stock,jsonld,
2026-09-03,2026-09-03T08:38:43Z,SH-DA-SET,bike-discount,ok,DURA ACE Di2 R9270 2x12-fach Gruppe Disc 140/160mm TOP-DEAL,https://www.bike-discount.de/de/shimano-dura-ace-di2-r9270-2x12-fach-gruppe-disc-140/160mm,1999.0,EUR,1999.0,1679.83,0.19,in_stock,jsonld,
2026-09-03,2026-09-03T08:38:43Z,SH-DA-SET-PM,bike-discount,not_found,,,,,,,0.19,unknown,,
2026-09-03,2026-09-03T08:38:43Z,SH-X-BT-DN300,bike-discount,ok,Unità adattatore per BT-DN300,https://www.bike-discount.de/it/shimano-unita-adattatore-per-bt-dn300,5.99,EUR,5.99,5.03,0.19,in_stock,jsonld,
2026-09-03,2026-09-03T08:38:43Z,SH-X-EW-EC300,bike-discount,ok,Di2 EW-EC300 Ladekabel,https://www.bike-discount.de/de/shimano-di2-ew-ec300-ladekabel,34.99,EUR,34.99,29.4,0.19,in_stock,jsonld,
2026-09-03,2026-09-03T08:38:43Z,SH-X-RT-CL800,bike-discount,not_found,,,,,,,0.19,unknown,,
2026-09-03,2026-09-03T08:38:43Z,SH-X-RT-CL900,bike-discount,not_found,,,,,,,0.19,unknown,,
2026-09-03,2026-09-03T08:38:43Z,SR-RED-STBR,bike-discount,not_found,,,,,,,0.19,unknown,,
2026-09-03,2026-09-03T08:38:43Z,SR-RED-RD,bike-discount,ok,RED AXS E1 12-fach Schaltwerk,https://www.bike-discount.de/de/sram-red-axs-e1-12-fach-schaltwerk,529.99,EUR,529.99,445.37,0.19,in_stock,jsonld,
2026-09-03,2026-09-03T08:38:43Z,SR-RED-FD,bike-discount,ok,RED AXS E1 2x12-fach Umwerfer Anlöt,https://www.bike-discount.de/de/sram-red-axs-e1-2x12-fach-umwerfer-anloet,347.99,EUR,347.99,292.43,0.19,in_stock,jsonld,
2026-09-03,2026-09-03T08:38:43Z,SR-RED-FC,bike-discount,not_found,,,,,,,0.19,unknown,,
2026-09-03,2026-09-03T08:38:43Z,SR-RED-FC-PM,bike-discount,ok,Red AXS DUB Powermeter 2x12-fach Carbon Kurbel 50/37,https://www.bike-discount.de/de/sram-red-axs-dub-powermeter-2x12-fach-carbon-kurbel-50/37,749.99,EUR,749.99,630.24,0.19,in_stock,jsonld,
2026-09-03,2026-09-03T08:38:43Z,SR-RED-CS,bike-discount,not_found,,,,,,,0.19,unknown,,
2026-09-03,2026-09-03T08:38:43Z,SR-RED-CN,bike-discount,not_found,,,,,,,0.19,unknown,,
2026-09-03,2026-09-03T08:38:43Z,SR-RED-SET,bike-discount,ok,RED AXS E1 HRD Schalt-/Bremshebel Kit,https://www.bike-discount.de/de/sram-red-axs-e1-hrd-schalt-bremshebel-kit,349.99,EUR,349.99,294.11,0.19,out,jsonld,vyprodáno
2026-09-03,2026-09-03T08:38:43Z,SR-RED-SET-PM,bike-discount,ok,RED AXS E1 2-fach Powermeter Kit,https://www.bike-discount.de/de/sram-red-axs-e1-powermeter-kit,579.99,EUR,579.99,487.39,0.19,in_stock,jsonld,
2026-09-03,2026-09-03T08:38:43Z,SR-FORCE-STBR,bike-discount,ok,Force AXS E1 12-fach Schaltrollen-Set,https://www.bike-discount.de/de/sram-force-axs-e1-12-fach-schaltrollen-set,51.99,EUR,51.99,43.69,0.19,in_stock,jsonld,
2026-09-03,2026-09-03T08:38:43Z,SR-FORCE-RD,bike-discount,ok,Force AXS E1 12-fach Schaltwerk,https://www.bike-discount.de/de/sram-force-axs-e1-12-fach-schaltwerk,271.99,EUR,271.99,228.56,0.19,in_stock,jsonld,
2026-09-03,2026-09-03T08:38:43Z,SR-FORCE-FD,bike-discount,ok,Force AXS E1 2x12-fach Umwerfer Anlöt,https://www.bike-discount.de/de/sram-force-axs-e1-2x12-fach-umwerfer-anloet,189.99,EUR,189.99,159.66,0.19,in_stock,jsonld,
2026-09-03,2026-09-03T08:38:43Z,SR-FORCE-FC,bike-discount,ok,Force E1 DUB 2x12-fach Carbon Kurbel 50/37T,https://www.bike-discount.de/de/sram-force-e1-dub-2x12-fach-carbon-kurbel-50/37t,229.99,EUR,229.99,193.27,0.19,in_stock,jsonld,
2026-09-03,2026-09-03T08:38:43Z,SR-FORCE-FC-PM,bike-discount,ok,Force AXS Powermeter E1 DUB 2x12-fach Carbon Kurbel 50/37T,https://www.bike-discount.de/de/sram-force-axs-powermeter-e1-dub-2x12-fach-carbon-kurbel-50/37t,519.99,EUR,519.99,436.97,0.19,in_stock,jsonld,
2026-09-03,2026-09-03T08:38:43Z,SR-FORCE-CS,bike-discount,not_found,,,,,,,0.19,unknown,,
2026-09-03,2026-09-03T08:38:43Z,SR-FORCE-CN,bike-discount,not_found,,,,,,,0.19,unknown,,
2026-09-03,2026-09-03T08:38:43Z,SR-FORCE-SET,bike-discount,ok,Force E1 50-37T Carbon AXS 12-fach Gruppe,https://www.bike-discount.de/de/sram-force-e1-50-37t-carbon-axs-12-fach-gruppe,1549.99,EUR,1549.99,1302.51,0.19,in_stock,jsonld,
2026-09-03,2026-09-03T08:38:43Z,SR-FORCE-SET-PM,bike-discount,not_found,,,,,,,0.19,unknown,,
2026-09-03,2026-09-03T08:38:43Z,SR-RIVAL-STBR,bike-discount,ok,Rival/Force/Red AXS Brake Caliper Service Kit,https://www.bike-discount.de/en/sram-rival/force/red-axs-brake-caliper-service-kit,19.99,EUR,19.99,16.8,0.19,in_stock,jsonld,
2026-09-03,2026-09-03T08:38:43Z,SR-RIVAL-RD,bike-discount,ok,Rival AXS E1 12-fach Schaltwerk,https://www.bike-discount.de/de/sram-rival-axs-e1-12-fach-schaltwerk,219.99,EUR,219.99,184.87,0.19,in_stock,jsonld,
2026-09-03,2026-09-03T08:38:43Z,SR-RIVAL-FD,bike-discount,ok,Rival AXS E1 2x12-fach Umwerfer Anlöt,https://www.bike-discount.de/de/sram-rival-axs-e1-2x12-fach-umwerfer-anloet,143.99,EUR,143.99,121.0,0.19,in_stock,jsonld,
2026-09-03,2026-09-03T08:38:43Z,SR-RIVAL-FC,bike-discount,ok,Rival E1 DUB 2x12-fach Kurbel 48/35T,https://www.bike-discount.de/de/sram-rival-e1-dub-2x12-fach-kurbel-48/35t,129.99,EUR,129.99,109.24,0.19,in_stock,jsonld,
2026-09-03,2026-09-03T08:38:43Z,SR-RIVAL-FC-PM,bike-discount,ok,Rival AXS Powermeter E1 DUB 2x12-fach Kurbel 46/33T,https://www.bike-discount.de/de/sram-rival-axs-powermeter-e1-dub-2x12-fach-kurbel-46/33t,269.99,EUR,269.99,226.88,0.19,in_stock,jsonld,
2026-09-03,2026-09-03T08:38:43Z,SR-RIVAL-CS,bike-discount,not_found,,,,,,,0.19,unknown,,
2026-09-03,2026-09-03T08:38:43Z,SR-RIVAL-CN,bike-discount,not_found,,,,,,,0.19,unknown,,
2026-09-03,2026-09-03T08:38:43Z,SR-RIVAL-SET,bike-discount,ok,Rival E1 AXS 2x12-fach 48/35T Gruppe,https://www.bike-discount.de/de/sram-rival-e1-axs-2x12-fach-48/35t-gruppe,1149.99,EUR,1149.99,966.38,0.19,in_stock,jsonld,
2026-09-03,2026-09-03T08:38:43Z,SR-RIVAL-SET-PM,bike-discount,not_found,,,,,,,0.19,unknown,,
2026-09-03,2026-09-03T08:38:43Z,SR-FORCE-D2-SET,bike-discount,ok,Rival/Force/Red AXS Brake Caliper Service Kit,https://www.bike-discount.de/en/sram-rival/force/red-axs-brake-caliper-service-kit,19.99,EUR,19.99,16.8,0.19,in_stock,jsonld,ověřit variantu
2026-09-03,2026-09-03T08:38:43Z,SR-RIVAL-D1-SET,bike-discount,ok,Rival eTap AXS Pulley Kit,https://www.bike-discount.de/en/sram-rival-etap-axs-pulley-kit,20.99,EUR,20.99,17.64,0.19,out,jsonld,ověřit variantu; vyprodáno
2026-09-03,2026-09-03T08:38:43Z,SR-RED-D1-SET,bike-discount,ok,Feder Kit für Force / Red D1 eTap AXS Schalthebel TOP-DEAL,https://www.bike-discount.de/de/sram-feder-kit-fuer-force/red-d1-etap-axs-schalthebel,4.99,EUR,4.99,4.19,0.19,in_stock,jsonld,
2026-09-03,2026-09-03T08:38:43Z,SR-X-BATTERY,bike-discount,not_found,,,,,,,0.19,unknown,,
2026-09-03,2026-09-03T08:38:43Z,SR-X-CHARGER,bike-discount,not_found,,,,,,,0.19,unknown,,
2026-09-03,2026-09-03T08:38:43Z,SR-X-PACELINE-160,bike-discount,not_found,,,,,,,0.19,unknown,,
2026-09-03,2026-09-03T08:38:43Z,SR-X-PACELINE-X-160,bike-discount,not_found,,,,,,,0.19,unknown,,
2026-09-03,2026-09-03T08:38:43Z,SR-X-CENTERLINE-XR-160,bike-discount,not_found,,,,,,,0.19,unknown,,
2026-09-03,2026-09-03T08:38:43Z,SH-105-STBR,kupkolo,ok,"Řadicí a brzdová páka Shimano 105 Di2, ST-R7170, 2x12",https://www.kupkolo.cz/radici-a-brzdova-paka-shimano-105-di2-st-r7170-2x12_z119215/,4590.0,CZK,189.74,156.81,0.21,in_stock,jsonld,ověřit variantu
2026-09-03,2026-09-03T08:38:43Z,SH-105-RD,kupkolo,ok,"Přehazovačka Shimano 105 Di2, RD-R7150, 12s",https://www.kupkolo.cz/prehazovacka-shimano-105-di2-rd-r7150-12s_z119220/,3990.0,CZK,164.94,136.31,0.21,in_stock,jsonld,
2026-09-03,2026-09-03T08:38:43Z,SH-105-FD,kupkolo,ok,"Přesmykač Shimano 105, FD-R7150, 2x12 Di2",https://www.kupkolo.cz/presmykac-shimano-105-fd-r7150-2x12-di2_z123245/,2590.0,CZK,107.06,88.48,0.21,in_stock,jsonld,
2026-09-03,2026-09-03T08:38:43Z,SH-105-FC,kupkolo,ok,"Kliky Shimano 105, FC-R7100, 2x12s",https://www.kupkolo.cz/kliky-shimano-105-fc-r7100-2x12s_z119207/,2790.0,CZK,115.33,95.32,0.21,in_stock,jsonld,ověřit variantu
2026-09-03,2026-09-03T08:38:43Z,SH-105-CS,kupkolo,not_found,,,,,,,0.21,unknown,,
2026-09-03,2026-09-03T08:38:43Z,SH-105-CS2,kupkolo,not_found,,,,,,,0.21,unknown,,
2026-09-03,2026-09-03T08:38:43Z,SH-105-CN,kupkolo,not_found,,,,,,,0.21,unknown,,
2026-09-03,2026-09-03T08:38:43Z,SH-105-SET,kupkolo,not_found,,,,,,,0.21,unknown,,
2026-09-03,2026-09-03T08:38:43Z,SH-ULT-STBR,kupkolo,ok,"Řadicí a brzdová páka Shimano Ultegra Di2 2x12s, ST-R8170 + třmen BR-R8170",https://www.kupkolo.cz/radici-a-brzdova-paka-shimano-ultegra-di2-2x12s-st-r8170-trmen-br-r8170_z122996/,6990.0,CZK,288.95,238.8,0.21,in_stock,jsonld,
2026-09-03,2026-09-03T08:38:43Z,SH-ULT-RD,kupkolo,ok,"Přehazovačka Shimano Ultegra, RD-R8150, 12s Di2",https://www.kupkolo.cz/prehazovacka-shimano-ultegra-rd-r8150-12s-di2_z116563/,8990.0,CZK,371.63,307.13,0.21,in_stock,jsonld,
2026-09-03,2026-09-03T08:38:43Z,SH-ULT-FD,kupkolo,ok,"Přesmykač Shimano Ultegra, FD-R8150, 2x12 Di2",https://www.kupkolo.cz/presmykac-shimano-ultegra-fd-r8150-2x12-di2_z116564/,4499.0,CZK,185.98,153.7,0.21,in_stock,jsonld,
2026-09-03,2026-09-03T08:38:43Z,SH-ULT-FC,kupkolo,ok,"Kliky Shimano Ultegra, FC-R8100",https://www.kupkolo.cz/kliky-shimano-ultegra-fc-r8100_z116228/,4379.0,CZK,181.02,149.6,0.21,in_stock,jsonld,ověřit variantu
2026-09-03,2026-09-03T08:38:43Z,SH-ULT-FC-PM,kupkolo,ok,"Přední adaptér kot. brzdy a2z, PM/PM-180 F180",https://www.kupkolo.cz/predni-adapter-kot-brzdy-a2z-pm-pm-180-f180_z3923/,149.0,CZK,6.16,5.09,0.21,in_stock,jsonld,ověřit variantu
2026-09-03,2026-09-03T08:38:43Z,SH-ULT-CS,kupkolo,not_found,,,,,,,0.21,unknown,,
2026-09-03,2026-09-03T08:38:43Z,SH-ULT-CN,kupkolo,not_found,,,,,,,0.21,unknown,,
2026-09-03,2026-09-03T08:38:43Z,SH-ULT-SET,kupkolo,not_found,,,,,,,0.21,unknown,,
2026-09-03,2026-09-03T08:38:43Z,SH-ULT-SET-PM,kupkolo,not_found,,,,,,,0.21,unknown,,
2026-09-03,2026-09-03T08:38:43Z,SH-DA-STBR,kupkolo,ok,"Řadicí a brzdová páka Shimano Dura-Ace Di2, ST-R9270 + třmen BR-R9270",https://www.kupkolo.cz/radici-a-brzdova-paka-shimano-dura-ace-di2-st-r9270-trmen-br-r9270_z123165/,9279.0,CZK,383.57,317.0,0.21,in_stock,jsonld,
2026-09-03,2026-09-03T08:38:43Z,SH-DA-RD,kupkolo,ok,SHIMANO vnější vodítko (včetně šroubu) pro RD-R9250,https://www.kupkolo.cz/shimano-vnejsi-voditko-vcetne-sroubu-pro-rd-r9250_z138318/,349.0,CZK,14.43,11.92,0.21,in_stock,jsonld,
2026-09-03,2026-09-03T08:38:43Z,SH-DA-FD,kupkolo,ok,"Přesmykač Shimano Dura-Ace, FD-R9250, 2x12 Di2",https://www.kupkolo.cz/presmykac-shimano-dura-ace-fd-r9250-2x12-di2_z116539/,6379.0,CZK,263.69,217.93,0.21,in_stock,jsonld,
2026-09-03,2026-09-03T08:38:43Z,SH-DA-FC,kupkolo,ok,"Kliky Shimano Dura Ace, FC-R9200",https://www.kupkolo.cz/kliky-shimano-dura-ace-fc-r9200_z116149/,9590.0,CZK,396.43,327.63,0.21,in_stock,jsonld,ověřit variantu
2026-09-03,2026-09-03T08:38:43Z,SH-DA-FC-PM,kupkolo,ok,"Přední adaptér kot. brzdy a2z, PM/PM-180 F180",https://www.kupkolo.cz/predni-adapter-kot-brzdy-a2z-pm-pm-180-f180_z3923/,149.0,CZK,6.16,5.09,0.21,in_stock,jsonld,ověřit variantu
2026-09-03,2026-09-03T08:38:43Z,SH-DA-CS,kupkolo,ok,"Kazeta silniční Shimano Dura Ace, CS-R9200 - 12s",https://www.kupkolo.cz/kazeta-silnicni-shimano-dura-ace-cs-r9200-12s_z114733/,4879.0,CZK,201.69,166.68,0.21,in_stock,jsonld,ověřit variantu
2026-09-03,2026-09-03T08:38:43Z,SH-DA-CN,kupkolo,not_found,,,,,,,0.21,unknown,,
2026-09-03,2026-09-03T08:38:43Z,SH-DA-SET,kupkolo,not_found,,,,,,,0.21,unknown,,
2026-09-03,2026-09-03T08:38:43Z,SH-DA-SET-PM,kupkolo,not_found,,,,,,,0.21,unknown,,
2026-09-03,2026-09-03T08:38:43Z,SH-X-BT-DN300,kupkolo,ok,SHIMANO baterie Di2 / BT-DN300,https://www.kupkolo.cz/shimano-baterie-di2-bt-dn300_z116543/,2790.0,CZK,115.33,95.32,0.21,in_stock,jsonld,
2026-09-03,2026-09-03T08:38:43Z,SH-X-EW-EC300,kupkolo,ok,"Shimano EW-EC300 nabíjecí konektor Di2/powermetr, 12s",https://www.kupkolo.cz/shimano-ew-ec300-nabijeci-konektor-di2-powermetr-12s_z116542/,890.0,CZK,36.79,30.41,0.21,in_stock,jsonld,
2026-09-03,2026-09-03T08:38:43Z,SH-X-RT-CL800,kupkolo,not_found,,,,,,,0.21,unknown,,
2026-09-03,2026-09-03T08:38:43Z,SH-X-RT-CL900,kupkolo,not_found,,,,,,,0.21,unknown,,
2026-09-03,2026-09-03T08:38:43Z,SR-RED-STBR,kupkolo,not_found,,,,,,,0.21,unknown,,
2026-09-03,2026-09-03T08:38:43Z,SR-RED-RD,kupkolo,not_found,,,,,,,0.21,unknown,,
2026-09-03,2026-09-03T08:38:43Z,SR-RED-FD,kupkolo,not_found,,,,,,,0.21,unknown,,
2026-09-03,2026-09-03T08:38:43Z,SR-RED-FC,kupkolo,ok,"Kliky Sram RED E1, DUB 2x12s",https://www.kupkolo.cz/kliky-sram-red-e1-dub-2x12s_z125689/,14499.0,CZK,599.36,495.33,0.21,in_stock,jsonld,
2026-09-03,2026-09-03T08:38:43Z,SR-RED-FC-PM,kupkolo,ok,"Kliky Sram RED E1, DUB 2x12s Quarq s powermetrem",https://www.kupkolo.cz/kliky-sram-red-e1-dub-2x12s-quarq-s-powermetrem_z125697/,25790.0,CZK,1066.1,881.07,0.21,in_stock,jsonld,
2026-09-03,2026-09-03T08:38:43Z,SR-RED-CS,kupkolo,not_found,,,,,,,0.21,unknown,,
2026-09-03,2026-09-03T08:38:43Z,SR-RED-CN,kupkolo,ok,"Přesmykač Sram RED 22 Yaw, navářka, Chain Spotter, 2x11",https://www.kupkolo.cz/presmykac-sram-red-22-yaw-navarka-chain-spotter-2x11_z103083/,2559.0,CZK,105.78,87.42,0.21,in_stock,jsonld,ověřit variantu
2026-09-03,2026-09-03T08:38:43Z,SR-RED-SET,kupkolo,not_found,,,,,,,0.21,unknown,,
2026-09-03,2026-09-03T08:38:43Z,SR-RED-SET-PM,kupkolo,not_found,,,,,,,0.21,unknown,,
2026-09-03,2026-09-03T08:38:43Z,SR-FORCE-STBR,kupkolo,ok,Brzdový třmen SRAM FORCE AXS Flat mount,https://www.kupkolo.cz/brzdovy-trmen-sram-force-axs-flat-mount_z120164/,1890.0,CZK,78.13,64.57,0.21,in_stock,jsonld,
2026-09-03,2026-09-03T08:38:43Z,SR-FORCE-RD,kupkolo,not_found,,,,,,,0.21,unknown,,
2026-09-03,2026-09-03T08:38:43Z,SR-FORCE-FD,kupkolo,not_found,,,,,,,0.21,unknown,,
2026-09-03,2026-09-03T08:38:43Z,SR-FORCE-FC,kupkolo,ok,"Kliky Sram Force E1, DM DUB 2x12",https://www.kupkolo.cz/kliky-sram-force-e1-dm-dub-2x12_z134824/,8999.0,CZK,372.0,307.44,0.21,in_stock,jsonld,
2026-09-03,2026-09-03T08:38:43Z,SR-FORCE-FC-PM,kupkolo,ok,"Kliky Sram Force E1 Powermetr, Thread mount DUB 2x12",https://www.kupkolo.cz/kliky-sram-force-e1-powermetr-thread-mount-dub-2x12_z134825/,18900.0,CZK,781.28,645.69,0.21,in_stock,jsonld,
2026-09-03,2026-09-03T08:38:43Z,SR-FORCE-CS,kupkolo,not_found,,,,,,,0.21,unknown,,
2026-09-03,2026-09-03T08:38:43Z,SR-FORCE-CN,kupkolo,ok,"Přesmykač Sram Force 22 Yaw, navářka, Chain Spotter, 2x11",https://www.kupkolo.cz/presmykac-sram-force-22-yaw-navarka-chain-spotter-2x11_z95892/,1290.0,CZK,53.33,44.07,0.21,in_stock,jsonld,ověřit variantu
2026-09-03,2026-09-03T08:38:43Z,SR-FORCE-SET,kupkolo,not_found,,,,,,,0.21,unknown,,
2026-09-03,2026-09-03T08:38:43Z,SR-FORCE-SET-PM,kupkolo,not_found,,,,,,,0.21,unknown,,
2026-09-03,2026-09-03T08:38:43Z,SR-RIVAL-STBR,kupkolo,ok,Servisní sada pro Sram Brzdový třmen Rival AXS,https://www.kupkolo.cz/servisni-sada-pro-sram-brzdovy-trmen-rival-axs_z122150/,549.0,CZK,22.69,18.76,0.21,in_stock,jsonld,
2026-09-03,2026-09-03T08:38:43Z,SR-RIVAL-RD,kupkolo,not_found,,,,,,,0.21,unknown,,
2026-09-03,2026-09-03T08:38:43Z,SR-RIVAL-FD,kupkolo,not_found,,,,,,,0.21,unknown,,
2026-09-03,2026-09-03T08:38:43Z,SR-RIVAL-FC,kupkolo,ok,"Kliky Sram Rival E1, DM DUB 2x12",https://www.kupkolo.cz/kliky-sram-rival-e1-dm-dub-2x12_z134829/,3990.0,CZK,164.94,136.31,0.21,in_stock,jsonld,
2026-09-03,2026-09-03T08:38:43Z,SR-RIVAL-FC-PM,kupkolo,ok,"Kliky Sram Rival E1, DM DUB 2x12 s Powermetrem",https://www.kupkolo.cz/kliky-sram-rival-e1-dm-dub-2x12-s-powermetrem_z134837/,6990.0,CZK,288.95,238.8,0.21,in_stock,jsonld,
2026-09-03,2026-09-03T08:38:43Z,SR-RIVAL-CS,kupkolo,not_found,,,,,,,0.21,unknown,,
2026-09-03,2026-09-03T08:38:43Z,SR-RIVAL-CN,kupkolo,not_found,,,,,,,0.21,unknown,,
2026-09-03,2026-09-03T08:38:43Z,SR-RIVAL-SET,kupkolo,ok,Servisní sada pro Sram Brzdový třmen Rival AXS,https://www.kupkolo.cz/servisni-sada-pro-sram-brzdovy-trmen-rival-axs_z122150/,549.0,CZK,22.69,18.76,0.21,in_stock,jsonld,ověřit variantu
2026-09-03,2026-09-03T08:38:43Z,SR-RIVAL-SET-PM,kupkolo,not_found,,,,,,,0.21,unknown,,
2026-09-03,2026-09-03T08:38:43Z,SR-FORCE-D2-SET,kupkolo,not_found,,,,,,,0.21,unknown,,
2026-09-03,2026-09-03T08:38:43Z,SR-RIVAL-D1-SET,kupkolo,not_found,,,,,,,0.21,unknown,,
2026-09-03,2026-09-03T08:38:43Z,SR-RED-D1-SET,kupkolo,not_found,,,,,,,0.21,unknown,,
2026-09-03,2026-09-03T08:38:43Z,SR-X-BATTERY,kupkolo,ok,"SRAM baterie eTAP/AXS (pro přehazovačku nebo přesmykač), 1kus",https://www.kupkolo.cz/sram-baterie-etap-axs-pro-prehazovacku-nebo-presmykac-1kus_z100168/,1129.0,CZK,46.67,38.57,0.21,in_stock,jsonld,
2026-09-03,2026-09-03T08:38:43Z,SR-X-CHARGER,kupkolo,not_found,,,,,,,0.21,unknown,,
2026-09-03,2026-09-03T08:38:43Z,SR-X-PACELINE-160,kupkolo,not_found,,,,,,,0.21,unknown,,
2026-09-03,2026-09-03T08:38:43Z,SR-X-PACELINE-X-160,kupkolo,not_found,,,,,,,0.21,unknown,,
2026-09-03,2026-09-03T08:38:43Z,SR-X-CENTERLINE-XR-160,kupkolo,not_found,,,,,,,0.21,unknown,,
2026-09-03,2026-09-03T08:38:43Z,SH-105-STBR,hupnakolo,ok,"Řadicí a brzdová páka Shimano 105, ST-R7170 + třmen BR-7170 - Hupnakolo",https://www.hupnakolo.cz/radici-a-brzdova-paka-shimano-105--st-r7170-trmen-br-7170/,5388.0,CZK,222.73,184.07,0.21,unknown,meta,ověřit variantu
2026-09-03,2026-09-03T08:38:43Z,SH-105-RD,hupnakolo,ok,Shimano 105 RD R7150 Di2 přehazovačka 12s,https://www.hupnakolo.cz/shimano-prehazovacka-105-rd-r7150-12-rychl--max-36z-min-11z-kapacita-41z-bal/,3737.0,CZK,154.48,127.67,0.21,unknown,meta,
2026-09-03,2026-09-03T08:38:43Z,SH-105-FD,hupnakolo,not_found,,,,,,,0.21,unknown,,
2026-09-03,2026-09-03T08:38:43Z,SH-105-FC,hupnakolo,ok,Shimano 105 FC-R7100 | Silniční kliky 2x12 | 50-34 zubů,https://www.hupnakolo.cz/shimano-kliky-105-fc-r7100-integr-klika-2x12-cerna-bez-bb-misek-bal/,2742.0,CZK,113.35,93.68,0.21,unknown,meta,
2026-09-03,2026-09-03T08:38:43Z,SH-105-CS,hupnakolo,not_found,,,,,,,0.21,unknown,,
2026-09-03,2026-09-03T08:38:43Z,SH-105-CS2,hupnakolo,ok,Kazeta SHIMANO CS-HG710 12rychlostní | 11-36 zubů,https://www.hupnakolo.cz/shimano-kazeta-105-cs-hg710-12-12-rychl--11-36-z--bal/,1374.0,CZK,56.8,46.94,0.21,unknown,meta,ověřit variantu
2026-09-03,2026-09-03T08:38:43Z,SH-105-CN,hupnakolo,ok,"SHIMANO SLX CN-M7100 12 rychlostní řetěz, 116 článků, baleno v sáčků - Hupnakolo",https://www.hupnakolo.cz/shimano-retez-slx-cn-m7100-12rychl-116cl--s-rychlospojkou-box-20-ks/,429.0,CZK,17.73,14.66,0.21,unknown,meta,
2026-09-03,2026-09-03T08:38:43Z,SH-105-SET,hupnakolo,not_found,,,,,,,0.21,unknown,,
2026-09-03,2026-09-03T08:38:43Z,SH-ULT-STBR,hupnakolo,ok,Shimano Ultegra Di2 ST R8170 BR R8170 prava 12s brzda,https://www.hupnakolo.cz/shimano-kot-brzd-set-ultegra-br-r8170-st-r8170-zadprava-j-kit-di2-bez-adapt-polymer-chl-bh90170c/,6988.0,CZK,288.87,238.73,0.21,unknown,meta,
2026-09-03,2026-09-03T08:38:43Z,SH-ULT-RD,hupnakolo,not_found,,,,,,,0.21,unknown,,
2026-09-03,2026-09-03T08:38:43Z,SH-ULT-FD,hupnakolo,not_found,,,,,,,0.21,unknown,,
2026-09-03,2026-09-03T08:38:43Z,SH-ULT-FC,hupnakolo,ok,"Shimano Ultegra FC-R8100 – kliky 2×12, 46/36",https://www.hupnakolo.cz/shimano-kliky-ultegra-fc-r8100-integr-klika-2x12-1725-mm-46x36z-bez-bb-misek-bal/,4644.0,CZK,191.97,158.65,0.21,unknown,meta,ověřit variantu
2026-09-03,2026-09-03T08:38:43Z,SH-ULT-FC-PM,hupnakolo,ok,Adaptér přední brzdy IS-PM 203 mm - Hupnakolo,https://www.hupnakolo.cz/adapter-predni-brzdy-is-pm-203-mm/,63.0,CZK,2.6,2.15,0.21,unknown,meta,ověřit variantu
2026-09-03,2026-09-03T08:38:43Z,SH-ULT-CS,hupnakolo,not_found,,,,,,,0.21,unknown,,
2026-09-03,2026-09-03T08:38:43Z,SH-ULT-CN,hupnakolo,not_found,,,,,,,0.21,unknown,,
2026-09-03,2026-09-03T08:38:43Z,SH-ULT-SET,hupnakolo,not_found,,,,,,,0.21,unknown,,
2026-09-03,2026-09-03T08:38:43Z,SH-ULT-SET-PM,hupnakolo,not_found,,,,,,,0.21,unknown,,
2026-09-03,2026-09-03T08:38:43Z,SH-DA-STBR,hupnakolo,not_found,,,,,,,0.21,unknown,,
2026-09-03,2026-09-03T08:38:43Z,SH-DA-RD,hupnakolo,ok,Shimano Dura Ace RD R9250 Di2 přehazovačka 12s Shadow+,https://www.hupnakolo.cz/shimano-prehazovacka-dura-ace-di2-rd-r9250-12-rychl--bal/,11497.0,CZK,475.26,392.78,0.21,unknown,meta,
2026-09-03,2026-09-03T08:38:43Z,SH-DA-FD,hupnakolo,not_found,,,,,,,0.21,unknown,,
2026-09-03,2026-09-03T08:38:43Z,SH-DA-FC,hupnakolo,ok,Shimano Dura-Ace FC-R9200 – kliková sada 2×12,https://www.hupnakolo.cz/shimano-kliky-dura-ace-fc-r9200-integr-klika-2x12-175-mm-52x36z-bez-bb-misek/,8915.0,CZK,368.53,304.57,0.21,unknown,meta,ověřit variantu
2026-09-03,2026-09-03T08:38:43Z,SH-DA-FC-PM,hupnakolo,ok,"Shimano DURA-ACE FC-R9200-P Powermeter kliky | 2x12, 175 mm, wattmetr",https://www.hupnakolo.cz/shimano-kliky-dura-ace-fc-r9200-p-integr-klika-2x12-175-mm-bez-prev--bez-bb-misek-pro-mer-vyk-bal/,21798.0,CZK,901.08,744.69,0.21,unknown,meta,ověřit variantu
2026-09-03,2026-09-03T08:38:43Z,SH-DA-CS,hupnakolo,ok,"SHIMANO CS-R9200 Dura-Ace 12-kazeta 11-30 zubů, v krabičce - Hupnakolo",https://www.hupnakolo.cz/shimano-cs-r9200-dura-ace-12-kazeta-11-30-zubu--v-krabicce/?parameterValueId=9618,5163.0,CZK,213.43,176.39,0.21,unknown,meta,
2026-09-03,2026-09-03T08:38:43Z,SH-DA-CN,hupnakolo,ok,Řetěz SHIMANO XTR CN-M9100 - 12 rychlostí - Hupnakolo,https://www.hupnakolo.cz/shimano-xtr-cn-m9100/,1049.0,CZK,43.36,35.84,0.21,unknown,meta,
2026-09-03,2026-09-03T08:38:43Z,SH-DA-SET,hupnakolo,not_found,,,,,,,0.21,unknown,,
2026-09-03,2026-09-03T08:38:43Z,SH-DA-SET-PM,hupnakolo,not_found,,,,,,,0.21,unknown,,
2026-09-03,2026-09-03T08:38:43Z,SH-X-BT-DN300,hupnakolo,not_found,,,,,,,0.21,unknown,,
2026-09-03,2026-09-03T08:38:43Z,SH-X-EW-EC300,hupnakolo,not_found,,,,,,,0.21,unknown,,
2026-09-03,2026-09-03T08:38:43Z,SH-X-RT-CL800,hupnakolo,ok,Shimano RT-CL800 160 mm – Ultegra brzdový kotouč Ice Tech FREEZA,https://www.hupnakolo.cz/brzdovy-kotouc-shimano-rt-cl800-160mm-center-lock--ice-technologies--v-krabicce/,920.0,CZK,38.03,31.43,0.21,unknown,meta,ověřit variantu
2026-09-03,2026-09-03T08:38:43Z,SH-X-RT-CL900,hupnakolo,ok,SHIMANO brzd kotouč -ostatní RT-CL900 center lock 160 mm pro Ice tech + lock ring (interní) - Hupnakolo,https://www.hupnakolo.cz/shimano-brzd-kotouc-ostatni-rt-cl900-center-lock-160-mm-pro-ice-tech-lock-ring--interni-/,1188.0,CZK,49.11,40.59,0.21,unknown,meta,
2026-09-03,2026-09-03T08:38:43Z,SR-RED-STBR,hupnakolo,not_found,,,,,,,0.21,unknown,,
2026-09-03,2026-09-03T08:38:43Z,SR-RED-RD,hupnakolo,not_found,,,,,,,0.21,unknown,,
2026-09-03,2026-09-03T08:38:43Z,SR-RED-FD,hupnakolo,not_found,,,,,,,0.21,unknown,,
2026-09-03,2026-09-03T08:38:43Z,SR-RED-FC,hupnakolo,not_found,,,,,,,0.21,unknown,,
2026-09-03,2026-09-03T08:38:43Z,SR-RED-FC-PM,hupnakolo,ok,"SRAM Red AXS E1 Kliky s Power Metrem 172,5 mm 50/37z DUB | Hupnakolo.cz",https://www.hupnakolo.cz/sram-red-axs-e1-kliky-s-power-metrem--dub-172-5-mm---direct-mount-50-37z/,26128.0,CZK,1080.07,892.62,0.21,unknown,meta,
2026-09-03,2026-09-03T08:38:43Z,SR-RED-CS,hupnakolo,ok,"Kazeta SRAM RED XG-1290 12rychlostní | eTap AXS | 10-26, 10-28, 10-33",https://www.hupnakolo.cz/sram-red-xg-1290-12rychlostni-kazeta-2/,5475.0,CZK,226.32,187.04,0.21,unknown,meta,ověřit variantu
2026-09-03,2026-09-03T08:38:43Z,SR-RED-CN,hupnakolo,ok,Sram Red E1 Flattop řetěz Rainbow 126 článků - Hupnakolo,https://www.hupnakolo.cz/00-2518-068-008-sram-am-cn-red-e1-126li-rbw-w-pwr-lck-12s-1pc/,2025.0,CZK,83.71,69.18,0.21,unknown,meta,
2026-09-03,2026-09-03T08:38:43Z,SR-RED-SET,hupnakolo,not_found,,,,,,,0.21,unknown,,
2026-09-03,2026-09-03T08:38:43Z,SR-RED-SET-PM,hupnakolo,ok,00.3018.387.003 - SRAM PM KIT DM 5239T RED AXS E1 BLK/SLV - Hupnakolo,https://www.hupnakolo.cz/00-3018-387-003-sram-pm-kit-dm-5239t-red-axs-e1-blk-slv/,16629.0,CZK,687.4,568.1,0.21,unknown,meta,
2026-09-03,2026-09-03T08:38:43Z,SR-FORCE-STBR,hupnakolo,not_found,,,,,,,0.21,unknown,,
2026-09-03,2026-09-03T08:38:43Z,SR-FORCE-RD,hupnakolo,not_found,,,,,,,0.21,unknown,,
2026-09-03,2026-09-03T08:38:43Z,SR-FORCE-FD,hupnakolo,not_found,,,,,,,0.21,unknown,,
2026-09-03,2026-09-03T08:38:43Z,SR-FORCE-FC,hupnakolo,not_found,,,,,,,0.21,unknown,,
2026-09-03,2026-09-03T08:38:43Z,SR-FORCE-FC-PM,hupnakolo,not_found,,,,,,,0.21,unknown,,
2026-09-03,2026-09-03T08:38:43Z,SR-FORCE-CS,hupnakolo,ok,"Kazeta SRAM Force XG-1270 12rychlostní | 10-28, 10-33, 10-36 zubů",https://www.hupnakolo.cz/sram-force-xg-1270-12rychlostni-kazeta/,3357.0,CZK,138.77,114.69,0.21,unknown,meta,ověřit variantu
2026-09-03,2026-09-03T08:38:43Z,SR-FORCE-CN,hupnakolo,ok,FORCE spojka řetězu 9s PYC | Shimano / SRAM | 8592627107733,https://www.hupnakolo.cz/spojka-pyc-pro-9-retez--1sada-1-blistr-6ks-spojek/,55.0,CZK,2.27,1.88,0.21,unknown,meta,ověřit variantu
2026-09-03,2026-09-03T08:38:43Z,SR-FORCE-SET,hupnakolo,ok,SRAM Force AXS E2 2×12 – bezdrátová silniční sada,https://www.hupnakolo.cz/00-7918-418-000-sram-force-axs-groupset-2--12-e2---bezdratova-silnicni-sada/,33371.0,CZK,1379.48,1140.07,0.21,unknown,meta,ověřit variantu
2026-09-03,2026-09-03T08:38:43Z,SR-FORCE-SET-PM,hupnakolo,not_found,,,,,,,0.21,unknown,,
2026-09-03,2026-09-03T08:38:43Z,SR-RIVAL-STBR,hupnakolo,not_found,,,,,,,0.21,unknown,,
2026-09-03,2026-09-03T08:38:43Z,SR-RIVAL-RD,hupnakolo,not_found,,,,,,,0.21,unknown,,
2026-09-03,2026-09-03T08:38:43Z,SR-RIVAL-FD,hupnakolo,not_found,,,,,,,0.21,unknown,,
2026-09-03,2026-09-03T08:38:43Z,SR-RIVAL-FC,hupnakolo,not_found,,,,,,,0.21,unknown,,
2026-09-03,2026-09-03T08:38:43Z,SR-RIVAL-FC-PM,hupnakolo,not_found,,,,,,,0.21,unknown,,
2026-09-03,2026-09-03T08:38:43Z,SR-RIVAL-CS,hupnakolo,ok,Kazeta SRAM Rival XG-1250 | 12rychlostní | 10-30 a 10-36 zubů,https://www.hupnakolo.cz/sram-rival-xg-1250-12rychlostni-kazeta/?parameterValueId=11397,2283.0,CZK,94.37,77.99,0.21,unknown,meta,
2026-09-03,2026-09-03T08:38:43Z,SR-RIVAL-CN,hupnakolo,not_found,,,,,,,0.21,unknown,,
2026-09-03,2026-09-03T08:38:43Z,SR-RIVAL-SET,hupnakolo,not_found,,,,,,,0.21,unknown,,
2026-09-03,2026-09-03T08:38:43Z,SR-RIVAL-SET-PM,hupnakolo,not_found,,,,,,,0.21,unknown,,
2026-09-03,2026-09-03T08:38:43Z,SR-FORCE-D2-SET,hupnakolo,ok,SRAM Force AXS E2 2×12 – bezdrátová silniční sada,https://www.hupnakolo.cz/00-7918-418-000-sram-force-axs-groupset-2--12-e2---bezdratova-silnicni-sada/,33371.0,CZK,1379.48,1140.07,0.21,unknown,meta,ověřit variantu
2026-09-03,2026-09-03T08:38:43Z,SR-RIVAL-D1-SET,hupnakolo,not_found,,,,,,,0.21,unknown,,
2026-09-03,2026-09-03T08:38:43Z,SR-RED-D1-SET,hupnakolo,not_found,,,,,,,0.21,unknown,,
2026-09-03,2026-09-03T08:38:43Z,SR-X-BATTERY,hupnakolo,ok,SRAM baterie pro eTAP a AXS - Hupnakolo,https://www.hupnakolo.cz/sram-baterie-pro-etap-a-axs/,1235.0,CZK,51.05,42.19,0.21,unknown,meta,
2026-09-03,2026-09-03T08:38:43Z,SR-X-CHARGER,hupnakolo,not_found,,,,,,,0.21,unknown,,
2026-09-03,2026-09-03T08:38:43Z,SR-X-PACELINE-160,hupnakolo,ok,00.5018.248.001 - SRAM AM DB ROTOR CL PACELINE 160 ROUNDEDLR A2 - Hupnakolo,https://www.hupnakolo.cz/00-5018-248-001-sram-am-db-rotor-cl-paceline-160-roundedlr-a2/,884.0,CZK,36.54,30.2,0.21,unknown,meta,
2026-09-03,2026-09-03T08:38:43Z,SR-X-PACELINE-X-160,hupnakolo,ok,SRAM Paceline X Center Lock 160 mm – dvoudílný brzdový kotouč Rounded Edges - Hupnakolo,https://www.hupnakolo.cz/sram-paceline-x-center-lock-160-mm---dvoudilny-brzdovy-kotouc-rounded-edges/,1338.0,CZK,55.31,45.71,0.21,unknown,meta,
2026-09-03,2026-09-03T08:38:43Z,SR-X-CENTERLINE-XR-160,hupnakolo,not_found,,,,,,,0.21,unknown,,
