date,sku_id,price_eur_net,shop_id,price_local,currency,url
2026-08-23,SH-105-STBR,157.3,kupkolo,4590.0,CZK,https://www.kupkolo.cz/radici-a-brzdova-paka-shimano-105-di2-st-r7170-2x12_z119215/
2026-08-23,SH-105-RD,6.68,rose,7.95,EUR,https://www.rosebikes.de/p/shimano-105-rd-r7150-12-fach-schaltungsraedchen-165828
2026-08-23,SH-105-FD,54.61,bike-components,64.99,EUR,https://www.bike-components.de/de/Shimano/105-Di2-Umwerfer-FD-R7150-2-12-fach-p88620/
2026-08-23,SH-105-STBR,157.3,kupkolo,4590.0,CZK,https://www.kupkolo.cz/radici-a-brzdova-paka-shimano-105-di2-st-r7170-2x12_z119215/
2026-08-23,SH-105-RD,6.68,rose,7.95,EUR,https://www.rosebikes.de/p/shimano-105-rd-r7150-12-fach-schaltungsraedchen-165828
2026-08-23,SH-105-FD,54.61,bike-components,64.99,EUR,https://www.bike-components.de/de/Shimano/105-Di2-Umwerfer-FD-R7150-2-12-fach-p88620/
2026-08-23,SH-105-FC,60.46,rose,71.95,EUR,https://www.rosebikes.de/p/shimano-105-fc-r7100-hollowtech-ii-kurbel-2-x-12-fach-5034-2701936
2026-08-23,SH-105-CS,41.97,rose,49.95,EUR,https://www.rosebikes.de/p/shimano-105-cs-r7100-12-fach-zahnkranz-2713281
2026-08-23,SH-105-CS2,47.09,hupnakolo,1374.0,CZK,https://www.hupnakolo.cz/shimano-kazeta-105-cs-hg710-12-12-rychl--11-36-z--bal/
2026-08-23,SH-105-CN,14.7,hupnakolo,429.0,CZK,https://www.hupnakolo.cz/shimano-retez-slx-cn-m7100-12rychl-116cl--s-rychlospojkou-box-20-ks/
2026-08-23,SH-105-SET,168.03,rose,199.95,EUR,https://www.rosebikes.de/p/shimano-105-di2-st-r7170-l-sti-brems-schalthebelkombination-vorderrad-mit-br-r7170-scheibenbremse-j-kit-direct-2713286
2026-08-23,SH-105-STBR,62.06,starbike,73.85,EUR,https://www.starbike.com/en/shimano-105-di2-st-r7170-shift-and-brake-dual-control-lever/
2026-08-23,SH-105-RD,0.83,bike-discount,0.99,EUR,https://www.bike-discount.de/de/shimano-kabelfuehrung-fuer-rd-r9250/rd-r8150/rd-r7150/rd-rx825
2026-08-23,SH-105-FD,36.56,starbike,43.51,EUR,https://www.starbike.com/en/shimano-105-di2-fd-r7150-f-front-derailleur-braze-on/
2026-08-23,SH-105-FC,44.74,starbike,53.24,EUR,https://www.starbike.com/en/shimano-105-fc-r7100-crankset-12-speed-hollowtech-black/
2026-08-23,SH-105-CS,41.97,rose,49.95,EUR,https://www.rosebikes.de/p/shimano-105-cs-r7100-12-fach-zahnkranz-2713281
2026-08-23,SH-105-CS2,47.09,hupnakolo,1374.0,CZK,https://www.hupnakolo.cz/shimano-kazeta-105-cs-hg710-12-12-rychl--11-36-z--bal/
2026-08-23,SH-105-CN,5.98,starbike,7.12,EUR,https://www.starbike.com/en/shimano-cn-m7100-12-speed-chain/
2026-08-23,SH-105-SET,168.03,rose,199.95,EUR,https://www.rosebikes.de/p/shimano-105-di2-st-r7170-l-sti-brems-schalthebelkombination-vorderrad-mit-br-r7170-scheibenbremse-j-kit-direct-2713286
2026-08-23,SH-105-STBR,62.06,starbike,73.85,EUR,https://www.starbike.com/en/shimano-105-di2-st-r7170-shift-and-brake-dual-control-lever/
2026-08-23,SH-105-RD,0.83,bike-discount,0.99,EUR,https://www.bike-discount.de/de/shimano-kabelfuehrung-fuer-rd-r9250/rd-r8150/rd-r7150/rd-rx825
2026-08-23,SH-105-FD,36.56,starbike,43.51,EUR,https://www.starbike.com/en/shimano-105-di2-fd-r7150-f-front-derailleur-braze-on/
2026-08-23,SH-105-FC,44.74,starbike,53.24,EUR,https://www.starbike.com/en/shimano-105-fc-r7100-crankset-12-speed-hollowtech-black/
2026-08-23,SH-105-CS,41.97,rose,49.95,EUR,https://www.rosebikes.de/p/shimano-105-cs-r7100-12-fach-zahnkranz-2713281
2026-08-23,SH-105-CS2,47.09,hupnakolo,1374.0,CZK,https://www.hupnakolo.cz/shimano-kazeta-105-cs-hg710-12-12-rychl--11-36-z--bal/
2026-08-23,SH-105-CN,5.98,starbike,7.12,EUR,https://www.starbike.com/en/shimano-cn-m7100-12-speed-chain/
2026-08-23,SH-105-SET,168.03,rose,199.95,EUR,https://www.rosebikes.de/p/shimano-105-di2-st-r7170-l-sti-brems-schalthebelkombination-vorderrad-mit-br-r7170-scheibenbremse-j-kit-direct-2713286
2026-08-23,SH-105-STBR,62.06,starbike,73.85,EUR,https://www.starbike.com/en/shimano-105-di2-st-r7170-shift-and-brake-dual-control-lever/
2026-08-23,SH-105-RD,15.96,bike-discount,18.99,EUR,https://www.bike-discount.de/de/shimano-achseinheit-fuer-rd-r7150-schaltwerk-halter
2026-08-23,SH-105-FD,36.56,starbike,43.51,EUR,https://www.starbike.com/en/shimano-105-di2-fd-r7150-f-front-derailleur-braze-on/
2026-08-23,SH-105-FC,44.74,starbike,53.24,EUR,https://www.starbike.com/en/shimano-105-fc-r7100-crankset-12-speed-hollowtech-black/
2026-08-23,SH-105-CS,41.97,rose,49.95,EUR,https://www.rosebikes.de/p/shimano-105-cs-r7100-12-fach-zahnkranz-2713281
2026-08-23,SH-105-CS2,47.09,hupnakolo,1374.0,CZK,https://www.hupnakolo.cz/shimano-kazeta-105-cs-hg710-12-12-rychl--11-36-z--bal/
2026-08-23,SH-105-CN,5.98,starbike,7.12,EUR,https://www.starbike.com/en/shimano-cn-m7100-12-speed-chain/
2026-08-23,SH-105-SET,366.31,starbike,435.91,EUR,https://www.starbike.com/en/shimano-105-di2-r7170-2x12-speed-flatmount-groupset-electric/
2026-08-23,SH-105-STBR,62.06,starbike,73.85,EUR,https://www.starbike.com/en/shimano-105-di2-st-r7170-shift-and-brake-dual-control-lever/
2026-08-23,SH-105-RD,15.96,bike-discount,18.99,EUR,https://www.bike-discount.de/de/shimano-achseinheit-fuer-rd-r7150-schaltwerk-halter
2026-08-23,SH-105-FD,36.56,starbike,43.51,EUR,https://www.starbike.com/en/shimano-105-di2-fd-r7150-f-front-derailleur-braze-on/
2026-08-23,SH-105-FC,44.74,starbike,53.24,EUR,https://www.starbike.com/en/shimano-105-fc-r7100-crankset-12-speed-hollowtech-black/
2026-08-23,SH-105-CS,41.97,rose,49.95,EUR,https://www.rosebikes.de/p/shimano-105-cs-r7100-12-fach-zahnkranz-2713281
2026-08-23,SH-105-CS2,47.09,hupnakolo,1374.0,CZK,https://www.hupnakolo.cz/shimano-kazeta-105-cs-hg710-12-12-rychl--11-36-z--bal/
2026-08-23,SH-105-CN,5.98,starbike,7.12,EUR,https://www.starbike.com/en/shimano-cn-m7100-12-speed-chain/
2026-08-23,SH-105-SET,366.31,starbike,435.91,EUR,https://www.starbike.com/en/shimano-105-di2-r7170-2x12-speed-flatmount-groupset-electric/
2026-08-23,SH-105-STBR,62.06,starbike,73.85,EUR,https://www.starbike.com/en/shimano-105-di2-st-r7170-shift-and-brake-dual-control-lever/
2026-08-23,SH-105-RD,126.04,bike-components,149.99,EUR,https://www.bike-components.de/en/Shimano/105-Di2-Rear-Derailleur-Shadow-RD-R7150-12-speed-p88619/
2026-08-23,SH-105-FD,36.56,starbike,43.51,EUR,https://www.starbike.com/en/shimano-105-di2-fd-r7150-f-front-derailleur-braze-on/
2026-08-23,SH-105-FC,44.74,starbike,53.24,EUR,https://www.starbike.com/en/shimano-105-fc-r7100-crankset-12-speed-hollowtech-black/
2026-08-23,SH-105-CS,41.97,rose,49.95,EUR,https://www.rosebikes.de/p/shimano-105-cs-r7100-12-fach-zahnkranz-2713281
2026-08-23,SH-105-CS2,47.09,hupnakolo,1374.0,CZK,https://www.hupnakolo.cz/shimano-kazeta-105-cs-hg710-12-12-rychl--11-36-z--bal/
2026-08-23,SH-105-CN,5.98,starbike,7.12,EUR,https://www.starbike.com/en/shimano-cn-m7100-12-speed-chain/
2026-08-23,SH-105-SET,366.31,starbike,435.91,EUR,https://www.starbike.com/en/shimano-105-di2-r7170-2x12-speed-flatmount-groupset-electric/
2026-08-23,SH-105-STBR,62.06,starbike,73.85,EUR,https://www.starbike.com/en/shimano-105-di2-st-r7170-shift-and-brake-dual-control-lever/
2026-08-23,SH-105-RD,126.04,bike-components,149.99,EUR,https://www.bike-components.de/en/Shimano/105-Di2-Rear-Derailleur-Shadow-RD-R7150-12-speed-p88619/
2026-08-23,SH-105-FD,36.56,starbike,43.51,EUR,https://www.starbike.com/en/shimano-105-di2-fd-r7150-f-front-derailleur-braze-on/
2026-08-23,SH-105-FC,44.74,starbike,53.24,EUR,https://www.starbike.com/en/shimano-105-fc-r7100-crankset-12-speed-hollowtech-black/
2026-08-23,SH-105-CS,41.97,rose,49.95,EUR,https://www.rosebikes.de/p/shimano-105-cs-r7100-12-fach-zahnkranz-2713281
2026-08-23,SH-105-CS2,47.09,hupnakolo,1374.0,CZK,https://www.hupnakolo.cz/shimano-kazeta-105-cs-hg710-12-12-rychl--11-36-z--bal/
2026-08-23,SH-105-CN,5.98,starbike,7.12,EUR,https://www.starbike.com/en/shimano-cn-m7100-12-speed-chain/
2026-08-23,SH-105-SET,366.31,starbike,435.91,EUR,https://www.starbike.com/en/shimano-105-di2-r7170-2x12-speed-flatmount-groupset-electric/
2026-08-23,SH-105-RD,126.04,bike-components,149.99,EUR,https://www.bike-components.de/en/Shimano/105-Di2-Rear-Derailleur-Shadow-RD-R7150-12-speed-p88619/
2026-08-23,SH-105-SET,671.43,bike-discount,799.0,EUR,https://www.bike-discount.de/de/shimano-105-di2-r7170-2x12-fach-gruppe-disc-top-deal
2026-08-23,SH-105-SET,671.43,bike-discount,799.0,EUR,https://www.bike-discount.de/de/shimano-105-di2-r7170-2x12-fach-gruppe-disc-top-deal
2026-08-25,SH-105-STBR,157.4,kupkolo,4590.0,CZK,https://www.kupkolo.cz/radici-a-brzdova-paka-shimano-105-di2-st-r7170-2x12_z119215/
2026-08-25,SH-105-RD,126.04,bike-components,149.99,EUR,https://www.bike-components.de/en/Shimano/105-Di2-Rear-Derailleur-Shadow-RD-R7150-12-speed-p88619/
2026-08-25,SH-105-FD,54.61,bike-components,64.99,EUR,https://www.bike-components.de/de/Shimano/105-Di2-Umwerfer-FD-R7150-2-12-fach-p88620/
2026-08-25,SH-105-FC,60.46,rose,71.95,EUR,https://www.rosebikes.de/p/shimano-105-fc-r7100-hollowtech-ii-kurbel-2-x-12-fach-5034-2701936
2026-08-25,SH-105-CS,41.97,rose,49.95,EUR,https://www.rosebikes.de/p/shimano-105-cs-r7100-12-fach-zahnkranz-2713281
2026-08-25,SH-105-CS2,47.12,hupnakolo,1374.0,CZK,https://www.hupnakolo.cz/shimano-kazeta-105-cs-hg710-12-12-rychl--11-36-z--bal/
2026-08-25,SH-105-CN,14.71,hupnakolo,429.0,CZK,https://www.hupnakolo.cz/shimano-retez-slx-cn-m7100-12rychl-116cl--s-rychlospojkou-box-20-ks/
2026-08-25,SH-105-SET,671.43,bike-discount,799.0,EUR,https://www.bike-discount.de/de/shimano-105-di2-r7170-2x12-fach-gruppe-disc-top-deal
2026-08-25,SH-ULT-STBR,234.41,rose,278.95,EUR,https://www.rosebikes.de/p/shimano-ultegra-di2-st-r8170-sti-brems-schalthebelkombination-mit-br-r8170-scheibenbremse-j-kit-direct-2700381
2026-08-25,SH-ULT-RD,1.25,bike-components,1.49,EUR,https://www.bike-components.de/en/Shimano/Adjustment-Gauge-for-RD-R9250-RD-R8150-p92737/
2026-08-25,SH-ULT-FD,134.45,bike-discount,159.99,EUR,https://www.bike-discount.de/de/shimano-ultegra-di2-fd-r8150-2x12-fach-umwerfer
2026-08-25,SH-ULT-FC,17.25,mantel,156.0,DKK,https://www.mantel.com/dk/shimano-ultegra-fc-r8100-klinge
2026-08-25,SH-ULT-FC-PM,2.16,hupnakolo,63.0,CZK,https://www.hupnakolo.cz/adapter-predni-brzdy-is-pm-203-mm/
2026-08-25,SH-ULT-CS,109.24,bike-components,129.99,EUR,https://www.bike-components.de/en/Shimano/Ultegra-Cassette-CS-R8100-Chain-CN-M8101-12-speed-Wear-Set-p213611/
2026-08-25,SH-ULT-CN,20.11,starbike,23.93,EUR,https://www.starbike.com/en/shimano-xt-cn-m8100-12-speed-chain/
2026-08-25,SH-ULT-SET,1015.7,mantel,1229.0,EUR,https://www.mantel.com/en/shimano-ultegra-r8170-di2-disc-groupset
2026-08-25,SH-ULT-SET-PM,1420.16,bike-discount,1689.99,EUR,https://www.bike-discount.de/de/shimano-ultegra-di2-r8170-p-2x12-fach-powermeter-gruppe-disc-160/160mm
2026-08-25,SH-DA-STBR,318.2,kupkolo,9279.0,CZK,https://www.kupkolo.cz/radici-a-brzdova-paka-shimano-dura-ace-di2-st-r9270-trmen-br-r9270_z123165/
2026-08-25,SH-DA-RD,1.25,bike-components,1.49,EUR,https://www.bike-components.de/en/Shimano/Adjustment-Gauge-for-RD-R9250-RD-R8150-p92737/
2026-08-25,SH-DA-FD,210.08,bike-components,249.99,EUR,https://www.bike-components.de/en/Shimano/Dura-Ace-Di2-FD-R9250-2-12-speed-Front-Derailleur-p84376/
2026-08-25,SH-DA-FC,25.87,mantel,234.0,DKK,https://www.mantel.com/dk/shimano-dura-ace-fc-r9200-klinge
2026-08-25,SH-DA-FC-PM,5.03,bike-components,5.99,EUR,https://www.bike-components.de/en/Shimano/Magnet-Set-for-FC-R9100-P-FC-R9200-P-Power-Meters-p63981/
2026-08-25,SH-DA-CS,122.65,rose,145.95,EUR,https://www.rosebikes.de/p/shimano-dura-ace-cs-r9200-12-fach-zahnkranz-11-30-2705202
2026-08-25,SH-DA-CN,31.64,starbike,37.65,EUR,https://www.starbike.com/en/shimano-xtr-cn-9100-chain/
2026-08-25,SH-DA-SET,1679.83,bike-discount,1999.0,EUR,https://www.bike-discount.de/de/shimano-dura-ace-di2-r9270-2x12-fach-gruppe-disc-140/160mm
2026-08-25,SH-X-BT-DN300,5.03,bike-discount,5.99,EUR,https://www.bike-discount.de/it/shimano-unita-adattatore-per-bt-dn300
2026-08-25,SH-X-EW-EC300,26.88,bike-components,31.99,EUR,https://www.bike-components.de/en/Shimano/USB-Charging-Cable-EW-EC300-for-BT-DN300-Di2-FC-R9200-P-Power-Meter-p84426/
2026-08-25,SH-X-RT-CL800,31.55,hupnakolo,920.0,CZK,https://www.hupnakolo.cz/brzdovy-kotouc-shimano-rt-cl800-160mm-center-lock--ice-technologies--v-krabicce/
2026-08-25,SH-X-RT-CL900,40.74,hupnakolo,1188.0,CZK,https://www.hupnakolo.cz/shimano-brzd-kotouc-ostatni-rt-cl900-center-lock-160-mm-pro-ice-tech-lock-ring--interni-/
2026-08-25,SR-RED-STBR,402.52,bike-components,479.0,EUR,https://www.bike-components.de/en/SRAM/Red-E1-AXS-HRD-Disc-Brake-with-Shift-Brake-Lever-p94400/
2026-08-25,SR-RED-RD,436.13,bike-components,519.0,EUR,https://www.bike-components.de/en/SRAM/Red-E1-AXS-12-speed-Rear-Derailleur-p94401/
2026-08-25,SR-RED-FD,5.87,bike-components,6.99,EUR,https://www.bike-components.de/en/SRAM/Adjustment-Gauge-for-Red-E1-AXS-Front-Derailleur-p94395/
2026-08-25,SR-RED-FC,251.26,bike-components,299.0,EUR,https://www.bike-components.de/en/SRAM/Red-E1-DUB-2x12-speed-Carbon-Crankset-p94131/
2026-08-25,SR-RED-FC-PM,630.24,bike-discount,749.99,EUR,https://www.bike-discount.de/de/sram-red-axs-dub-powermeter-2x12-fach-carbon-kurbel-50/37
2026-08-25,SR-RED-CS,187.75,hupnakolo,5475.0,CZK,https://www.hupnakolo.cz/sram-red-xg-1290-12rychlostni-kazeta-2/
2026-08-25,SR-RED-CN,20.13,rose,23.95,EUR,https://www.rosebikes.de/p/sram-red-22force-22-kettenblatt-859274
2026-08-25,SR-RED-SET,294.11,bike-discount,349.99,EUR,https://www.bike-discount.de/de/sram-red-axs-e1-hrd-schalt-bremshebel-kit
2026-08-25,SR-RED-SET-PM,487.39,bike-discount,579.99,EUR,https://www.bike-discount.de/de/sram-red-axs-e1-powermeter-kit
2026-08-25,SR-FORCE-STBR,43.69,bike-discount,51.99,EUR,https://www.bike-discount.de/de/sram-force-axs-e1-12-fach-schaltrollen-set
2026-08-25,SR-FORCE-RD,226.05,bike-components,269.0,EUR,https://www.bike-components.de/de/SRAM/Force-E1-AXS-Schaltwerk-12-fach-p96642/
2026-08-25,SR-FORCE-FD,139.49,bike-components,165.99,EUR,https://www.bike-components.de/en/SRAM/Force-E1-AXS-Front-Derailleur-2-speed-p96643/
2026-08-25,SR-FORCE-FC,56.29,bike-components,66.99,EUR,https://www.bike-components.de/en/SRAM/Force-AXS-2x12-Crankset-p217468/
2026-08-25,SR-FORCE-FC-PM,268.87,rose,319.95,EUR,https://www.rosebikes.de/p/sram-force-1r-axstm-power-meter-kurbel-1-x-12-fach-2718601
2026-08-25,SR-FORCE-CS,115.12,hupnakolo,3357.0,CZK,https://www.hupnakolo.cz/sram-force-xg-1270-12rychlostni-kazeta/
2026-08-25,SR-FORCE-CN,1.89,hupnakolo,55.0,CZK,https://www.hupnakolo.cz/spojka-pyc-pro-9-retez--1sada-1-blistr-6ks-spojek/
2026-08-25,SR-FORCE-SET,123.52,bike-components,146.99,EUR,https://www.bike-components.de/en/SRAM/Shift-Brake-Lever-Kit-Force-E1-Axs-Disc-p215226/
2026-08-25,SR-FORCE-SET-PM,2361.34,bike-components,2810.0,EUR,https://www.bike-components.de/de/SRAM/Force-E1-AXS-HRD-FM-Powermeter-Gruppe-2x12-fach-33-46-p218460/
2026-08-25,SR-RIVAL-STBR,16.8,bike-discount,19.99,EUR,https://www.bike-discount.de/en/sram-rival/force/red-axs-brake-caliper-service-kit
2026-08-25,SR-RIVAL-RD,163.02,bike-components,193.99,EUR,https://www.bike-components.de/en/SRAM/Rival-E1-AXS-12-speed-rear-derailleur-p96663/
2026-08-25,SR-RIVAL-FD,106.61,mantel,129.0,EUR,https://www.mantel.com/en/sram-rival-axs-e1-embargo-17-6-front-derailleur
2026-08-25,SR-RIVAL-FC,63.02,bike-components,74.99,EUR,https://www.bike-components.de/en/SRAM/Rival-DUB-2x12-speed-Crankset-p81651/
2026-08-25,SR-RIVAL-FC-PM,226.01,rose,268.95,EUR,https://www.rosebikes.de/p/sram-rival-axstm-power-meter-kurbel-2-x-12-fach-2700080
2026-08-25,SR-RIVAL-CS,71.42,bike-components,84.99,EUR,https://www.bike-components.de/en/SRAM/XG-1250-12-speed-Cassette-for-Rival-p81658/
2026-08-25,SR-RIVAL-CN,15.92,rose,18.95,EUR,https://www.rosebikes.de/p/sram-rival-2-x-12-fach-axs-kettenblatt-innen-2699864
2026-08-25,SR-RIVAL-SET,18.83,kupkolo,549.0,CZK,https://www.kupkolo.cz/servisni-sada-pro-sram-brzdovy-trmen-rival-axs_z122150/
2026-08-25,SR-RIVAL-SET-PM,1462.18,bike-components,1740.0,EUR,https://www.bike-components.de/de/SRAM/Rival-E1-AXS-HRD-FM-Powermeter-Gruppe-2x12-fach-35-48-p218860/
2026-08-25,SR-FORCE-D2-SET,16.8,bike-discount,19.99,EUR,https://www.bike-discount.de/en/sram-rival/force/red-axs-brake-caliper-service-kit
2026-08-25,SR-RIVAL-D1-SET,5.45,bike-components,6.49,EUR,https://www.bike-components.de/en/SRAM/Mounting-Adjustment-Bolt-Kit-for-Rival-eTap-AXS-Rear-Derailleur-p81638/
2026-08-25,SR-RED-D1-SET,4.19,bike-components,4.99,EUR,https://www.bike-components.de/en/SRAM/Pushrod-Kit-for-Red-eTap-AXS-E1-p96247/
2026-08-25,SR-X-BATTERY,38.72,kupkolo,1129.0,CZK,https://www.kupkolo.cz/sram-baterie-etap-axs-pro-prehazovacku-nebo-presmykac-1kus_z100168/
2026-08-25,SR-X-CHARGER,38.8,mantel,46.95,EUR,https://www.mantel.com/en/sram-etap-axs-battery-charger
2026-08-25,SR-X-PACELINE-160,30.31,hupnakolo,884.0,CZK,https://www.hupnakolo.cz/00-5018-248-001-sram-am-db-rotor-cl-paceline-160-roundedlr-a2/
2026-08-26,SH-105-STBR,157.41,kupkolo,4590.0,CZK,https://www.kupkolo.cz/radici-a-brzdova-paka-shimano-105-di2-st-r7170-2x12_z119215/
2026-08-26,SH-105-RD,126.04,bike-components,149.99,EUR,https://www.bike-components.de/en/Shimano/105-Di2-Rear-Derailleur-Shadow-RD-R7150-12-speed-p88619/
2026-08-26,SH-105-FD,54.61,bike-components,64.99,EUR,https://www.bike-components.de/de/Shimano/105-Di2-Umwerfer-FD-R7150-2-12-fach-p88620/
2026-08-26,SH-105-FC,60.46,rose,71.95,EUR,https://www.rosebikes.de/p/shimano-105-fc-r7100-hollowtech-ii-kurbel-2-x-12-fach-5034-2701936
2026-08-26,SH-105-CS,41.97,rose,49.95,EUR,https://www.rosebikes.de/p/shimano-105-cs-r7100-12-fach-zahnkranz-2713281
2026-08-26,SH-105-CS2,47.12,hupnakolo,1374.0,CZK,https://www.hupnakolo.cz/shimano-kazeta-105-cs-hg710-12-12-rychl--11-36-z--bal/
2026-08-26,SH-105-CN,14.71,hupnakolo,429.0,CZK,https://www.hupnakolo.cz/shimano-retez-slx-cn-m7100-12rychl-116cl--s-rychlospojkou-box-20-ks/
2026-08-26,SH-105-SET,671.43,bike-discount,799.0,EUR,https://www.bike-discount.de/de/shimano-105-di2-r7170-2x12-fach-gruppe-disc-top-deal
2026-08-26,SH-ULT-STBR,234.41,rose,278.95,EUR,https://www.rosebikes.de/p/shimano-ultegra-di2-st-r8170-sti-brems-schalthebelkombination-mit-br-r8170-scheibenbremse-j-kit-direct-2700381
2026-08-26,SH-ULT-RD,1.25,bike-components,1.49,EUR,https://www.bike-components.de/en/Shimano/Adjustment-Gauge-for-RD-R9250-RD-R8150-p92737/
2026-08-26,SH-ULT-FD,134.45,bike-discount,159.99,EUR,https://www.bike-discount.de/de/shimano-ultegra-di2-fd-r8150-2x12-fach-umwerfer
2026-08-26,SH-ULT-FC,17.25,mantel,156.0,DKK,https://www.mantel.com/dk/shimano-ultegra-fc-r8100-klinge
2026-08-26,SH-ULT-FC-PM,2.16,hupnakolo,63.0,CZK,https://www.hupnakolo.cz/adapter-predni-brzdy-is-pm-203-mm/
2026-08-26,SH-ULT-CS,109.24,bike-components,129.99,EUR,https://www.bike-components.de/en/Shimano/Ultegra-Cassette-CS-R8100-Chain-CN-M8101-12-speed-Wear-Set-p213611/
2026-08-26,SH-ULT-CN,20.11,starbike,23.93,EUR,https://www.starbike.com/en/shimano-xt-cn-m8100-12-speed-chain/
2026-08-26,SH-ULT-SET,1015.7,mantel,1229.0,EUR,https://www.mantel.com/en/shimano-ultegra-r8170-di2-disc-groupset
2026-08-26,SH-ULT-SET-PM,1420.16,bike-discount,1689.99,EUR,https://www.bike-discount.de/de/shimano-ultegra-di2-r8170-p-2x12-fach-powermeter-gruppe-disc-160/160mm
2026-08-26,SH-DA-STBR,318.21,kupkolo,9279.0,CZK,https://www.kupkolo.cz/radici-a-brzdova-paka-shimano-dura-ace-di2-st-r9270-trmen-br-r9270_z123165/
2026-08-26,SH-DA-RD,1.25,bike-components,1.49,EUR,https://www.bike-components.de/en/Shimano/Adjustment-Gauge-for-RD-R9250-RD-R8150-p92737/
2026-08-26,SH-DA-FD,210.08,bike-components,249.99,EUR,https://www.bike-components.de/en/Shimano/Dura-Ace-Di2-FD-R9250-2-12-speed-Front-Derailleur-p84376/
2026-08-26,SH-DA-FC,25.87,mantel,234.0,DKK,https://www.mantel.com/dk/shimano-dura-ace-fc-r9200-klinge
2026-08-26,SH-DA-FC-PM,5.03,bike-components,5.99,EUR,https://www.bike-components.de/en/Shimano/Magnet-Set-for-FC-R9100-P-FC-R9200-P-Power-Meters-p63981/
2026-08-26,SH-DA-CS,122.65,rose,145.95,EUR,https://www.rosebikes.de/p/shimano-dura-ace-cs-r9200-12-fach-zahnkranz-11-30-2705202
2026-08-26,SH-DA-CN,31.64,starbike,37.65,EUR,https://www.starbike.com/en/shimano-xtr-cn-9100-chain/
2026-08-26,SH-DA-SET,1679.83,bike-discount,1999.0,EUR,https://www.bike-discount.de/de/shimano-dura-ace-di2-r9270-2x12-fach-gruppe-disc-140/160mm
2026-08-26,SH-X-BT-DN300,5.03,bike-discount,5.99,EUR,https://www.bike-discount.de/it/shimano-unita-adattatore-per-bt-dn300
2026-08-26,SH-X-EW-EC300,26.88,bike-components,31.99,EUR,https://www.bike-components.de/en/Shimano/USB-Charging-Cable-EW-EC300-for-BT-DN300-Di2-FC-R9200-P-Power-Meter-p84426/
2026-08-26,SH-X-RT-CL800,33.16,hupnakolo,967.0,CZK,https://www.hupnakolo.cz/brzdovy-kotouc-shimano-rt-cl800-160mm-center-lock--ice-technologies--v-krabicce/
2026-08-26,SH-X-RT-CL900,40.74,hupnakolo,1188.0,CZK,https://www.hupnakolo.cz/shimano-brzd-kotouc-ostatni-rt-cl900-center-lock-160-mm-pro-ice-tech-lock-ring--interni-/
2026-08-26,SR-RED-STBR,402.52,bike-components,479.0,EUR,https://www.bike-components.de/en/SRAM/Red-E1-AXS-HRD-Disc-Brake-with-Shift-Brake-Lever-p94400/
2026-08-26,SR-RED-RD,436.13,bike-components,519.0,EUR,https://www.bike-components.de/en/SRAM/Red-E1-AXS-12-speed-Rear-Derailleur-p94401/
2026-08-26,SR-RED-FD,5.87,bike-components,6.99,EUR,https://www.bike-components.de/en/SRAM/Adjustment-Gauge-for-Red-E1-AXS-Front-Derailleur-p94395/
2026-08-26,SR-RED-FC,251.26,bike-components,299.0,EUR,https://www.bike-components.de/en/SRAM/Red-E1-DUB-2x12-speed-Carbon-Crankset-p94131/
2026-08-26,SR-RED-FC-PM,630.24,bike-discount,749.99,EUR,https://www.bike-discount.de/de/sram-red-axs-dub-powermeter-2x12-fach-carbon-kurbel-50/37
2026-08-26,SR-RED-CS,187.76,hupnakolo,5475.0,CZK,https://www.hupnakolo.cz/sram-red-xg-1290-12rychlostni-kazeta-2/
2026-08-26,SR-RED-CN,20.13,rose,23.95,EUR,https://www.rosebikes.de/p/sram-red-22force-22-kettenblatt-859274
2026-08-26,SR-RED-SET,294.11,bike-discount,349.99,EUR,https://www.bike-discount.de/de/sram-red-axs-e1-hrd-schalt-bremshebel-kit
2026-08-26,SR-RED-SET-PM,487.39,bike-discount,579.99,EUR,https://www.bike-discount.de/de/sram-red-axs-e1-powermeter-kit
2026-08-26,SR-FORCE-STBR,43.69,bike-discount,51.99,EUR,https://www.bike-discount.de/de/sram-force-axs-e1-12-fach-schaltrollen-set
2026-08-26,SR-FORCE-RD,226.05,bike-components,269.0,EUR,https://www.bike-components.de/de/SRAM/Force-E1-AXS-Schaltwerk-12-fach-p96642/
2026-08-26,SR-FORCE-FD,139.49,bike-components,165.99,EUR,https://www.bike-components.de/en/SRAM/Force-E1-AXS-Front-Derailleur-2-speed-p96643/
2026-08-26,SR-FORCE-FC,56.29,bike-components,66.99,EUR,https://www.bike-components.de/en/SRAM/Force-AXS-2x12-Crankset-p217468/
2026-08-26,SR-FORCE-FC-PM,268.87,rose,319.95,EUR,https://www.rosebikes.de/p/sram-force-1r-axstm-power-meter-kurbel-1-x-12-fach-2718601
2026-08-26,SR-FORCE-CS,115.12,hupnakolo,3357.0,CZK,https://www.hupnakolo.cz/sram-force-xg-1270-12rychlostni-kazeta/
2026-08-26,SR-FORCE-CN,1.89,hupnakolo,55.0,CZK,https://www.hupnakolo.cz/spojka-pyc-pro-9-retez--1sada-1-blistr-6ks-spojek/
2026-08-26,SR-FORCE-SET,123.52,bike-components,146.99,EUR,https://www.bike-components.de/en/SRAM/Shift-Brake-Lever-Kit-Force-E1-Axs-Disc-p215226/
2026-08-26,SR-FORCE-SET-PM,2361.34,bike-components,2810.0,EUR,https://www.bike-components.de/de/SRAM/Force-E1-AXS-HRD-FM-Powermeter-Gruppe-2x12-fach-33-46-p218460/
2026-08-26,SR-RIVAL-STBR,16.8,bike-discount,19.99,EUR,https://www.bike-discount.de/en/sram-rival/force/red-axs-brake-caliper-service-kit
2026-08-26,SR-RIVAL-RD,163.02,bike-components,193.99,EUR,https://www.bike-components.de/en/SRAM/Rival-E1-AXS-12-speed-rear-derailleur-p96663/
2026-08-26,SR-RIVAL-FD,106.61,mantel,129.0,EUR,https://www.mantel.com/en/sram-rival-axs-e1-embargo-17-6-front-derailleur
2026-08-26,SR-RIVAL-FC,60.5,bike-components,71.99,EUR,https://www.bike-components.de/en/SRAM/Rival-DUB-2x12-speed-Crankset-p81651/
2026-08-26,SR-RIVAL-FC-PM,226.01,rose,268.95,EUR,https://www.rosebikes.de/p/sram-rival-axstm-power-meter-kurbel-2-x-12-fach-2700080
2026-08-26,SR-RIVAL-CS,71.42,bike-components,84.99,EUR,https://www.bike-components.de/en/SRAM/XG-1250-12-speed-Cassette-for-Rival-p81658/
2026-08-26,SR-RIVAL-CN,15.92,rose,18.95,EUR,https://www.rosebikes.de/p/sram-rival-2-x-12-fach-axs-kettenblatt-innen-2699864
2026-08-26,SR-RIVAL-SET,18.83,kupkolo,549.0,CZK,https://www.kupkolo.cz/servisni-sada-pro-sram-brzdovy-trmen-rival-axs_z122150/
2026-08-26,SR-RIVAL-SET-PM,1462.18,bike-components,1740.0,EUR,https://www.bike-components.de/de/SRAM/Rival-E1-AXS-HRD-FM-Powermeter-Gruppe-2x12-fach-35-48-p218860/
2026-08-26,SR-FORCE-D2-SET,16.8,bike-discount,19.99,EUR,https://www.bike-discount.de/en/sram-rival/force/red-axs-brake-caliper-service-kit
2026-08-26,SR-RIVAL-D1-SET,5.45,bike-components,6.49,EUR,https://www.bike-components.de/en/SRAM/Mounting-Adjustment-Bolt-Kit-for-Rival-eTap-AXS-Rear-Derailleur-p81638/
2026-08-26,SR-RED-D1-SET,4.19,bike-components,4.99,EUR,https://www.bike-components.de/en/SRAM/Pushrod-Kit-for-Red-eTap-AXS-E1-p96247/
2026-08-26,SR-X-BATTERY,38.72,kupkolo,1129.0,CZK,https://www.kupkolo.cz/sram-baterie-etap-axs-pro-prehazovacku-nebo-presmykac-1kus_z100168/
2026-08-26,SR-X-CHARGER,34.67,mantel,41.95,EUR,https://www.mantel.com/en/sram-etap-axs-battery-charger
2026-08-26,SR-X-PACELINE-160,30.32,hupnakolo,884.0,CZK,https://www.hupnakolo.cz/00-5018-248-001-sram-am-db-rotor-cl-paceline-160-roundedlr-a2/
2026-08-26,SR-X-PACELINE-X-160,46.64,hupnakolo,1360.0,CZK,https://www.hupnakolo.cz/sram-paceline-x-center-lock-160-mm---dvoudilny-brzdovy-kotouc-rounded-edges/
2026-08-27,SH-105-STBR,157.15,kupkolo,4590.0,CZK,https://www.kupkolo.cz/radici-a-brzdova-paka-shimano-105-di2-st-r7170-2x12_z119215/
2026-08-27,SH-105-RD,126.04,bike-components,149.99,EUR,https://www.bike-components.de/en/Shimano/105-Di2-Rear-Derailleur-Shadow-RD-R7150-12-speed-p88619/
2026-08-27,SH-105-FD,54.61,bike-components,64.99,EUR,https://www.bike-components.de/de/Shimano/105-Di2-Umwerfer-FD-R7150-2-12-fach-p88620/
2026-08-27,SH-105-FC,60.46,rose,71.95,EUR,https://www.rosebikes.de/p/shimano-105-fc-r7100-hollowtech-ii-kurbel-2-x-12-fach-5034-2701936
2026-08-27,SH-105-CS,41.97,rose,49.95,EUR,https://www.rosebikes.de/p/shimano-105-cs-r7100-12-fach-zahnkranz-2713281
2026-08-27,SH-105-CS2,47.04,hupnakolo,1374.0,CZK,https://www.hupnakolo.cz/shimano-kazeta-105-cs-hg710-12-12-rychl--11-36-z--bal/
2026-08-27,SH-105-CN,14.69,hupnakolo,429.0,CZK,https://www.hupnakolo.cz/shimano-retez-slx-cn-m7100-12rychl-116cl--s-rychlospojkou-box-20-ks/
2026-08-27,SH-105-SET,671.43,bike-discount,799.0,EUR,https://www.bike-discount.de/de/shimano-105-di2-r7170-2x12-fach-gruppe-disc-top-deal
2026-08-27,SH-ULT-STBR,234.41,rose,278.95,EUR,https://www.rosebikes.de/p/shimano-ultegra-di2-st-r8170-sti-brems-schalthebelkombination-mit-br-r8170-scheibenbremse-j-kit-direct-2700381
2026-08-27,SH-ULT-RD,1.25,bike-components,1.49,EUR,https://www.bike-components.de/en/Shimano/Adjustment-Gauge-for-RD-R9250-RD-R8150-p92737/
2026-08-27,SH-ULT-FD,134.45,bike-discount,159.99,EUR,https://www.bike-discount.de/de/shimano-ultegra-di2-fd-r8150-2x12-fach-umwerfer
2026-08-27,SH-ULT-FC,17.25,mantel,156.0,DKK,https://www.mantel.com/dk/shimano-ultegra-fc-r8100-klinge
2026-08-27,SH-ULT-FC-PM,2.16,hupnakolo,63.0,CZK,https://www.hupnakolo.cz/adapter-predni-brzdy-is-pm-203-mm/
2026-08-27,SH-ULT-CS,109.24,bike-components,129.99,EUR,https://www.bike-components.de/en/Shimano/Ultegra-Cassette-CS-R8100-Chain-CN-M8101-12-speed-Wear-Set-p213611/
2026-08-27,SH-ULT-CN,20.11,starbike,23.93,EUR,https://www.starbike.com/en/shimano-xt-cn-m8100-12-speed-chain/
2026-08-27,SH-ULT-SET,1015.7,mantel,1229.0,EUR,https://www.mantel.com/en/shimano-ultegra-r8170-di2-disc-groupset
2026-08-27,SH-ULT-SET-PM,1420.16,bike-discount,1689.99,EUR,https://www.bike-discount.de/de/shimano-ultegra-di2-r8170-p-2x12-fach-powermeter-gruppe-disc-160/160mm
2026-08-27,SH-DA-STBR,317.68,kupkolo,9279.0,CZK,https://www.kupkolo.cz/radici-a-brzdova-paka-shimano-dura-ace-di2-st-r9270-trmen-br-r9270_z123165/
2026-08-27,SH-DA-RD,1.25,bike-components,1.49,EUR,https://www.bike-components.de/en/Shimano/Adjustment-Gauge-for-RD-R9250-RD-R8150-p92737/
2026-08-27,SH-DA-FD,210.08,bike-components,249.99,EUR,https://www.bike-components.de/en/Shimano/Dura-Ace-Di2-FD-R9250-2-12-speed-Front-Derailleur-p84376/
2026-08-27,SH-DA-FC,25.87,mantel,234.0,DKK,https://www.mantel.com/dk/shimano-dura-ace-fc-r9200-klinge
2026-08-27,SH-DA-FC-PM,5.03,bike-components,5.99,EUR,https://www.bike-components.de/en/Shimano/Magnet-Set-for-FC-R9100-P-FC-R9200-P-Power-Meters-p63981/
2026-08-27,SH-DA-CS,122.65,rose,145.95,EUR,https://www.rosebikes.de/p/shimano-dura-ace-cs-r9200-12-fach-zahnkranz-11-30-2705202
2026-08-27,SH-DA-CN,31.64,starbike,37.65,EUR,https://www.starbike.com/en/shimano-xtr-cn-9100-chain/
2026-08-27,SH-DA-SET,1679.83,bike-discount,1999.0,EUR,https://www.bike-discount.de/de/shimano-dura-ace-di2-r9270-2x12-fach-gruppe-disc-140/160mm
2026-08-27,SH-X-BT-DN300,5.03,bike-discount,5.99,EUR,https://www.bike-discount.de/it/shimano-unita-adattatore-per-bt-dn300
2026-08-27,SH-X-EW-EC300,26.88,bike-components,31.99,EUR,https://www.bike-components.de/en/Shimano/USB-Charging-Cable-EW-EC300-for-BT-DN300-Di2-FC-R9200-P-Power-Meter-p84426/
2026-08-27,SH-X-RT-CL800,31.5,hupnakolo,920.0,CZK,https://www.hupnakolo.cz/brzdovy-kotouc-shimano-rt-cl800-160mm-center-lock--ice-technologies--v-krabicce/
2026-08-27,SH-X-RT-CL900,40.67,hupnakolo,1188.0,CZK,https://www.hupnakolo.cz/shimano-brzd-kotouc-ostatni-rt-cl900-center-lock-160-mm-pro-ice-tech-lock-ring--interni-/
2026-08-27,SR-RED-STBR,402.52,bike-components,479.0,EUR,https://www.bike-components.de/en/SRAM/Red-E1-AXS-HRD-Disc-Brake-with-Shift-Brake-Lever-p94400/
2026-08-27,SR-RED-RD,436.13,bike-components,519.0,EUR,https://www.bike-components.de/en/SRAM/Red-E1-AXS-12-speed-Rear-Derailleur-p94401/
2026-08-27,SR-RED-FD,5.87,bike-components,6.99,EUR,https://www.bike-components.de/en/SRAM/Adjustment-Gauge-for-Red-E1-AXS-Front-Derailleur-p94395/
2026-08-27,SR-RED-FC,251.26,bike-components,299.0,EUR,https://www.bike-components.de/en/SRAM/Red-E1-DUB-2x12-speed-Carbon-Crankset-p94131/
2026-08-27,SR-RED-FC-PM,630.24,bike-discount,749.99,EUR,https://www.bike-discount.de/de/sram-red-axs-dub-powermeter-2x12-fach-carbon-kurbel-50/37
2026-08-27,SR-RED-CS,187.45,hupnakolo,5475.0,CZK,https://www.hupnakolo.cz/sram-red-xg-1290-12rychlostni-kazeta-2/
2026-08-27,SR-RED-CN,20.13,rose,23.95,EUR,https://www.rosebikes.de/p/sram-red-22force-22-kettenblatt-859274
2026-08-27,SR-RED-SET,294.11,bike-discount,349.99,EUR,https://www.bike-discount.de/de/sram-red-axs-e1-hrd-schalt-bremshebel-kit
2026-08-27,SR-RED-SET-PM,487.39,bike-discount,579.99,EUR,https://www.bike-discount.de/de/sram-red-axs-e1-powermeter-kit
2026-08-27,SR-FORCE-STBR,43.69,bike-discount,51.99,EUR,https://www.bike-discount.de/de/sram-force-axs-e1-12-fach-schaltrollen-set
2026-08-27,SR-FORCE-RD,226.05,bike-components,269.0,EUR,https://www.bike-components.de/de/SRAM/Force-E1-AXS-Schaltwerk-12-fach-p96642/
2026-08-27,SR-FORCE-FD,139.49,bike-components,165.99,EUR,https://www.bike-components.de/en/SRAM/Force-E1-AXS-Front-Derailleur-2-speed-p96643/
2026-08-27,SR-FORCE-FC,56.29,bike-components,66.99,EUR,https://www.bike-components.de/en/SRAM/Force-AXS-2x12-Crankset-p217468/
2026-08-27,SR-FORCE-FC-PM,268.87,rose,319.95,EUR,https://www.rosebikes.de/p/sram-force-1r-axstm-power-meter-kurbel-1-x-12-fach-2718601
2026-08-27,SR-FORCE-CS,109.24,bike-components,129.99,EUR,https://www.bike-components.de/en/SRAM/Force-XG-1270-E1-12-speed-cassette-p96652/
2026-08-27,SR-FORCE-CN,1.88,hupnakolo,55.0,CZK,https://www.hupnakolo.cz/spojka-pyc-pro-9-retez--1sada-1-blistr-6ks-spojek/
2026-08-27,SR-FORCE-SET,123.52,bike-components,146.99,EUR,https://www.bike-components.de/en/SRAM/Shift-Brake-Lever-Kit-Force-E1-Axs-Disc-p215226/
2026-08-27,SR-FORCE-SET-PM,2361.34,bike-components,2810.0,EUR,https://www.bike-components.de/de/SRAM/Force-E1-AXS-HRD-FM-Powermeter-Gruppe-2x12-fach-33-46-p218460/
2026-08-27,SR-RIVAL-STBR,16.8,bike-discount,19.99,EUR,https://www.bike-discount.de/en/sram-rival/force/red-axs-brake-caliper-service-kit
2026-08-27,SR-RIVAL-RD,163.02,bike-components,193.99,EUR,https://www.bike-components.de/en/SRAM/Rival-E1-AXS-12-speed-rear-derailleur-p96663/
2026-08-27,SR-RIVAL-FD,106.61,mantel,129.0,EUR,https://www.mantel.com/en/sram-rival-axs-e1-embargo-17-6-front-derailleur
2026-08-27,SR-RIVAL-FC,60.5,bike-components,71.99,EUR,https://www.bike-components.de/en/SRAM/Rival-DUB-2x12-speed-Crankset-p81651/
2026-08-27,SR-RIVAL-FC-PM,184.83,rose,219.95,EUR,https://www.rosebikes.de/p/sram-rival-axstm-power-meter-kurbel-2-x-12-fach-2700080
2026-08-27,SR-RIVAL-CS,71.42,bike-components,84.99,EUR,https://www.bike-components.de/en/SRAM/XG-1250-12-speed-Cassette-for-Rival-p81658/
2026-08-27,SR-RIVAL-CN,15.92,rose,18.95,EUR,https://www.rosebikes.de/p/sram-rival-2-x-12-fach-axs-kettenblatt-innen-2699864
2026-08-27,SR-RIVAL-SET,18.8,kupkolo,549.0,CZK,https://www.kupkolo.cz/servisni-sada-pro-sram-brzdovy-trmen-rival-axs_z122150/
2026-08-27,SR-RIVAL-SET-PM,1462.18,bike-components,1740.0,EUR,https://www.bike-components.de/de/SRAM/Rival-E1-AXS-HRD-FM-Powermeter-Gruppe-2x12-fach-35-48-p218860/
2026-08-27,SR-FORCE-D2-SET,16.8,bike-discount,19.99,EUR,https://www.bike-discount.de/en/sram-rival/force/red-axs-brake-caliper-service-kit
2026-08-27,SR-RIVAL-D1-SET,5.45,bike-components,6.49,EUR,https://www.bike-components.de/en/SRAM/Mounting-Adjustment-Bolt-Kit-for-Rival-eTap-AXS-Rear-Derailleur-p81638/
2026-08-27,SR-RED-D1-SET,4.19,bike-components,4.99,EUR,https://www.bike-components.de/en/SRAM/Pushrod-Kit-for-Red-eTap-AXS-E1-p96247/
2026-08-27,SR-X-BATTERY,38.65,kupkolo,1129.0,CZK,https://www.kupkolo.cz/sram-baterie-etap-axs-pro-prehazovacku-nebo-presmykac-1kus_z100168/
2026-08-27,SR-X-CHARGER,34.67,mantel,41.95,EUR,https://www.mantel.com/en/sram-etap-axs-battery-charger
2026-08-27,SR-X-PACELINE-160,30.27,hupnakolo,884.0,CZK,https://www.hupnakolo.cz/00-5018-248-001-sram-am-db-rotor-cl-paceline-160-roundedlr-a2/
2026-08-27,SR-X-PACELINE-X-160,45.81,hupnakolo,1338.0,CZK,https://www.hupnakolo.cz/sram-paceline-x-center-lock-160-mm---dvoudilny-brzdovy-kotouc-rounded-edges/
2026-08-28,SH-105-STBR,157.09,kupkolo,4590.0,CZK,https://www.kupkolo.cz/radici-a-brzdova-paka-shimano-105-di2-st-r7170-2x12_z119215/
2026-08-28,SH-105-RD,126.04,bike-components,149.99,EUR,https://www.bike-components.de/en/Shimano/105-Di2-Rear-Derailleur-Shadow-RD-R7150-12-speed-p88619/
2026-08-28,SH-105-FD,54.61,bike-components,64.99,EUR,https://www.bike-components.de/de/Shimano/105-Di2-Umwerfer-FD-R7150-2-12-fach-p88620/
2026-08-28,SH-105-FC,60.46,rose,71.95,EUR,https://www.rosebikes.de/p/shimano-105-fc-r7100-hollowtech-ii-kurbel-2-x-12-fach-5034-2701936
2026-08-28,SH-105-CS,41.97,rose,49.95,EUR,https://www.rosebikes.de/p/shimano-105-cs-r7100-12-fach-zahnkranz-2713281
2026-08-28,SH-105-CS2,47.02,hupnakolo,1374.0,CZK,https://www.hupnakolo.cz/shimano-kazeta-105-cs-hg710-12-12-rychl--11-36-z--bal/
2026-08-28,SH-105-CN,14.68,hupnakolo,429.0,CZK,https://www.hupnakolo.cz/shimano-retez-slx-cn-m7100-12rychl-116cl--s-rychlospojkou-box-20-ks/
2026-08-28,SH-105-SET,671.43,bike-discount,799.0,EUR,https://www.bike-discount.de/de/shimano-105-di2-r7170-2x12-fach-gruppe-disc-top-deal
2026-08-28,SH-ULT-STBR,234.41,rose,278.95,EUR,https://www.rosebikes.de/p/shimano-ultegra-di2-st-r8170-sti-brems-schalthebelkombination-mit-br-r8170-scheibenbremse-j-kit-direct-2700381
2026-08-28,SH-ULT-RD,1.25,bike-components,1.49,EUR,https://www.bike-components.de/en/Shimano/Adjustment-Gauge-for-RD-R9250-RD-R8150-p92737/
2026-08-28,SH-ULT-FD,134.45,bike-discount,159.99,EUR,https://www.bike-discount.de/de/shimano-ultegra-di2-fd-r8150-2x12-fach-umwerfer
2026-08-28,SH-ULT-FC,17.25,mantel,156.0,DKK,https://www.mantel.com/dk/shimano-ultegra-fc-r8100-klinge
2026-08-28,SH-ULT-FC-PM,2.16,hupnakolo,63.0,CZK,https://www.hupnakolo.cz/adapter-predni-brzdy-is-pm-203-mm/
2026-08-28,SH-ULT-CS,109.24,bike-components,129.99,EUR,https://www.bike-components.de/en/Shimano/Ultegra-Cassette-CS-R8100-Chain-CN-M8101-12-speed-Wear-Set-p213611/
2026-08-28,SH-ULT-CN,20.11,starbike,23.93,EUR,https://www.starbike.com/en/shimano-xt-cn-m8100-12-speed-chain/
2026-08-28,SH-ULT-SET,1015.7,mantel,1229.0,EUR,https://www.mantel.com/en/shimano-ultegra-r8170-di2-disc-groupset
2026-08-28,SH-ULT-SET-PM,1420.16,bike-discount,1689.99,EUR,https://www.bike-discount.de/de/shimano-ultegra-di2-r8170-p-2x12-fach-powermeter-gruppe-disc-160/160mm
2026-08-28,SH-DA-STBR,317.57,kupkolo,9279.0,CZK,https://www.kupkolo.cz/radici-a-brzdova-paka-shimano-dura-ace-di2-st-r9270-trmen-br-r9270_z123165/
2026-08-28,SH-DA-RD,1.25,bike-components,1.49,EUR,https://www.bike-components.de/en/Shimano/Adjustment-Gauge-for-RD-R9250-RD-R8150-p92737/
2026-08-28,SH-DA-FD,210.08,bike-components,249.99,EUR,https://www.bike-components.de/en/Shimano/Dura-Ace-Di2-FD-R9250-2-12-speed-Front-Derailleur-p84376/
2026-08-28,SH-DA-FC,25.87,mantel,234.0,DKK,https://www.mantel.com/dk/shimano-dura-ace-fc-r9200-klinge
2026-08-28,SH-DA-FC-PM,5.03,bike-components,5.99,EUR,https://www.bike-components.de/en/Shimano/Magnet-Set-for-FC-R9100-P-FC-R9200-P-Power-Meters-p63981/
2026-08-28,SH-DA-CS,122.65,rose,145.95,EUR,https://www.rosebikes.de/p/shimano-dura-ace-cs-r9200-12-fach-zahnkranz-11-30-2705202
2026-08-28,SH-DA-CN,31.64,starbike,37.65,EUR,https://www.starbike.com/en/shimano-xtr-cn-9100-chain/
2026-08-28,SH-DA-SET,1679.83,bike-discount,1999.0,EUR,https://www.bike-discount.de/de/shimano-dura-ace-di2-r9270-2x12-fach-gruppe-disc-140/160mm
2026-08-28,SH-X-BT-DN300,5.03,bike-discount,5.99,EUR,https://www.bike-discount.de/it/shimano-unita-adattatore-per-bt-dn300
2026-08-28,SH-X-EW-EC300,26.88,bike-components,31.99,EUR,https://www.bike-components.de/en/Shimano/USB-Charging-Cable-EW-EC300-for-BT-DN300-Di2-FC-R9200-P-Power-Meter-p84426/
2026-08-28,SH-X-RT-CL800,31.49,hupnakolo,920.0,CZK,https://www.hupnakolo.cz/brzdovy-kotouc-shimano-rt-cl800-160mm-center-lock--ice-technologies--v-krabicce/
2026-08-28,SH-X-RT-CL900,40.66,hupnakolo,1188.0,CZK,https://www.hupnakolo.cz/shimano-brzd-kotouc-ostatni-rt-cl900-center-lock-160-mm-pro-ice-tech-lock-ring--interni-/
2026-08-28,SR-RED-STBR,402.52,bike-components,479.0,EUR,https://www.bike-components.de/en/SRAM/Red-E1-AXS-HRD-Disc-Brake-with-Shift-Brake-Lever-p94400/
2026-08-28,SR-RED-RD,436.13,bike-components,519.0,EUR,https://www.bike-components.de/en/SRAM/Red-E1-AXS-12-speed-Rear-Derailleur-p94401/
2026-08-28,SR-RED-FD,5.87,bike-components,6.99,EUR,https://www.bike-components.de/en/SRAM/Adjustment-Gauge-for-Red-E1-AXS-Front-Derailleur-p94395/
2026-08-28,SR-RED-FC,251.26,bike-components,299.0,EUR,https://www.bike-components.de/en/SRAM/Red-E1-DUB-2x12-speed-Carbon-Crankset-p94131/
2026-08-28,SR-RED-FC-PM,630.24,bike-discount,749.99,EUR,https://www.bike-discount.de/de/sram-red-axs-dub-powermeter-2x12-fach-carbon-kurbel-50/37
2026-08-28,SR-RED-CS,187.38,hupnakolo,5475.0,CZK,https://www.hupnakolo.cz/sram-red-xg-1290-12rychlostni-kazeta-2/
2026-08-28,SR-RED-CN,20.13,rose,23.95,EUR,https://www.rosebikes.de/p/sram-red-22force-22-kettenblatt-859274
2026-08-28,SR-RED-SET,294.11,bike-discount,349.99,EUR,https://www.bike-discount.de/de/sram-red-axs-e1-hrd-schalt-bremshebel-kit
2026-08-28,SR-RED-SET-PM,487.39,bike-discount,579.99,EUR,https://www.bike-discount.de/de/sram-red-axs-e1-powermeter-kit
2026-08-28,SR-FORCE-STBR,43.69,bike-discount,51.99,EUR,https://www.bike-discount.de/de/sram-force-axs-e1-12-fach-schaltrollen-set
2026-08-28,SR-FORCE-RD,226.05,bike-components,269.0,EUR,https://www.bike-components.de/de/SRAM/Force-E1-AXS-Schaltwerk-12-fach-p96642/
2026-08-28,SR-FORCE-FD,139.49,bike-components,165.99,EUR,https://www.bike-components.de/en/SRAM/Force-E1-AXS-Front-Derailleur-2-speed-p96643/
2026-08-28,SR-FORCE-FC,56.29,bike-components,66.99,EUR,https://www.bike-components.de/en/SRAM/Force-AXS-2x12-Crankset-p217468/
2026-08-28,SR-FORCE-FC-PM,268.87,rose,319.95,EUR,https://www.rosebikes.de/p/sram-force-1r-axstm-power-meter-kurbel-1-x-12-fach-2718601
2026-08-28,SR-FORCE-CS,109.24,bike-components,129.99,EUR,https://www.bike-components.de/en/SRAM/Force-XG-1270-E1-12-speed-cassette-p96652/
2026-08-28,SR-FORCE-CN,1.88,hupnakolo,55.0,CZK,https://www.hupnakolo.cz/spojka-pyc-pro-9-retez--1sada-1-blistr-6ks-spojek/
2026-08-28,SR-FORCE-SET,123.52,bike-components,146.99,EUR,https://www.bike-components.de/en/SRAM/Shift-Brake-Lever-Kit-Force-E1-Axs-Disc-p215226/
2026-08-28,SR-FORCE-SET-PM,2361.34,bike-components,2810.0,EUR,https://www.bike-components.de/de/SRAM/Force-E1-AXS-HRD-FM-Powermeter-Gruppe-2x12-fach-33-46-p218460/
2026-08-28,SR-RIVAL-STBR,16.8,bike-discount,19.99,EUR,https://www.bike-discount.de/en/sram-rival/force/red-axs-brake-caliper-service-kit
2026-08-28,SR-RIVAL-RD,163.02,bike-components,193.99,EUR,https://www.bike-components.de/en/SRAM/Rival-E1-AXS-12-speed-rear-derailleur-p96663/
2026-08-28,SR-RIVAL-FD,106.61,mantel,129.0,EUR,https://www.mantel.com/en/sram-rival-axs-e1-embargo-17-6-front-derailleur
2026-08-28,SR-RIVAL-FC,60.5,bike-components,71.99,EUR,https://www.bike-components.de/en/SRAM/Rival-DUB-2x12-speed-Crankset-p81651/
2026-08-28,SR-RIVAL-FC-PM,226.01,rose,268.95,EUR,https://www.rosebikes.de/p/sram-rival-axstm-power-meter-kurbel-2-x-12-fach-2700080
2026-08-28,SR-RIVAL-CS,71.42,bike-components,84.99,EUR,https://www.bike-components.de/en/SRAM/XG-1250-12-speed-Cassette-for-Rival-p81658/
2026-08-28,SR-RIVAL-CN,15.92,rose,18.95,EUR,https://www.rosebikes.de/p/sram-rival-2-x-12-fach-axs-kettenblatt-innen-2699864
2026-08-28,SR-RIVAL-SET,18.79,kupkolo,549.0,CZK,https://www.kupkolo.cz/servisni-sada-pro-sram-brzdovy-trmen-rival-axs_z122150/
2026-08-28,SR-RIVAL-SET-PM,1462.18,bike-components,1740.0,EUR,https://www.bike-components.de/de/SRAM/Rival-E1-AXS-HRD-FM-Powermeter-Gruppe-2x12-fach-35-48-p218860/
2026-08-28,SR-FORCE-D2-SET,16.8,bike-discount,19.99,EUR,https://www.bike-discount.de/en/sram-rival/force/red-axs-brake-caliper-service-kit
2026-08-28,SR-RIVAL-D1-SET,5.45,bike-components,6.49,EUR,https://www.bike-components.de/en/SRAM/Mounting-Adjustment-Bolt-Kit-for-Rival-eTap-AXS-Rear-Derailleur-p81638/
2026-08-28,SR-RED-D1-SET,4.19,bike-components,4.99,EUR,https://www.bike-components.de/en/SRAM/Pushrod-Kit-for-Red-eTap-AXS-E1-p96247/
2026-08-28,SR-X-BATTERY,38.64,kupkolo,1129.0,CZK,https://www.kupkolo.cz/sram-baterie-etap-axs-pro-prehazovacku-nebo-presmykac-1kus_z100168/
2026-08-28,SR-X-CHARGER,34.67,mantel,41.95,EUR,https://www.mantel.com/en/sram-etap-axs-battery-charger
2026-08-28,SR-X-PACELINE-160,30.25,hupnakolo,884.0,CZK,https://www.hupnakolo.cz/00-5018-248-001-sram-am-db-rotor-cl-paceline-160-roundedlr-a2/
2026-08-28,SR-X-PACELINE-X-160,45.79,hupnakolo,1338.0,CZK,https://www.hupnakolo.cz/sram-paceline-x-center-lock-160-mm---dvoudilny-brzdovy-kotouc-rounded-edges/
2026-08-29,SH-105-STBR,157.09,kupkolo,4590.0,CZK,https://www.kupkolo.cz/radici-a-brzdova-paka-shimano-105-di2-st-r7170-2x12_z119215/
2026-08-29,SH-105-RD,126.04,bike-components,149.99,EUR,https://www.bike-components.de/en/Shimano/105-Di2-Rear-Derailleur-Shadow-RD-R7150-12-speed-p88619/
2026-08-29,SH-105-FD,54.61,bike-components,64.99,EUR,https://www.bike-components.de/de/Shimano/105-Di2-Umwerfer-FD-R7150-2-12-fach-p88620/
2026-08-29,SH-105-FC,60.46,rose,71.95,EUR,https://www.rosebikes.de/p/shimano-105-fc-r7100-hollowtech-ii-kurbel-2-x-12-fach-5034-2701936
2026-08-29,SH-105-CS,41.97,rose,49.95,EUR,https://www.rosebikes.de/p/shimano-105-cs-r7100-12-fach-zahnkranz-2713281
2026-08-29,SH-105-CS2,47.02,hupnakolo,1374.0,CZK,https://www.hupnakolo.cz/shimano-kazeta-105-cs-hg710-12-12-rychl--11-36-z--bal/
2026-08-29,SH-105-CN,14.68,hupnakolo,429.0,CZK,https://www.hupnakolo.cz/shimano-retez-slx-cn-m7100-12rychl-116cl--s-rychlospojkou-box-20-ks/
2026-08-29,SH-105-SET,671.43,bike-discount,799.0,EUR,https://www.bike-discount.de/de/shimano-105-di2-r7170-2x12-fach-gruppe-disc-top-deal
2026-08-29,SH-ULT-STBR,234.41,rose,278.95,EUR,https://www.rosebikes.de/p/shimano-ultegra-di2-st-r8170-sti-brems-schalthebelkombination-mit-br-r8170-scheibenbremse-j-kit-direct-2700381
2026-08-29,SH-ULT-RD,1.25,bike-components,1.49,EUR,https://www.bike-components.de/en/Shimano/Adjustment-Gauge-for-RD-R9250-RD-R8150-p92737/
2026-08-29,SH-ULT-FD,134.45,bike-discount,159.99,EUR,https://www.bike-discount.de/de/shimano-ultegra-di2-fd-r8150-2x12-fach-umwerfer
2026-08-29,SH-ULT-FC,17.25,mantel,156.0,DKK,https://www.mantel.com/dk/shimano-ultegra-fc-r8100-klinge
2026-08-29,SH-ULT-FC-PM,2.16,hupnakolo,63.0,CZK,https://www.hupnakolo.cz/adapter-predni-brzdy-is-pm-203-mm/
2026-08-29,SH-ULT-CS,109.24,bike-components,129.99,EUR,https://www.bike-components.de/en/Shimano/Ultegra-Cassette-CS-R8100-Chain-CN-M8101-12-speed-Wear-Set-p213611/
2026-08-29,SH-ULT-CN,20.11,starbike,23.93,EUR,https://www.starbike.com/en/shimano-xt-cn-m8100-12-speed-chain/
2026-08-29,SH-ULT-SET,1015.7,mantel,1229.0,EUR,https://www.mantel.com/en/shimano-ultegra-r8170-di2-disc-groupset
2026-08-29,SH-ULT-SET-PM,1420.16,bike-discount,1689.99,EUR,https://www.bike-discount.de/de/shimano-ultegra-di2-r8170-p-2x12-fach-powermeter-gruppe-disc-160/160mm
2026-08-29,SH-DA-STBR,317.57,kupkolo,9279.0,CZK,https://www.kupkolo.cz/radici-a-brzdova-paka-shimano-dura-ace-di2-st-r9270-trmen-br-r9270_z123165/
2026-08-29,SH-DA-RD,1.25,bike-components,1.49,EUR,https://www.bike-components.de/en/Shimano/Adjustment-Gauge-for-RD-R9250-RD-R8150-p92737/
2026-08-29,SH-DA-FD,210.08,bike-components,249.99,EUR,https://www.bike-components.de/en/Shimano/Dura-Ace-Di2-FD-R9250-2-12-speed-Front-Derailleur-p84376/
2026-08-29,SH-DA-FC,25.87,mantel,234.0,DKK,https://www.mantel.com/dk/shimano-dura-ace-fc-r9200-klinge
2026-08-29,SH-DA-FC-PM,5.03,bike-components,5.99,EUR,https://www.bike-components.de/en/Shimano/Magnet-Set-for-FC-R9100-P-FC-R9200-P-Power-Meters-p63981/
2026-08-29,SH-DA-CS,122.65,rose,145.95,EUR,https://www.rosebikes.de/p/shimano-dura-ace-cs-r9200-12-fach-zahnkranz-11-30-2705202
2026-08-29,SH-DA-CN,31.64,starbike,37.65,EUR,https://www.starbike.com/en/shimano-xtr-cn-9100-chain/
2026-08-29,SH-DA-SET,1679.83,bike-discount,1999.0,EUR,https://www.bike-discount.de/de/shimano-dura-ace-di2-r9270-2x12-fach-gruppe-disc-140/160mm
2026-08-29,SH-X-BT-DN300,5.03,bike-discount,5.99,EUR,https://www.bike-discount.de/it/shimano-unita-adattatore-per-bt-dn300
2026-08-29,SH-X-EW-EC300,26.88,bike-components,31.99,EUR,https://www.bike-components.de/en/Shimano/USB-Charging-Cable-EW-EC300-for-BT-DN300-Di2-FC-R9200-P-Power-Meter-p84426/
2026-08-29,SH-X-RT-CL800,31.49,hupnakolo,920.0,CZK,https://www.hupnakolo.cz/brzdovy-kotouc-shimano-rt-cl800-160mm-center-lock--ice-technologies--v-krabicce/
2026-08-29,SH-X-RT-CL900,40.66,hupnakolo,1188.0,CZK,https://www.hupnakolo.cz/shimano-brzd-kotouc-ostatni-rt-cl900-center-lock-160-mm-pro-ice-tech-lock-ring--interni-/
2026-08-29,SR-RED-STBR,402.52,bike-components,479.0,EUR,https://www.bike-components.de/en/SRAM/Red-E1-AXS-HRD-Disc-Brake-with-Shift-Brake-Lever-p94400/
2026-08-29,SR-RED-RD,436.13,bike-components,519.0,EUR,https://www.bike-components.de/en/SRAM/Red-E1-AXS-12-speed-Rear-Derailleur-p94401/
2026-08-29,SR-RED-FD,5.87,bike-components,6.99,EUR,https://www.bike-components.de/en/SRAM/Adjustment-Gauge-for-Red-E1-AXS-Front-Derailleur-p94395/
2026-08-29,SR-RED-FC,251.26,bike-components,299.0,EUR,https://www.bike-components.de/en/SRAM/Red-E1-DUB-2x12-speed-Carbon-Crankset-p94131/
2026-08-29,SR-RED-FC-PM,630.24,bike-discount,749.99,EUR,https://www.bike-discount.de/de/sram-red-axs-dub-powermeter-2x12-fach-carbon-kurbel-50/37
2026-08-29,SR-RED-CS,187.38,hupnakolo,5475.0,CZK,https://www.hupnakolo.cz/sram-red-xg-1290-12rychlostni-kazeta-2/
2026-08-29,SR-RED-CN,20.13,rose,23.95,EUR,https://www.rosebikes.de/p/sram-red-22force-22-kettenblatt-859274
2026-08-29,SR-RED-SET,294.11,bike-discount,349.99,EUR,https://www.bike-discount.de/de/sram-red-axs-e1-hrd-schalt-bremshebel-kit
2026-08-29,SR-RED-SET-PM,487.39,bike-discount,579.99,EUR,https://www.bike-discount.de/de/sram-red-axs-e1-powermeter-kit
2026-08-29,SR-FORCE-STBR,43.69,bike-discount,51.99,EUR,https://www.bike-discount.de/de/sram-force-axs-e1-12-fach-schaltrollen-set
2026-08-29,SR-FORCE-RD,226.05,bike-components,269.0,EUR,https://www.bike-components.de/de/SRAM/Force-E1-AXS-Schaltwerk-12-fach-p96642/
2026-08-29,SR-FORCE-FD,139.49,bike-components,165.99,EUR,https://www.bike-components.de/en/SRAM/Force-E1-AXS-Front-Derailleur-2-speed-p96643/
2026-08-29,SR-FORCE-FC,56.29,bike-components,66.99,EUR,https://www.bike-components.de/en/SRAM/Force-AXS-2x12-Crankset-p217468/
2026-08-29,SR-FORCE-FC-PM,268.87,rose,319.95,EUR,https://www.rosebikes.de/p/sram-force-1r-axstm-power-meter-kurbel-1-x-12-fach-2718601
2026-08-29,SR-FORCE-CS,109.24,bike-components,129.99,EUR,https://www.bike-components.de/en/SRAM/Force-XG-1270-E1-12-speed-cassette-p96652/
2026-08-29,SR-FORCE-CN,1.88,hupnakolo,55.0,CZK,https://www.hupnakolo.cz/spojka-pyc-pro-9-retez--1sada-1-blistr-6ks-spojek/
2026-08-29,SR-FORCE-SET,123.52,bike-components,146.99,EUR,https://www.bike-components.de/en/SRAM/Shift-Brake-Lever-Kit-Force-E1-Axs-Disc-p215226/
2026-08-29,SR-FORCE-SET-PM,2361.34,bike-components,2810.0,EUR,https://www.bike-components.de/de/SRAM/Force-E1-AXS-HRD-FM-Powermeter-Gruppe-2x12-fach-33-46-p218460/
2026-08-29,SR-RIVAL-STBR,16.8,bike-discount,19.99,EUR,https://www.bike-discount.de/en/sram-rival/force/red-axs-brake-caliper-service-kit
2026-08-29,SR-RIVAL-RD,163.02,bike-components,193.99,EUR,https://www.bike-components.de/en/SRAM/Rival-E1-AXS-12-speed-rear-derailleur-p96663/
2026-08-29,SR-RIVAL-FD,106.61,mantel,129.0,EUR,https://www.mantel.com/en/sram-rival-axs-e1-embargo-17-6-front-derailleur
2026-08-29,SR-RIVAL-FC,60.5,bike-components,71.99,EUR,https://www.bike-components.de/en/SRAM/Rival-DUB-2x12-speed-Crankset-p81651/
2026-08-29,SR-RIVAL-FC-PM,226.01,rose,268.95,EUR,https://www.rosebikes.de/p/sram-rival-axstm-power-meter-kurbel-2-x-12-fach-2700080
2026-08-29,SR-RIVAL-CS,71.42,bike-components,84.99,EUR,https://www.bike-components.de/en/SRAM/XG-1250-12-speed-Cassette-for-Rival-p81658/
2026-08-29,SR-RIVAL-CN,15.92,rose,18.95,EUR,https://www.rosebikes.de/p/sram-rival-2-x-12-fach-axs-kettenblatt-innen-2699864
2026-08-29,SR-RIVAL-SET,18.79,kupkolo,549.0,CZK,https://www.kupkolo.cz/servisni-sada-pro-sram-brzdovy-trmen-rival-axs_z122150/
2026-08-29,SR-RIVAL-SET-PM,1462.18,bike-components,1740.0,EUR,https://www.bike-components.de/de/SRAM/Rival-E1-AXS-HRD-FM-Powermeter-Gruppe-2x12-fach-35-48-p218860/
2026-08-29,SR-FORCE-D2-SET,16.8,bike-discount,19.99,EUR,https://www.bike-discount.de/en/sram-rival/force/red-axs-brake-caliper-service-kit
2026-08-29,SR-RIVAL-D1-SET,5.45,bike-components,6.49,EUR,https://www.bike-components.de/en/SRAM/Mounting-Adjustment-Bolt-Kit-for-Rival-eTap-AXS-Rear-Derailleur-p81638/
2026-08-29,SR-RED-D1-SET,4.19,bike-components,4.99,EUR,https://www.bike-components.de/en/SRAM/Pushrod-Kit-for-Red-eTap-AXS-E1-p96247/
2026-08-29,SR-X-BATTERY,38.64,kupkolo,1129.0,CZK,https://www.kupkolo.cz/sram-baterie-etap-axs-pro-prehazovacku-nebo-presmykac-1kus_z100168/
2026-08-29,SR-X-CHARGER,34.67,mantel,41.95,EUR,https://www.mantel.com/en/sram-etap-axs-battery-charger
2026-08-29,SR-X-PACELINE-160,30.25,hupnakolo,884.0,CZK,https://www.hupnakolo.cz/00-5018-248-001-sram-am-db-rotor-cl-paceline-160-roundedlr-a2/
2026-08-29,SR-X-PACELINE-X-160,45.79,hupnakolo,1338.0,CZK,https://www.hupnakolo.cz/sram-paceline-x-center-lock-160-mm---dvoudilny-brzdovy-kotouc-rounded-edges/
2026-08-30,SH-105-STBR,157.09,kupkolo,4590.0,CZK,https://www.kupkolo.cz/radici-a-brzdova-paka-shimano-105-di2-st-r7170-2x12_z119215/
2026-08-30,SH-105-RD,126.04,bike-components,149.99,EUR,https://www.bike-components.de/en/Shimano/105-Di2-Rear-Derailleur-Shadow-RD-R7150-12-speed-p88619/
2026-08-30,SH-105-FD,54.61,bike-components,64.99,EUR,https://www.bike-components.de/de/Shimano/105-Di2-Umwerfer-FD-R7150-2-12-fach-p88620/
2026-08-30,SH-105-FC,60.46,rose,71.95,EUR,https://www.rosebikes.de/p/shimano-105-fc-r7100-hollowtech-ii-kurbel-2-x-12-fach-5034-2701936
2026-08-30,SH-105-CS,41.97,rose,49.95,EUR,https://www.rosebikes.de/p/shimano-105-cs-r7100-12-fach-zahnkranz-2713281
2026-08-30,SH-105-CS2,47.02,hupnakolo,1374.0,CZK,https://www.hupnakolo.cz/shimano-kazeta-105-cs-hg710-12-12-rychl--11-36-z--bal/
2026-08-30,SH-105-CN,14.68,hupnakolo,429.0,CZK,https://www.hupnakolo.cz/shimano-retez-slx-cn-m7100-12rychl-116cl--s-rychlospojkou-box-20-ks/
2026-08-30,SH-105-SET,671.43,bike-discount,799.0,EUR,https://www.bike-discount.de/de/shimano-105-di2-r7170-2x12-fach-gruppe-disc-top-deal
2026-08-30,SH-ULT-STBR,234.41,rose,278.95,EUR,https://www.rosebikes.de/p/shimano-ultegra-di2-st-r8170-sti-brems-schalthebelkombination-mit-br-r8170-scheibenbremse-j-kit-direct-2700381
2026-08-30,SH-ULT-RD,1.25,bike-components,1.49,EUR,https://www.bike-components.de/en/Shimano/Adjustment-Gauge-for-RD-R9250-RD-R8150-p92737/
2026-08-30,SH-ULT-FD,134.45,bike-discount,159.99,EUR,https://www.bike-discount.de/de/shimano-ultegra-di2-fd-r8150-2x12-fach-umwerfer
2026-08-30,SH-ULT-FC,17.25,mantel,156.0,DKK,https://www.mantel.com/dk/shimano-ultegra-fc-r8100-klinge
2026-08-30,SH-ULT-FC-PM,2.16,hupnakolo,63.0,CZK,https://www.hupnakolo.cz/adapter-predni-brzdy-is-pm-203-mm/
2026-08-30,SH-ULT-CS,109.24,bike-components,129.99,EUR,https://www.bike-components.de/en/Shimano/Ultegra-Cassette-CS-R8100-Chain-CN-M8101-12-speed-Wear-Set-p213611/
2026-08-30,SH-ULT-CN,20.11,starbike,23.93,EUR,https://www.starbike.com/en/shimano-xt-cn-m8100-12-speed-chain/
2026-08-30,SH-ULT-SET,1015.7,mantel,1229.0,EUR,https://www.mantel.com/en/shimano-ultegra-r8170-di2-disc-groupset
2026-08-30,SH-ULT-SET-PM,1420.16,bike-discount,1689.99,EUR,https://www.bike-discount.de/de/shimano-ultegra-di2-r8170-p-2x12-fach-powermeter-gruppe-disc-160/160mm
2026-08-30,SH-DA-STBR,317.57,kupkolo,9279.0,CZK,https://www.kupkolo.cz/radici-a-brzdova-paka-shimano-dura-ace-di2-st-r9270-trmen-br-r9270_z123165/
2026-08-30,SH-DA-RD,1.25,bike-components,1.49,EUR,https://www.bike-components.de/en/Shimano/Adjustment-Gauge-for-RD-R9250-RD-R8150-p92737/
2026-08-30,SH-DA-FD,210.08,bike-components,249.99,EUR,https://www.bike-components.de/en/Shimano/Dura-Ace-Di2-FD-R9250-2-12-speed-Front-Derailleur-p84376/
2026-08-30,SH-DA-FC,25.87,mantel,234.0,DKK,https://www.mantel.com/dk/shimano-dura-ace-fc-r9200-klinge
2026-08-30,SH-DA-FC-PM,5.03,bike-components,5.99,EUR,https://www.bike-components.de/en/Shimano/Magnet-Set-for-FC-R9100-P-FC-R9200-P-Power-Meters-p63981/
2026-08-30,SH-DA-CS,122.65,rose,145.95,EUR,https://www.rosebikes.de/p/shimano-dura-ace-cs-r9200-12-fach-zahnkranz-11-30-2705202
2026-08-30,SH-DA-CN,31.64,starbike,37.65,EUR,https://www.starbike.com/en/shimano-xtr-cn-9100-chain/
2026-08-30,SH-DA-SET,1679.83,bike-discount,1999.0,EUR,https://www.bike-discount.de/de/shimano-dura-ace-di2-r9270-2x12-fach-gruppe-disc-140/160mm
2026-08-30,SH-X-BT-DN300,5.03,bike-discount,5.99,EUR,https://www.bike-discount.de/it/shimano-unita-adattatore-per-bt-dn300
2026-08-30,SH-X-EW-EC300,26.88,bike-components,31.99,EUR,https://www.bike-components.de/en/Shimano/USB-Charging-Cable-EW-EC300-for-BT-DN300-Di2-FC-R9200-P-Power-Meter-p84426/
2026-08-30,SH-X-RT-CL800,31.49,hupnakolo,920.0,CZK,https://www.hupnakolo.cz/brzdovy-kotouc-shimano-rt-cl800-160mm-center-lock--ice-technologies--v-krabicce/
2026-08-30,SH-X-RT-CL900,40.66,hupnakolo,1188.0,CZK,https://www.hupnakolo.cz/shimano-brzd-kotouc-ostatni-rt-cl900-center-lock-160-mm-pro-ice-tech-lock-ring--interni-/
2026-08-30,SR-RED-STBR,402.52,bike-components,479.0,EUR,https://www.bike-components.de/en/SRAM/Red-E1-AXS-HRD-Disc-Brake-with-Shift-Brake-Lever-p94400/
2026-08-30,SR-RED-RD,436.13,bike-components,519.0,EUR,https://www.bike-components.de/en/SRAM/Red-E1-AXS-12-speed-Rear-Derailleur-p94401/
2026-08-30,SR-RED-FD,5.87,bike-components,6.99,EUR,https://www.bike-components.de/en/SRAM/Adjustment-Gauge-for-Red-E1-AXS-Front-Derailleur-p94395/
2026-08-30,SR-RED-FC,251.26,bike-components,299.0,EUR,https://www.bike-components.de/en/SRAM/Red-E1-DUB-2x12-speed-Carbon-Crankset-p94131/
2026-08-30,SR-RED-FC-PM,630.24,bike-discount,749.99,EUR,https://www.bike-discount.de/de/sram-red-axs-dub-powermeter-2x12-fach-carbon-kurbel-50/37
2026-08-30,SR-RED-CS,187.38,hupnakolo,5475.0,CZK,https://www.hupnakolo.cz/sram-red-xg-1290-12rychlostni-kazeta-2/
2026-08-30,SR-RED-CN,20.13,rose,23.95,EUR,https://www.rosebikes.de/p/sram-red-22force-22-kettenblatt-859274
2026-08-30,SR-RED-SET,294.11,bike-discount,349.99,EUR,https://www.bike-discount.de/de/sram-red-axs-e1-hrd-schalt-bremshebel-kit
2026-08-30,SR-RED-SET-PM,487.39,bike-discount,579.99,EUR,https://www.bike-discount.de/de/sram-red-axs-e1-powermeter-kit
2026-08-30,SR-FORCE-STBR,43.69,bike-discount,51.99,EUR,https://www.bike-discount.de/de/sram-force-axs-e1-12-fach-schaltrollen-set
2026-08-30,SR-FORCE-RD,226.05,bike-components,269.0,EUR,https://www.bike-components.de/de/SRAM/Force-E1-AXS-Schaltwerk-12-fach-p96642/
2026-08-30,SR-FORCE-FD,139.49,bike-components,165.99,EUR,https://www.bike-components.de/en/SRAM/Force-E1-AXS-Front-Derailleur-2-speed-p96643/
2026-08-30,SR-FORCE-FC,56.29,bike-components,66.99,EUR,https://www.bike-components.de/en/SRAM/Force-AXS-2x12-Crankset-p217468/
2026-08-30,SR-FORCE-FC-PM,268.87,rose,319.95,EUR,https://www.rosebikes.de/p/sram-force-1r-axstm-power-meter-kurbel-1-x-12-fach-2718601
2026-08-30,SR-FORCE-CS,109.24,bike-components,129.99,EUR,https://www.bike-components.de/en/SRAM/Force-XG-1270-E1-12-speed-cassette-p96652/
2026-08-30,SR-FORCE-CN,1.88,hupnakolo,55.0,CZK,https://www.hupnakolo.cz/spojka-pyc-pro-9-retez--1sada-1-blistr-6ks-spojek/
2026-08-30,SR-FORCE-SET,123.52,bike-components,146.99,EUR,https://www.bike-components.de/en/SRAM/Shift-Brake-Lever-Kit-Force-E1-Axs-Disc-p215226/
2026-08-30,SR-FORCE-SET-PM,2361.34,bike-components,2810.0,EUR,https://www.bike-components.de/de/SRAM/Force-E1-AXS-HRD-FM-Powermeter-Gruppe-2x12-fach-33-46-p218460/
2026-08-30,SR-RIVAL-STBR,16.8,bike-discount,19.99,EUR,https://www.bike-discount.de/en/sram-rival/force/red-axs-brake-caliper-service-kit
2026-08-30,SR-RIVAL-RD,163.02,bike-components,193.99,EUR,https://www.bike-components.de/en/SRAM/Rival-E1-AXS-12-speed-rear-derailleur-p96663/
2026-08-30,SR-RIVAL-FD,106.61,mantel,129.0,EUR,https://www.mantel.com/en/sram-rival-axs-e1-embargo-17-6-front-derailleur
2026-08-30,SR-RIVAL-FC,60.5,bike-components,71.99,EUR,https://www.bike-components.de/en/SRAM/Rival-DUB-2x12-speed-Crankset-p81651/
2026-08-30,SR-RIVAL-FC-PM,226.01,rose,268.95,EUR,https://www.rosebikes.de/p/sram-rival-axstm-power-meter-kurbel-2-x-12-fach-2700080
2026-08-30,SR-RIVAL-CS,71.42,bike-components,84.99,EUR,https://www.bike-components.de/en/SRAM/XG-1250-12-speed-Cassette-for-Rival-p81658/
2026-08-30,SR-RIVAL-CN,15.92,rose,18.95,EUR,https://www.rosebikes.de/p/sram-rival-2-x-12-fach-axs-kettenblatt-innen-2699864
2026-08-30,SR-RIVAL-SET,18.79,kupkolo,549.0,CZK,https://www.kupkolo.cz/servisni-sada-pro-sram-brzdovy-trmen-rival-axs_z122150/
2026-08-30,SR-RIVAL-SET-PM,1462.18,bike-components,1740.0,EUR,https://www.bike-components.de/de/SRAM/Rival-E1-AXS-HRD-FM-Powermeter-Gruppe-2x12-fach-35-48-p218860/
2026-08-30,SR-FORCE-D2-SET,16.8,bike-discount,19.99,EUR,https://www.bike-discount.de/en/sram-rival/force/red-axs-brake-caliper-service-kit
2026-08-30,SR-RIVAL-D1-SET,5.45,bike-components,6.49,EUR,https://www.bike-components.de/en/SRAM/Mounting-Adjustment-Bolt-Kit-for-Rival-eTap-AXS-Rear-Derailleur-p81638/
2026-08-30,SR-RED-D1-SET,4.19,bike-components,4.99,EUR,https://www.bike-components.de/en/SRAM/Pushrod-Kit-for-Red-eTap-AXS-E1-p96247/
2026-08-30,SR-X-BATTERY,38.64,kupkolo,1129.0,CZK,https://www.kupkolo.cz/sram-baterie-etap-axs-pro-prehazovacku-nebo-presmykac-1kus_z100168/
2026-08-30,SR-X-CHARGER,34.67,mantel,41.95,EUR,https://www.mantel.com/en/sram-etap-axs-battery-charger
2026-08-30,SR-X-PACELINE-160,30.25,hupnakolo,884.0,CZK,https://www.hupnakolo.cz/00-5018-248-001-sram-am-db-rotor-cl-paceline-160-roundedlr-a2/
2026-08-30,SR-X-PACELINE-X-160,45.79,hupnakolo,1338.0,CZK,https://www.hupnakolo.cz/sram-paceline-x-center-lock-160-mm---dvoudilny-brzdovy-kotouc-rounded-edges/
2026-08-31,SH-105-STBR,157.09,kupkolo,4590.0,CZK,https://www.kupkolo.cz/radici-a-brzdova-paka-shimano-105-di2-st-r7170-2x12_z119215/
2026-08-31,SH-105-RD,126.04,bike-components,149.99,EUR,https://www.bike-components.de/en/Shimano/105-Di2-Rear-Derailleur-Shadow-RD-R7150-12-speed-p88619/
2026-08-31,SH-105-FD,54.61,bike-components,64.99,EUR,https://www.bike-components.de/de/Shimano/105-Di2-Umwerfer-FD-R7150-2-12-fach-p88620/
2026-08-31,SH-105-FC,60.46,rose,71.95,EUR,https://www.rosebikes.de/p/shimano-105-fc-r7100-hollowtech-ii-kurbel-2-x-12-fach-5034-2701936
2026-08-31,SH-105-CS,41.97,rose,49.95,EUR,https://www.rosebikes.de/p/shimano-105-cs-r7100-12-fach-zahnkranz-2713281
2026-08-31,SH-105-CS2,47.02,hupnakolo,1374.0,CZK,https://www.hupnakolo.cz/shimano-kazeta-105-cs-hg710-12-12-rychl--11-36-z--bal/
2026-08-31,SH-105-CN,14.68,hupnakolo,429.0,CZK,https://www.hupnakolo.cz/shimano-retez-slx-cn-m7100-12rychl-116cl--s-rychlospojkou-box-20-ks/
2026-08-31,SH-105-SET,671.43,bike-discount,799.0,EUR,https://www.bike-discount.de/de/shimano-105-di2-r7170-2x12-fach-gruppe-disc-top-deal
2026-08-31,SH-ULT-STBR,234.41,rose,278.95,EUR,https://www.rosebikes.de/p/shimano-ultegra-di2-st-r8170-sti-brems-schalthebelkombination-mit-br-r8170-scheibenbremse-j-kit-direct-2700381
2026-08-31,SH-ULT-RD,1.25,bike-components,1.49,EUR,https://www.bike-components.de/en/Shimano/Adjustment-Gauge-for-RD-R9250-RD-R8150-p92737/
2026-08-31,SH-ULT-FD,126.29,hupnakolo,3690.0,CZK,https://www.hupnakolo.cz/shimano-presmykac-ultegra-di2-fd-r8150-pro-2x12-navarka-down-swing61-66-pro-50-54z-max-16z-kapac-ba/
2026-08-31,SH-ULT-FC,17.25,mantel,156.0,DKK,https://www.mantel.com/dk/shimano-ultegra-fc-r8100-klinge
2026-08-31,SH-ULT-FC-PM,2.16,hupnakolo,63.0,CZK,https://www.hupnakolo.cz/adapter-predni-brzdy-is-pm-203-mm/
2026-08-31,SH-ULT-CS,109.24,bike-components,129.99,EUR,https://www.bike-components.de/en/Shimano/Ultegra-Cassette-CS-R8100-Chain-CN-M8101-12-speed-Wear-Set-p213611/
2026-08-31,SH-ULT-CN,23.49,rose,27.95,EUR,https://www.rosebikes.de/p/shimano-deore-xt-ultegra-cn-m8100-hg-12-fach-kette-2678940
2026-08-31,SH-ULT-SET,1032.23,mantel,1249.0,EUR,https://www.mantel.com/en/shimano-ultegra-r8170-di2-disc-groupset
2026-08-31,SH-ULT-SET-PM,1420.16,bike-discount,1689.99,EUR,https://www.bike-discount.de/de/shimano-ultegra-di2-r8170-p-2x12-fach-powermeter-gruppe-disc-160/160mm
2026-08-31,SH-DA-STBR,317.57,kupkolo,9279.0,CZK,https://www.kupkolo.cz/radici-a-brzdova-paka-shimano-dura-ace-di2-st-r9270-trmen-br-r9270_z123165/
2026-08-31,SH-DA-RD,1.25,bike-components,1.49,EUR,https://www.bike-components.de/en/Shimano/Adjustment-Gauge-for-RD-R9250-RD-R8150-p92737/
2026-08-31,SH-DA-FD,210.08,bike-components,249.99,EUR,https://www.bike-components.de/en/Shimano/Dura-Ace-Di2-FD-R9250-2-12-speed-Front-Derailleur-p84376/
2026-08-31,SH-DA-FC,25.87,mantel,234.0,DKK,https://www.mantel.com/dk/shimano-dura-ace-fc-r9200-klinge
2026-08-31,SH-DA-FC-PM,5.03,bike-components,5.99,EUR,https://www.bike-components.de/en/Shimano/Magnet-Set-for-FC-R9100-P-FC-R9200-P-Power-Meters-p63981/
2026-08-31,SH-DA-CS,122.65,rose,145.95,EUR,https://www.rosebikes.de/p/shimano-dura-ace-cs-r9200-12-fach-zahnkranz-11-30-2705202
2026-08-31,SH-DA-CN,31.89,rose,37.95,EUR,https://www.rosebikes.de/p/shimano-xtrdura-ace-cn-m9100-hg-kette-12-fach-118-glieder-2666335
2026-08-31,SH-DA-SET,1679.83,bike-discount,1999.0,EUR,https://www.bike-discount.de/de/shimano-dura-ace-di2-r9270-2x12-fach-gruppe-disc-140/160mm
2026-08-31,SH-X-BT-DN300,5.03,bike-discount,5.99,EUR,https://www.bike-discount.de/it/shimano-unita-adattatore-per-bt-dn300
2026-08-31,SH-X-EW-EC300,26.88,bike-components,31.99,EUR,https://www.bike-components.de/en/Shimano/USB-Charging-Cable-EW-EC300-for-BT-DN300-Di2-FC-R9200-P-Power-Meter-p84426/
2026-08-31,SH-X-RT-CL800,31.49,hupnakolo,920.0,CZK,https://www.hupnakolo.cz/brzdovy-kotouc-shimano-rt-cl800-160mm-center-lock--ice-technologies--v-krabicce/
2026-08-31,SH-X-RT-CL900,40.66,hupnakolo,1188.0,CZK,https://www.hupnakolo.cz/shimano-brzd-kotouc-ostatni-rt-cl900-center-lock-160-mm-pro-ice-tech-lock-ring--interni-/
2026-08-31,SR-RED-STBR,402.52,bike-components,479.0,EUR,https://www.bike-components.de/en/SRAM/Red-E1-AXS-HRD-Disc-Brake-with-Shift-Brake-Lever-p94400/
2026-08-31,SR-RED-RD,436.13,bike-components,519.0,EUR,https://www.bike-components.de/en/SRAM/Red-E1-AXS-12-speed-Rear-Derailleur-p94401/
2026-08-31,SR-RED-FD,5.87,bike-components,6.99,EUR,https://www.bike-components.de/en/SRAM/Adjustment-Gauge-for-Red-E1-AXS-Front-Derailleur-p94395/
2026-08-31,SR-RED-FC,251.26,bike-components,299.0,EUR,https://www.bike-components.de/en/SRAM/Red-E1-DUB-2x12-speed-Carbon-Crankset-p94131/
2026-08-31,SR-RED-FC-PM,630.24,bike-discount,749.99,EUR,https://www.bike-discount.de/de/sram-red-axs-dub-powermeter-2x12-fach-carbon-kurbel-50/37
2026-08-31,SR-RED-CS,187.38,hupnakolo,5475.0,CZK,https://www.hupnakolo.cz/sram-red-xg-1290-12rychlostni-kazeta-2/
2026-08-31,SR-RED-CN,20.13,rose,23.95,EUR,https://www.rosebikes.de/p/sram-red-22force-22-kettenblatt-859274
2026-08-31,SR-RED-SET,294.11,bike-discount,349.99,EUR,https://www.bike-discount.de/de/sram-red-axs-e1-hrd-schalt-bremshebel-kit
2026-08-31,SR-RED-SET-PM,487.39,bike-discount,579.99,EUR,https://www.bike-discount.de/de/sram-red-axs-e1-powermeter-kit
2026-08-31,SR-FORCE-STBR,43.69,bike-discount,51.99,EUR,https://www.bike-discount.de/de/sram-force-axs-e1-12-fach-schaltrollen-set
2026-08-31,SR-FORCE-RD,226.05,bike-components,269.0,EUR,https://www.bike-components.de/de/SRAM/Force-E1-AXS-Schaltwerk-12-fach-p96642/
2026-08-31,SR-FORCE-FD,139.49,bike-components,165.99,EUR,https://www.bike-components.de/en/SRAM/Force-E1-AXS-Front-Derailleur-2-speed-p96643/
2026-08-31,SR-FORCE-FC,56.29,bike-components,66.99,EUR,https://www.bike-components.de/en/SRAM/Force-AXS-2x12-Crankset-p217468/
2026-08-31,SR-FORCE-FC-PM,268.87,rose,319.95,EUR,https://www.rosebikes.de/p/sram-force-1r-axstm-power-meter-kurbel-1-x-12-fach-2718601
2026-08-31,SR-FORCE-CS,109.24,bike-components,129.99,EUR,https://www.bike-components.de/en/SRAM/Force-XG-1270-E1-12-speed-cassette-p96652/
2026-08-31,SR-FORCE-CN,1.88,hupnakolo,55.0,CZK,https://www.hupnakolo.cz/spojka-pyc-pro-9-retez--1sada-1-blistr-6ks-spojek/
2026-08-31,SR-FORCE-SET,123.52,bike-components,146.99,EUR,https://www.bike-components.de/en/SRAM/Shift-Brake-Lever-Kit-Force-E1-Axs-Disc-p215226/
2026-08-31,SR-FORCE-SET-PM,2361.34,bike-components,2810.0,EUR,https://www.bike-components.de/de/SRAM/Force-E1-AXS-HRD-FM-Powermeter-Gruppe-2x12-fach-33-46-p218460/
2026-08-31,SR-RIVAL-STBR,16.8,bike-discount,19.99,EUR,https://www.bike-discount.de/en/sram-rival/force/red-axs-brake-caliper-service-kit
2026-08-31,SR-RIVAL-RD,163.02,bike-components,193.99,EUR,https://www.bike-components.de/en/SRAM/Rival-E1-AXS-12-speed-rear-derailleur-p96663/
2026-08-31,SR-RIVAL-FD,106.61,mantel,129.0,EUR,https://www.mantel.com/en/sram-rival-axs-e1-embargo-17-6-front-derailleur
2026-08-31,SR-RIVAL-FC,60.5,bike-components,71.99,EUR,https://www.bike-components.de/en/SRAM/Rival-DUB-2x12-speed-Crankset-p81651/
2026-08-31,SR-RIVAL-FC-PM,226.01,rose,268.95,EUR,https://www.rosebikes.de/p/sram-rival-axstm-power-meter-kurbel-2-x-12-fach-2700080
2026-08-31,SR-RIVAL-CS,71.42,bike-components,84.99,EUR,https://www.bike-components.de/en/SRAM/XG-1250-12-speed-Cassette-for-Rival-p81658/
2026-08-31,SR-RIVAL-CN,15.92,rose,18.95,EUR,https://www.rosebikes.de/p/sram-rival-2-x-12-fach-axs-kettenblatt-innen-2699864
2026-08-31,SR-RIVAL-SET,18.79,kupkolo,549.0,CZK,https://www.kupkolo.cz/servisni-sada-pro-sram-brzdovy-trmen-rival-axs_z122150/
2026-08-31,SR-RIVAL-SET-PM,1462.18,bike-components,1740.0,EUR,https://www.bike-components.de/de/SRAM/Rival-E1-AXS-HRD-FM-Powermeter-Gruppe-2x12-fach-35-48-p218860/
2026-08-31,SR-FORCE-D2-SET,16.8,bike-discount,19.99,EUR,https://www.bike-discount.de/en/sram-rival/force/red-axs-brake-caliper-service-kit
2026-08-31,SR-RIVAL-D1-SET,5.45,bike-components,6.49,EUR,https://www.bike-components.de/en/SRAM/Mounting-Adjustment-Bolt-Kit-for-Rival-eTap-AXS-Rear-Derailleur-p81638/
2026-08-31,SR-RED-D1-SET,4.19,bike-components,4.99,EUR,https://www.bike-components.de/en/SRAM/Pushrod-Kit-for-Red-eTap-AXS-E1-p96247/
2026-08-31,SR-X-BATTERY,38.64,kupkolo,1129.0,CZK,https://www.kupkolo.cz/sram-baterie-etap-axs-pro-prehazovacku-nebo-presmykac-1kus_z100168/
2026-08-31,SR-X-CHARGER,34.67,mantel,41.95,EUR,https://www.mantel.com/en/sram-etap-axs-battery-charger
2026-08-31,SR-X-PACELINE-160,30.25,hupnakolo,884.0,CZK,https://www.hupnakolo.cz/00-5018-248-001-sram-am-db-rotor-cl-paceline-160-roundedlr-a2/
2026-08-31,SR-X-PACELINE-X-160,45.79,hupnakolo,1338.0,CZK,https://www.hupnakolo.cz/sram-paceline-x-center-lock-160-mm---dvoudilny-brzdovy-kotouc-rounded-edges/
2026-09-01,SH-105-STBR,157.26,kupkolo,4590.0,CZK,https://www.kupkolo.cz/radici-a-brzdova-paka-shimano-105-di2-st-r7170-2x12_z119215/
2026-09-01,SH-105-RD,126.04,bike-components,149.99,EUR,https://www.bike-components.de/en/Shimano/105-Di2-Rear-Derailleur-Shadow-RD-R7150-12-speed-p88619/
2026-09-01,SH-105-FD,54.61,bike-components,64.99,EUR,https://www.bike-components.de/de/Shimano/105-Di2-Umwerfer-FD-R7150-2-12-fach-p88620/
2026-09-01,SH-105-FC,60.46,rose,71.95,EUR,https://www.rosebikes.de/p/shimano-105-fc-r7100-hollowtech-ii-kurbel-2-x-12-fach-5034-2701936
2026-09-01,SH-105-CS,41.97,rose,49.95,EUR,https://www.rosebikes.de/p/shimano-105-cs-r7100-12-fach-zahnkranz-2713281
2026-09-01,SH-105-CS2,47.07,hupnakolo,1374.0,CZK,https://www.hupnakolo.cz/shimano-kazeta-105-cs-hg710-12-12-rychl--11-36-z--bal/
2026-09-01,SH-105-CN,14.7,hupnakolo,429.0,CZK,https://www.hupnakolo.cz/shimano-retez-slx-cn-m7100-12rychl-116cl--s-rychlospojkou-box-20-ks/
2026-09-01,SH-105-SET,671.43,bike-discount,799.0,EUR,https://www.bike-discount.de/de/shimano-105-di2-r7170-2x12-fach-gruppe-disc-top-deal
2026-09-01,SH-ULT-STBR,234.41,rose,278.95,EUR,https://www.rosebikes.de/p/shimano-ultegra-di2-st-r8170-sti-brems-schalthebelkombination-mit-br-r8170-scheibenbremse-j-kit-direct-2700381
2026-09-01,SH-ULT-RD,1.25,bike-components,1.49,EUR,https://www.bike-components.de/en/Shimano/Adjustment-Gauge-for-RD-R9250-RD-R8150-p92737/
2026-09-01,SH-ULT-FD,126.66,hupnakolo,3697.0,CZK,https://www.hupnakolo.cz/shimano-presmykac-ultegra-di2-fd-r8150-pro-2x12-navarka-down-swing61-66-pro-50-54z-max-16z-kapac-ba/
2026-09-01,SH-ULT-FC,17.25,mantel,156.0,DKK,https://www.mantel.com/dk/shimano-ultegra-fc-r8100-klinge
2026-09-01,SH-ULT-FC-PM,2.16,hupnakolo,63.0,CZK,https://www.hupnakolo.cz/adapter-predni-brzdy-is-pm-203-mm/
2026-09-01,SH-ULT-CS,109.24,bike-components,129.99,EUR,https://www.bike-components.de/en/Shimano/Ultegra-Cassette-CS-R8100-Chain-CN-M8101-12-speed-Wear-Set-p213611/
2026-09-01,SH-ULT-CN,20.11,starbike,23.93,EUR,https://www.starbike.com/en/shimano-xt-cn-m8100-12-speed-chain/
2026-09-01,SH-ULT-SET,1008.39,bike-discount,1199.99,EUR,https://www.bike-discount.de/de/shimano-ultegra-di2-r8170-2x12-fach-gruppe-disc-140/160mm-1
2026-09-01,SH-ULT-SET-PM,1420.16,bike-discount,1689.99,EUR,https://www.bike-discount.de/de/shimano-ultegra-di2-r8170-p-2x12-fach-powermeter-gruppe-disc-160/160mm
2026-09-01,SH-DA-STBR,317.91,kupkolo,9279.0,CZK,https://www.kupkolo.cz/radici-a-brzdova-paka-shimano-dura-ace-di2-st-r9270-trmen-br-r9270_z123165/
2026-09-01,SH-DA-RD,1.25,bike-components,1.49,EUR,https://www.bike-components.de/en/Shimano/Adjustment-Gauge-for-RD-R9250-RD-R8150-p92737/
2026-09-01,SH-DA-FD,210.08,bike-components,249.99,EUR,https://www.bike-components.de/en/Shimano/Dura-Ace-Di2-FD-R9250-2-12-speed-Front-Derailleur-p84376/
2026-09-01,SH-DA-FC,25.87,mantel,234.0,DKK,https://www.mantel.com/dk/shimano-dura-ace-fc-r9200-klinge
2026-09-01,SH-DA-FC-PM,5.03,bike-components,5.99,EUR,https://www.bike-components.de/en/Shimano/Magnet-Set-for-FC-R9100-P-FC-R9200-P-Power-Meters-p63981/
2026-09-01,SH-DA-CS,122.65,rose,145.95,EUR,https://www.rosebikes.de/p/shimano-dura-ace-cs-r9200-12-fach-zahnkranz-11-30-2705202
2026-09-01,SH-DA-CN,31.64,starbike,37.65,EUR,https://www.starbike.com/en/shimano-xtr-cn-9100-chain/
2026-09-01,SH-DA-SET,1679.83,bike-discount,1999.0,EUR,https://www.bike-discount.de/de/shimano-dura-ace-di2-r9270-2x12-fach-gruppe-disc-140/160mm
2026-09-01,SH-X-BT-DN300,5.03,bike-discount,5.99,EUR,https://www.bike-discount.de/it/shimano-unita-adattatore-per-bt-dn300
2026-09-01,SH-X-EW-EC300,26.88,bike-components,31.99,EUR,https://www.bike-components.de/en/Shimano/USB-Charging-Cable-EW-EC300-for-BT-DN300-Di2-FC-R9200-P-Power-Meter-p84426/
2026-09-01,SH-X-RT-CL800,31.52,hupnakolo,920.0,CZK,https://www.hupnakolo.cz/brzdovy-kotouc-shimano-rt-cl800-160mm-center-lock--ice-technologies--v-krabicce/
2026-09-01,SH-X-RT-CL900,40.7,hupnakolo,1188.0,CZK,https://www.hupnakolo.cz/shimano-brzd-kotouc-ostatni-rt-cl900-center-lock-160-mm-pro-ice-tech-lock-ring--interni-/
2026-09-01,SR-RED-STBR,402.52,bike-components,479.0,EUR,https://www.bike-components.de/en/SRAM/Red-E1-AXS-HRD-Disc-Brake-with-Shift-Brake-Lever-p94400/
2026-09-01,SR-RED-RD,436.13,bike-components,519.0,EUR,https://www.bike-components.de/en/SRAM/Red-E1-AXS-12-speed-Rear-Derailleur-p94401/
2026-09-01,SR-RED-FD,5.87,bike-components,6.99,EUR,https://www.bike-components.de/en/SRAM/Adjustment-Gauge-for-Red-E1-AXS-Front-Derailleur-p94395/
2026-09-01,SR-RED-FC,251.26,bike-components,299.0,EUR,https://www.bike-components.de/en/SRAM/Red-E1-DUB-2x12-speed-Carbon-Crankset-p94131/
2026-09-01,SR-RED-FC-PM,630.24,bike-discount,749.99,EUR,https://www.bike-discount.de/de/sram-red-axs-dub-powermeter-2x12-fach-carbon-kurbel-50/37
2026-09-01,SR-RED-CS,187.58,hupnakolo,5475.0,CZK,https://www.hupnakolo.cz/sram-red-xg-1290-12rychlostni-kazeta-2/
2026-09-01,SR-RED-CN,20.13,rose,23.95,EUR,https://www.rosebikes.de/p/sram-red-22force-22-kettenblatt-859274
2026-09-01,SR-RED-SET,294.11,bike-discount,349.99,EUR,https://www.bike-discount.de/de/sram-red-axs-e1-hrd-schalt-bremshebel-kit
2026-09-01,SR-RED-SET-PM,487.39,bike-discount,579.99,EUR,https://www.bike-discount.de/de/sram-red-axs-e1-powermeter-kit
2026-09-01,SR-FORCE-STBR,43.69,bike-discount,51.99,EUR,https://www.bike-discount.de/de/sram-force-axs-e1-12-fach-schaltrollen-set
2026-09-01,SR-FORCE-RD,226.05,bike-components,269.0,EUR,https://www.bike-components.de/de/SRAM/Force-E1-AXS-Schaltwerk-12-fach-p96642/
2026-09-01,SR-FORCE-FD,139.49,bike-components,165.99,EUR,https://www.bike-components.de/en/SRAM/Force-E1-AXS-Front-Derailleur-2-speed-p96643/
2026-09-01,SR-FORCE-FC,56.29,bike-components,66.99,EUR,https://www.bike-components.de/en/SRAM/Force-AXS-2x12-Crankset-p217468/
2026-09-01,SR-FORCE-FC-PM,268.87,rose,319.95,EUR,https://www.rosebikes.de/p/sram-force-1r-axstm-power-meter-kurbel-1-x-12-fach-2718601
2026-09-01,SR-FORCE-CS,109.24,bike-components,129.99,EUR,https://www.bike-components.de/en/SRAM/Force-XG-1270-E1-12-speed-cassette-p96652/
2026-09-01,SR-FORCE-CN,1.88,hupnakolo,55.0,CZK,https://www.hupnakolo.cz/spojka-pyc-pro-9-retez--1sada-1-blistr-6ks-spojek/
2026-09-01,SR-FORCE-SET,123.52,bike-components,146.99,EUR,https://www.bike-components.de/en/SRAM/Shift-Brake-Lever-Kit-Force-E1-Axs-Disc-p215226/
2026-09-01,SR-FORCE-SET-PM,2361.34,bike-components,2810.0,EUR,https://www.bike-components.de/de/SRAM/Force-E1-AXS-HRD-FM-Powermeter-Gruppe-2x12-fach-33-46-p218460/
2026-09-01,SR-RIVAL-STBR,16.8,bike-discount,19.99,EUR,https://www.bike-discount.de/en/sram-rival/force/red-axs-brake-caliper-service-kit
2026-09-01,SR-RIVAL-RD,163.02,bike-components,193.99,EUR,https://www.bike-components.de/en/SRAM/Rival-E1-AXS-12-speed-rear-derailleur-p96663/
2026-09-01,SR-RIVAL-FD,106.61,mantel,129.0,EUR,https://www.mantel.com/en/sram-rival-axs-e1-embargo-17-6-front-derailleur
2026-09-01,SR-RIVAL-FC,60.5,bike-components,71.99,EUR,https://www.bike-components.de/en/SRAM/Rival-DUB-2x12-speed-Crankset-p81651/
2026-09-01,SR-RIVAL-FC-PM,226.01,rose,268.95,EUR,https://www.rosebikes.de/p/sram-rival-axstm-power-meter-kurbel-2-x-12-fach-2700080
2026-09-01,SR-RIVAL-CS,71.42,bike-components,84.99,EUR,https://www.bike-components.de/en/SRAM/XG-1250-12-speed-Cassette-for-Rival-p81658/
2026-09-01,SR-RIVAL-CN,15.92,rose,18.95,EUR,https://www.rosebikes.de/p/sram-rival-2-x-12-fach-axs-kettenblatt-innen-2699864
2026-09-01,SR-RIVAL-SET,18.81,kupkolo,549.0,CZK,https://www.kupkolo.cz/servisni-sada-pro-sram-brzdovy-trmen-rival-axs_z122150/
2026-09-01,SR-RIVAL-SET-PM,1462.18,bike-components,1740.0,EUR,https://www.bike-components.de/de/SRAM/Rival-E1-AXS-HRD-FM-Powermeter-Gruppe-2x12-fach-35-48-p218860/
2026-09-01,SR-FORCE-D2-SET,16.8,bike-discount,19.99,EUR,https://www.bike-discount.de/en/sram-rival/force/red-axs-brake-caliper-service-kit
2026-09-01,SR-RIVAL-D1-SET,5.45,bike-components,6.49,EUR,https://www.bike-components.de/en/SRAM/Mounting-Adjustment-Bolt-Kit-for-Rival-eTap-AXS-Rear-Derailleur-p81638/
2026-09-01,SR-RED-D1-SET,4.19,bike-components,4.99,EUR,https://www.bike-components.de/en/SRAM/Pushrod-Kit-for-Red-eTap-AXS-E1-p96247/
2026-09-01,SR-X-BATTERY,38.68,kupkolo,1129.0,CZK,https://www.kupkolo.cz/sram-baterie-etap-axs-pro-prehazovacku-nebo-presmykac-1kus_z100168/
2026-09-01,SR-X-CHARGER,34.67,mantel,41.95,EUR,https://www.mantel.com/en/sram-etap-axs-battery-charger
2026-09-01,SR-X-PACELINE-160,30.29,hupnakolo,884.0,CZK,https://www.hupnakolo.cz/00-5018-248-001-sram-am-db-rotor-cl-paceline-160-roundedlr-a2/
2026-09-01,SR-X-PACELINE-X-160,45.84,hupnakolo,1338.0,CZK,https://www.hupnakolo.cz/sram-paceline-x-center-lock-160-mm---dvoudilny-brzdovy-kotouc-rounded-edges/
2026-09-02,SH-105-STBR,157.02,kupkolo,4590.0,CZK,https://www.kupkolo.cz/radici-a-brzdova-paka-shimano-105-di2-st-r7170-2x12_z119215/
2026-09-02,SH-105-RD,126.04,bike-components,149.99,EUR,https://www.bike-components.de/en/Shimano/105-Di2-Rear-Derailleur-Shadow-RD-R7150-12-speed-p88619/
2026-09-02,SH-105-FD,54.61,bike-components,64.99,EUR,https://www.bike-components.de/de/Shimano/105-Di2-Umwerfer-FD-R7150-2-12-fach-p88620/
2026-09-02,SH-105-FC,60.46,rose,71.95,EUR,https://www.rosebikes.de/p/shimano-105-fc-r7100-hollowtech-ii-kurbel-2-x-12-fach-5034-2701936
2026-09-02,SH-105-CS,41.97,rose,49.95,EUR,https://www.rosebikes.de/p/shimano-105-cs-r7100-12-fach-zahnkranz-2713281
2026-09-02,SH-105-CS2,47.0,hupnakolo,1374.0,CZK,https://www.hupnakolo.cz/shimano-kazeta-105-cs-hg710-12-12-rychl--11-36-z--bal/
2026-09-02,SH-105-CN,14.68,hupnakolo,429.0,CZK,https://www.hupnakolo.cz/shimano-retez-slx-cn-m7100-12rychl-116cl--s-rychlospojkou-box-20-ks/
2026-09-02,SH-105-SET,671.43,bike-discount,799.0,EUR,https://www.bike-discount.de/de/shimano-105-di2-r7170-2x12-fach-gruppe-disc-top-deal
2026-09-02,SH-ULT-STBR,234.41,rose,278.95,EUR,https://www.rosebikes.de/p/shimano-ultegra-di2-st-r8170-sti-brems-schalthebelkombination-mit-br-r8170-scheibenbremse-j-kit-direct-2700381
2026-09-02,SH-ULT-RD,1.25,bike-components,1.49,EUR,https://www.bike-components.de/en/Shimano/Adjustment-Gauge-for-RD-R9250-RD-R8150-p92737/
2026-09-02,SH-ULT-FD,126.47,hupnakolo,3697.0,CZK,https://www.hupnakolo.cz/shimano-presmykac-ultegra-di2-fd-r8150-pro-2x12-navarka-down-swing61-66-pro-50-54z-max-16z-kapac-ba/
2026-09-02,SH-ULT-FC,17.25,mantel,156.0,DKK,https://www.mantel.com/dk/shimano-ultegra-fc-r8100-klinge
2026-09-02,SH-ULT-FC-PM,2.16,hupnakolo,63.0,CZK,https://www.hupnakolo.cz/adapter-predni-brzdy-is-pm-203-mm/
2026-09-02,SH-ULT-CS,109.24,bike-components,129.99,EUR,https://www.bike-components.de/en/Shimano/Ultegra-Cassette-CS-R8100-Chain-CN-M8101-12-speed-Wear-Set-p213611/
2026-09-02,SH-ULT-CN,20.11,starbike,23.93,EUR,https://www.starbike.com/en/shimano-xt-cn-m8100-12-speed-chain/
2026-09-02,SH-ULT-SET,1008.39,bike-discount,1199.99,EUR,https://www.bike-discount.de/de/shimano-ultegra-di2-r8170-2x12-fach-gruppe-disc-140/160mm-1
2026-09-02,SH-ULT-SET-PM,1420.16,bike-discount,1689.99,EUR,https://www.bike-discount.de/de/shimano-ultegra-di2-r8170-p-2x12-fach-powermeter-gruppe-disc-160/160mm
2026-09-02,SH-DA-STBR,317.42,kupkolo,9279.0,CZK,https://www.kupkolo.cz/radici-a-brzdova-paka-shimano-dura-ace-di2-st-r9270-trmen-br-r9270_z123165/
2026-09-02,SH-DA-RD,1.25,bike-components,1.49,EUR,https://www.bike-components.de/en/Shimano/Adjustment-Gauge-for-RD-R9250-RD-R8150-p92737/
2026-09-02,SH-DA-FD,210.08,bike-components,249.99,EUR,https://www.bike-components.de/en/Shimano/Dura-Ace-Di2-FD-R9250-2-12-speed-Front-Derailleur-p84376/
2026-09-02,SH-DA-FC,25.87,mantel,234.0,DKK,https://www.mantel.com/dk/shimano-dura-ace-fc-r9200-klinge
2026-09-02,SH-DA-FC-PM,5.03,bike-components,5.99,EUR,https://www.bike-components.de/en/Shimano/Magnet-Set-for-FC-R9100-P-FC-R9200-P-Power-Meters-p63981/
2026-09-02,SH-DA-CS,122.65,rose,145.95,EUR,https://www.rosebikes.de/p/shimano-dura-ace-cs-r9200-12-fach-zahnkranz-11-30-2705202
2026-09-02,SH-DA-CN,31.64,starbike,37.65,EUR,https://www.starbike.com/en/shimano-xtr-cn-9100-chain/
2026-09-02,SH-DA-SET,1679.83,bike-discount,1999.0,EUR,https://www.bike-discount.de/de/shimano-dura-ace-di2-r9270-2x12-fach-gruppe-disc-140/160mm
2026-09-02,SH-X-BT-DN300,5.03,bike-discount,5.99,EUR,https://www.bike-discount.de/it/shimano-unita-adattatore-per-bt-dn300
2026-09-02,SH-X-EW-EC300,26.88,bike-components,31.99,EUR,https://www.bike-components.de/en/Shimano/USB-Charging-Cable-EW-EC300-for-BT-DN300-Di2-FC-R9200-P-Power-Meter-p84426/
2026-09-02,SH-X-RT-CL800,31.47,hupnakolo,920.0,CZK,https://www.hupnakolo.cz/brzdovy-kotouc-shimano-rt-cl800-160mm-center-lock--ice-technologies--v-krabicce/
2026-09-02,SH-X-RT-CL900,40.64,hupnakolo,1188.0,CZK,https://www.hupnakolo.cz/shimano-brzd-kotouc-ostatni-rt-cl900-center-lock-160-mm-pro-ice-tech-lock-ring--interni-/
2026-09-02,SR-RED-STBR,402.52,bike-components,479.0,EUR,https://www.bike-components.de/en/SRAM/Red-E1-AXS-HRD-Disc-Brake-with-Shift-Brake-Lever-p94400/
2026-09-02,SR-RED-RD,436.13,bike-components,519.0,EUR,https://www.bike-components.de/en/SRAM/Red-E1-AXS-12-speed-Rear-Derailleur-p94401/
2026-09-02,SR-RED-FD,5.87,bike-components,6.99,EUR,https://www.bike-components.de/en/SRAM/Adjustment-Gauge-for-Red-E1-AXS-Front-Derailleur-p94395/
2026-09-02,SR-RED-FC,251.26,bike-components,299.0,EUR,https://www.bike-components.de/en/SRAM/Red-E1-DUB-2x12-speed-Carbon-Crankset-p94131/
2026-09-02,SR-RED-FC-PM,630.24,bike-discount,749.99,EUR,https://www.bike-discount.de/de/sram-red-axs-dub-powermeter-2x12-fach-carbon-kurbel-50/37
2026-09-02,SR-RED-CS,187.29,hupnakolo,5475.0,CZK,https://www.hupnakolo.cz/sram-red-xg-1290-12rychlostni-kazeta-2/
2026-09-02,SR-RED-CN,20.13,rose,23.95,EUR,https://www.rosebikes.de/p/sram-red-22force-22-kettenblatt-859274
2026-09-02,SR-RED-SET,294.11,bike-discount,349.99,EUR,https://www.bike-discount.de/de/sram-red-axs-e1-hrd-schalt-bremshebel-kit
2026-09-02,SR-RED-SET-PM,487.39,bike-discount,579.99,EUR,https://www.bike-discount.de/de/sram-red-axs-e1-powermeter-kit
2026-09-02,SR-FORCE-STBR,43.69,bike-discount,51.99,EUR,https://www.bike-discount.de/de/sram-force-axs-e1-12-fach-schaltrollen-set
2026-09-02,SR-FORCE-RD,226.05,bike-components,269.0,EUR,https://www.bike-components.de/de/SRAM/Force-E1-AXS-Schaltwerk-12-fach-p96642/
2026-09-02,SR-FORCE-FD,139.49,bike-components,165.99,EUR,https://www.bike-components.de/en/SRAM/Force-E1-AXS-Front-Derailleur-2-speed-p96643/
2026-09-02,SR-FORCE-FC,56.29,bike-components,66.99,EUR,https://www.bike-components.de/en/SRAM/Force-AXS-2x12-Crankset-p217468/
2026-09-02,SR-FORCE-FC-PM,268.87,rose,319.95,EUR,https://www.rosebikes.de/p/sram-force-1r-axstm-power-meter-kurbel-1-x-12-fach-2718601
2026-09-02,SR-FORCE-CS,109.24,bike-components,129.99,EUR,https://www.bike-components.de/en/SRAM/Force-XG-1270-E1-12-speed-cassette-p96652/
2026-09-02,SR-FORCE-CN,1.88,hupnakolo,55.0,CZK,https://www.hupnakolo.cz/spojka-pyc-pro-9-retez--1sada-1-blistr-6ks-spojek/
2026-09-02,SR-FORCE-SET,123.52,bike-components,146.99,EUR,https://www.bike-components.de/en/SRAM/Shift-Brake-Lever-Kit-Force-E1-Axs-Disc-p215226/
2026-09-02,SR-FORCE-SET-PM,2361.34,bike-components,2810.0,EUR,https://www.bike-components.de/de/SRAM/Force-E1-AXS-HRD-FM-Powermeter-Gruppe-2x12-fach-33-46-p218460/
2026-09-02,SR-RIVAL-STBR,16.8,bike-discount,19.99,EUR,https://www.bike-discount.de/en/sram-rival/force/red-axs-brake-caliper-service-kit
2026-09-02,SR-RIVAL-RD,163.02,bike-components,193.99,EUR,https://www.bike-components.de/en/SRAM/Rival-E1-AXS-12-speed-rear-derailleur-p96663/
2026-09-02,SR-RIVAL-FD,106.61,mantel,129.0,EUR,https://www.mantel.com/en/sram-rival-axs-e1-embargo-17-6-front-derailleur
2026-09-02,SR-RIVAL-FC,60.5,bike-components,71.99,EUR,https://www.bike-components.de/en/SRAM/Rival-DUB-2x12-speed-Crankset-p81651/
2026-09-02,SR-RIVAL-FC-PM,226.01,rose,268.95,EUR,https://www.rosebikes.de/p/sram-rival-axstm-power-meter-kurbel-2-x-12-fach-2700080
2026-09-02,SR-RIVAL-CS,71.42,bike-components,84.99,EUR,https://www.bike-components.de/en/SRAM/XG-1250-12-speed-Cassette-for-Rival-p81658/
2026-09-02,SR-RIVAL-CN,15.92,rose,18.95,EUR,https://www.rosebikes.de/p/sram-rival-2-x-12-fach-axs-kettenblatt-innen-2699864
2026-09-02,SR-RIVAL-SET,18.78,kupkolo,549.0,CZK,https://www.kupkolo.cz/servisni-sada-pro-sram-brzdovy-trmen-rival-axs_z122150/
2026-09-02,SR-RIVAL-SET-PM,1462.18,bike-components,1740.0,EUR,https://www.bike-components.de/de/SRAM/Rival-E1-AXS-HRD-FM-Powermeter-Gruppe-2x12-fach-35-48-p218860/
2026-09-02,SR-FORCE-D2-SET,16.8,bike-discount,19.99,EUR,https://www.bike-discount.de/en/sram-rival/force/red-axs-brake-caliper-service-kit
2026-09-02,SR-RIVAL-D1-SET,5.45,bike-components,6.49,EUR,https://www.bike-components.de/en/SRAM/Mounting-Adjustment-Bolt-Kit-for-Rival-eTap-AXS-Rear-Derailleur-p81638/
2026-09-02,SR-RED-D1-SET,4.19,bike-components,4.99,EUR,https://www.bike-components.de/en/SRAM/Pushrod-Kit-for-Red-eTap-AXS-E1-p96247/
2026-09-02,SR-X-BATTERY,38.62,kupkolo,1129.0,CZK,https://www.kupkolo.cz/sram-baterie-etap-axs-pro-prehazovacku-nebo-presmykac-1kus_z100168/
2026-09-02,SR-X-CHARGER,34.67,mantel,41.95,EUR,https://www.mantel.com/en/sram-etap-axs-battery-charger
2026-09-02,SR-X-PACELINE-160,30.24,hupnakolo,884.0,CZK,https://www.hupnakolo.cz/00-5018-248-001-sram-am-db-rotor-cl-paceline-160-roundedlr-a2/
2026-09-02,SR-X-PACELINE-X-160,45.77,hupnakolo,1338.0,CZK,https://www.hupnakolo.cz/sram-paceline-x-center-lock-160-mm---dvoudilny-brzdovy-kotouc-rounded-edges/
2026-09-03,SH-105-STBR,156.81,kupkolo,4590.0,CZK,https://www.kupkolo.cz/radici-a-brzdova-paka-shimano-105-di2-st-r7170-2x12_z119215/
2026-09-03,SH-105-RD,126.04,bike-components,149.99,EUR,https://www.bike-components.de/en/Shimano/105-Di2-Rear-Derailleur-Shadow-RD-R7150-12-speed-p88619/
2026-09-03,SH-105-FD,54.61,bike-components,64.99,EUR,https://www.bike-components.de/de/Shimano/105-Di2-Umwerfer-FD-R7150-2-12-fach-p88620/
2026-09-03,SH-105-FC,60.46,rose,71.95,EUR,https://www.rosebikes.de/p/shimano-105-fc-r7100-hollowtech-ii-kurbel-2-x-12-fach-5034-2701936
2026-09-03,SH-105-CS,41.97,rose,49.95,EUR,https://www.rosebikes.de/p/shimano-105-cs-r7100-12-fach-zahnkranz-2713281
2026-09-03,SH-105-CS2,46.94,hupnakolo,1374.0,CZK,https://www.hupnakolo.cz/shimano-kazeta-105-cs-hg710-12-12-rychl--11-36-z--bal/
2026-09-03,SH-105-CN,14.66,hupnakolo,429.0,CZK,https://www.hupnakolo.cz/shimano-retez-slx-cn-m7100-12rychl-116cl--s-rychlospojkou-box-20-ks/
2026-09-03,SH-105-SET,671.43,bike-discount,799.0,EUR,https://www.bike-discount.de/de/shimano-105-di2-r7170-2x12-fach-gruppe-disc-top-deal
2026-09-03,SH-ULT-STBR,234.41,rose,278.95,EUR,https://www.rosebikes.de/p/shimano-ultegra-di2-st-r8170-sti-brems-schalthebelkombination-mit-br-r8170-scheibenbremse-j-kit-direct-2700381
2026-09-03,SH-ULT-RD,1.25,bike-components,1.49,EUR,https://www.bike-components.de/en/Shimano/Adjustment-Gauge-for-RD-R9250-RD-R8150-p92737/
2026-09-03,SH-ULT-FD,134.45,bike-discount,159.99,EUR,https://www.bike-discount.de/de/shimano-ultegra-di2-fd-r8150-2x12-fach-umwerfer
2026-09-03,SH-ULT-FC,17.25,mantel,156.0,DKK,https://www.mantel.com/dk/shimano-ultegra-fc-r8100-klinge
2026-09-03,SH-ULT-FC-PM,2.15,hupnakolo,63.0,CZK,https://www.hupnakolo.cz/adapter-predni-brzdy-is-pm-203-mm/
2026-09-03,SH-ULT-CS,109.24,bike-components,129.99,EUR,https://www.bike-components.de/en/Shimano/Ultegra-Cassette-CS-R8100-Chain-CN-M8101-12-speed-Wear-Set-p213611/
2026-09-03,SH-ULT-CN,20.11,starbike,23.93,EUR,https://www.starbike.com/en/shimano-xt-cn-m8100-12-speed-chain/
2026-09-03,SH-ULT-SET,1008.39,bike-discount,1199.99,EUR,https://www.bike-discount.de/de/shimano-ultegra-di2-r8170-2x12-fach-gruppe-disc-140/160mm-1
2026-09-03,SH-ULT-SET-PM,1420.16,bike-discount,1689.99,EUR,https://www.bike-discount.de/de/shimano-ultegra-di2-r8170-p-2x12-fach-powermeter-gruppe-disc-160/160mm
2026-09-03,SH-DA-STBR,317.0,kupkolo,9279.0,CZK,https://www.kupkolo.cz/radici-a-brzdova-paka-shimano-dura-ace-di2-st-r9270-trmen-br-r9270_z123165/
2026-09-03,SH-DA-RD,1.25,bike-components,1.49,EUR,https://www.bike-components.de/en/Shimano/Adjustment-Gauge-for-RD-R9250-RD-R8150-p92737/
2026-09-03,SH-DA-FD,210.08,bike-components,249.99,EUR,https://www.bike-components.de/en/Shimano/Dura-Ace-Di2-FD-R9250-2-12-speed-Front-Derailleur-p84376/
2026-09-03,SH-DA-FC,25.87,mantel,234.0,DKK,https://www.mantel.com/dk/shimano-dura-ace-fc-r9200-klinge
2026-09-03,SH-DA-FC-PM,5.03,bike-components,5.99,EUR,https://www.bike-components.de/en/Shimano/Magnet-Set-for-FC-R9100-P-FC-R9200-P-Power-Meters-p63981/
2026-09-03,SH-DA-CS,122.65,rose,145.95,EUR,https://www.rosebikes.de/p/shimano-dura-ace-cs-r9200-12-fach-zahnkranz-11-30-2705202
2026-09-03,SH-DA-CN,31.64,starbike,37.65,EUR,https://www.starbike.com/en/shimano-xtr-cn-9100-chain/
2026-09-03,SH-DA-SET,1679.83,bike-discount,1999.0,EUR,https://www.bike-discount.de/de/shimano-dura-ace-di2-r9270-2x12-fach-gruppe-disc-140/160mm
2026-09-03,SH-X-BT-DN300,5.03,bike-discount,5.99,EUR,https://www.bike-discount.de/it/shimano-unita-adattatore-per-bt-dn300
2026-09-03,SH-X-EW-EC300,26.88,bike-components,31.99,EUR,https://www.bike-components.de/en/Shimano/USB-Charging-Cable-EW-EC300-for-BT-DN300-Di2-FC-R9200-P-Power-Meter-p84426/
2026-09-03,SH-X-RT-CL800,31.43,hupnakolo,920.0,CZK,https://www.hupnakolo.cz/brzdovy-kotouc-shimano-rt-cl800-160mm-center-lock--ice-technologies--v-krabicce/
2026-09-03,SH-X-RT-CL900,40.59,hupnakolo,1188.0,CZK,https://www.hupnakolo.cz/shimano-brzd-kotouc-ostatni-rt-cl900-center-lock-160-mm-pro-ice-tech-lock-ring--interni-/
2026-09-03,SR-RED-STBR,402.52,bike-components,479.0,EUR,https://www.bike-components.de/en/SRAM/Red-E1-AXS-HRD-Disc-Brake-with-Shift-Brake-Lever-p94400/
2026-09-03,SR-RED-RD,436.13,bike-components,519.0,EUR,https://www.bike-components.de/en/SRAM/Red-E1-AXS-12-speed-Rear-Derailleur-p94401/
2026-09-03,SR-RED-FD,5.87,bike-components,6.99,EUR,https://www.bike-components.de/en/SRAM/Adjustment-Gauge-for-Red-E1-AXS-Front-Derailleur-p94395/
2026-09-03,SR-RED-FC,251.26,bike-components,299.0,EUR,https://www.bike-components.de/en/SRAM/Red-E1-DUB-2x12-speed-Carbon-Crankset-p94131/
2026-09-03,SR-RED-FC-PM,630.24,bike-discount,749.99,EUR,https://www.bike-discount.de/de/sram-red-axs-dub-powermeter-2x12-fach-carbon-kurbel-50/37
2026-09-03,SR-RED-CS,187.04,hupnakolo,5475.0,CZK,https://www.hupnakolo.cz/sram-red-xg-1290-12rychlostni-kazeta-2/
2026-09-03,SR-RED-CN,20.13,rose,23.95,EUR,https://www.rosebikes.de/p/sram-red-22force-22-kettenblatt-859274
2026-09-03,SR-RED-SET,294.11,bike-discount,349.99,EUR,https://www.bike-discount.de/de/sram-red-axs-e1-hrd-schalt-bremshebel-kit
2026-09-03,SR-RED-SET-PM,487.39,bike-discount,579.99,EUR,https://www.bike-discount.de/de/sram-red-axs-e1-powermeter-kit
2026-09-03,SR-FORCE-STBR,43.69,bike-discount,51.99,EUR,https://www.bike-discount.de/de/sram-force-axs-e1-12-fach-schaltrollen-set
2026-09-03,SR-FORCE-RD,226.01,rose,268.95,EUR,https://www.rosebikes.de/p/sram-force-axstm-12-fach-schaltwerk-159625
2026-09-03,SR-FORCE-FD,139.49,bike-components,165.99,EUR,https://www.bike-components.de/en/SRAM/Force-E1-AXS-Front-Derailleur-2-speed-p96643/
2026-09-03,SR-FORCE-FC,56.29,bike-components,66.99,EUR,https://www.bike-components.de/en/SRAM/Force-AXS-2x12-Crankset-p217468/
2026-09-03,SR-FORCE-FC-PM,268.87,rose,319.95,EUR,https://www.rosebikes.de/p/sram-force-1r-axstm-power-meter-kurbel-1-x-12-fach-2718601
2026-09-03,SR-FORCE-CS,109.24,bike-components,129.99,EUR,https://www.bike-components.de/en/SRAM/Force-XG-1270-E1-12-speed-cassette-p96652/
2026-09-03,SR-FORCE-CN,1.88,hupnakolo,55.0,CZK,https://www.hupnakolo.cz/spojka-pyc-pro-9-retez--1sada-1-blistr-6ks-spojek/
2026-09-03,SR-FORCE-SET,123.52,bike-components,146.99,EUR,https://www.bike-components.de/en/SRAM/Shift-Brake-Lever-Kit-Force-E1-Axs-Disc-p215226/
2026-09-03,SR-FORCE-SET-PM,2361.34,bike-components,2810.0,EUR,https://www.bike-components.de/de/SRAM/Force-E1-AXS-HRD-FM-Powermeter-Gruppe-2x12-fach-33-46-p218460/
2026-09-03,SR-RIVAL-STBR,16.8,bike-discount,19.99,EUR,https://www.bike-discount.de/en/sram-rival/force/red-axs-brake-caliper-service-kit
2026-09-03,SR-RIVAL-RD,163.02,bike-components,193.99,EUR,https://www.bike-components.de/en/SRAM/Rival-E1-AXS-12-speed-rear-derailleur-p96663/
2026-09-03,SR-RIVAL-FD,106.61,mantel,129.0,EUR,https://www.mantel.com/en/sram-rival-axs-e1-embargo-17-6-front-derailleur
2026-09-03,SR-RIVAL-FC,58.82,bike-components,69.99,EUR,https://www.bike-components.de/en/SRAM/Rival-DUB-2x12-speed-Crankset-p81651/
2026-09-03,SR-RIVAL-FC-PM,226.01,rose,268.95,EUR,https://www.rosebikes.de/p/sram-rival-axstm-power-meter-kurbel-2-x-12-fach-2700080
2026-09-03,SR-RIVAL-CS,71.42,bike-components,84.99,EUR,https://www.bike-components.de/en/SRAM/XG-1250-12-speed-Cassette-for-Rival-p81658/
2026-09-03,SR-RIVAL-CN,15.92,rose,18.95,EUR,https://www.rosebikes.de/p/sram-rival-2-x-12-fach-axs-kettenblatt-innen-2699864
2026-09-03,SR-RIVAL-SET,18.76,kupkolo,549.0,CZK,https://www.kupkolo.cz/servisni-sada-pro-sram-brzdovy-trmen-rival-axs_z122150/
2026-09-03,SR-RIVAL-SET-PM,1462.18,bike-components,1740.0,EUR,https://www.bike-components.de/de/SRAM/Rival-E1-AXS-HRD-FM-Powermeter-Gruppe-2x12-fach-35-48-p218860/
2026-09-03,SR-FORCE-D2-SET,16.8,bike-discount,19.99,EUR,https://www.bike-discount.de/en/sram-rival/force/red-axs-brake-caliper-service-kit
2026-09-03,SR-RIVAL-D1-SET,5.45,bike-components,6.49,EUR,https://www.bike-components.de/en/SRAM/Mounting-Adjustment-Bolt-Kit-for-Rival-eTap-AXS-Rear-Derailleur-p81638/
2026-09-03,SR-RED-D1-SET,4.19,bike-components,4.99,EUR,https://www.bike-components.de/en/SRAM/Pushrod-Kit-for-Red-eTap-AXS-E1-p96247/
2026-09-03,SR-X-BATTERY,38.57,kupkolo,1129.0,CZK,https://www.kupkolo.cz/sram-baterie-etap-axs-pro-prehazovacku-nebo-presmykac-1kus_z100168/
2026-09-03,SR-X-CHARGER,34.67,mantel,41.95,EUR,https://www.mantel.com/en/sram-etap-axs-battery-charger
2026-09-03,SR-X-PACELINE-160,30.2,hupnakolo,884.0,CZK,https://www.hupnakolo.cz/00-5018-248-001-sram-am-db-rotor-cl-paceline-160-roundedlr-a2/
2026-09-03,SR-X-PACELINE-X-160,45.71,hupnakolo,1338.0,CZK,https://www.hupnakolo.cz/sram-paceline-x-center-lock-160-mm---dvoudilny-brzdovy-kotouc-rounded-edges/
2026-09-04,SH-105-STBR,156.62,kupkolo,4590.0,CZK,https://www.kupkolo.cz/radici-a-brzdova-paka-shimano-105-di2-st-r7170-2x12_z119215/
2026-09-04,SH-105-RD,126.04,bike-components,149.99,EUR,https://www.bike-components.de/en/Shimano/105-Di2-Rear-Derailleur-Shadow-RD-R7150-12-speed-p88619/
2026-09-04,SH-105-FD,54.61,bike-components,64.99,EUR,https://www.bike-components.de/de/Shimano/105-Di2-Umwerfer-FD-R7150-2-12-fach-p88620/
2026-09-04,SH-105-FC,60.46,rose,71.95,EUR,https://www.rosebikes.de/p/shimano-105-fc-r7100-hollowtech-ii-kurbel-2-x-12-fach-5034-2701936
2026-09-04,SH-105-CS,41.97,rose,49.95,EUR,https://www.rosebikes.de/p/shimano-105-cs-r7100-12-fach-zahnkranz-2713281
2026-09-04,SH-105-CS2,46.88,hupnakolo,1374.0,CZK,https://www.hupnakolo.cz/shimano-kazeta-105-cs-hg710-12-12-rychl--11-36-z--bal/
2026-09-04,SH-105-CN,14.64,hupnakolo,429.0,CZK,https://www.hupnakolo.cz/shimano-retez-slx-cn-m7100-12rychl-116cl--s-rychlospojkou-box-20-ks/
2026-09-04,SH-105-SET,671.43,bike-discount,799.0,EUR,https://www.bike-discount.de/de/shimano-105-di2-r7170-2x12-fach-gruppe-disc-top-deal
2026-09-04,SH-ULT-STBR,234.41,rose,278.95,EUR,https://www.rosebikes.de/p/shimano-ultegra-di2-st-r8170-sti-brems-schalthebelkombination-mit-br-r8170-scheibenbremse-j-kit-direct-2700381
2026-09-04,SH-ULT-RD,1.25,bike-components,1.49,EUR,https://www.bike-components.de/en/Shimano/Adjustment-Gauge-for-RD-R9250-RD-R8150-p92737/
2026-09-04,SH-ULT-FD,134.45,bike-discount,159.99,EUR,https://www.bike-discount.de/de/shimano-ultegra-di2-fd-r8150-2x12-fach-umwerfer
2026-09-04,SH-ULT-FC,17.25,mantel,156.0,DKK,https://www.mantel.com/dk/shimano-ultegra-fc-r8100-klinge
2026-09-04,SH-ULT-FC-PM,2.15,hupnakolo,63.0,CZK,https://www.hupnakolo.cz/adapter-predni-brzdy-is-pm-203-mm/
2026-09-04,SH-ULT-CS,109.24,bike-components,129.99,EUR,https://www.bike-components.de/en/Shimano/Ultegra-Cassette-CS-R8100-Chain-CN-M8101-12-speed-Wear-Set-p213611/
2026-09-04,SH-ULT-CN,20.11,starbike,23.93,EUR,https://www.starbike.com/en/shimano-xt-cn-m8100-12-speed-chain/
2026-09-04,SH-ULT-SET,1008.39,bike-discount,1199.99,EUR,https://www.bike-discount.de/de/shimano-ultegra-di2-r8170-2x12-fach-gruppe-disc-140/160mm-1
2026-09-04,SH-ULT-SET-PM,1420.16,bike-discount,1689.99,EUR,https://www.bike-discount.de/de/shimano-ultegra-di2-r8170-p-2x12-fach-powermeter-gruppe-disc-160/160mm
2026-09-04,SH-DA-STBR,316.61,kupkolo,9279.0,CZK,https://www.kupkolo.cz/radici-a-brzdova-paka-shimano-dura-ace-di2-st-r9270-trmen-br-r9270_z123165/
2026-09-04,SH-DA-RD,1.25,bike-components,1.49,EUR,https://www.bike-components.de/en/Shimano/Adjustment-Gauge-for-RD-R9250-RD-R8150-p92737/
2026-09-04,SH-DA-FD,210.08,bike-components,249.99,EUR,https://www.bike-components.de/en/Shimano/Dura-Ace-Di2-FD-R9250-2-12-speed-Front-Derailleur-p84376/
2026-09-04,SH-DA-FC,25.87,mantel,234.0,DKK,https://www.mantel.com/dk/shimano-dura-ace-fc-r9200-klinge
2026-09-04,SH-DA-FC-PM,5.03,bike-components,5.99,EUR,https://www.bike-components.de/en/Shimano/Magnet-Set-for-FC-R9100-P-FC-R9200-P-Power-Meters-p63981/
2026-09-04,SH-DA-CS,122.65,rose,145.95,EUR,https://www.rosebikes.de/p/shimano-dura-ace-cs-r9200-12-fach-zahnkranz-11-30-2705202
2026-09-04,SH-DA-CN,31.64,starbike,37.65,EUR,https://www.starbike.com/en/shimano-xtr-cn-9100-chain/
2026-09-04,SH-DA-SET,1679.83,bike-discount,1999.0,EUR,https://www.bike-discount.de/de/shimano-dura-ace-di2-r9270-2x12-fach-gruppe-disc-140/160mm
2026-09-04,SH-DA-SET-PM,2184.03,bike-discount,2599.0,EUR,https://www.bike-discount.de/de/shimano-dura-ace-di2-r9270-p-2x12-fach-powermeter-gruppe-disc-140-160mm-top-deal
2026-09-04,SH-X-BT-DN300,5.03,bike-discount,5.99,EUR,https://www.bike-discount.de/it/shimano-unita-adattatore-per-bt-dn300
2026-09-04,SH-X-EW-EC300,26.88,bike-components,31.99,EUR,https://www.bike-components.de/en/Shimano/USB-Charging-Cable-EW-EC300-for-BT-DN300-Di2-FC-R9200-P-Power-Meter-p84426/
2026-09-04,SH-X-RT-CL800,31.39,hupnakolo,920.0,CZK,https://www.hupnakolo.cz/brzdovy-kotouc-shimano-rt-cl800-160mm-center-lock--ice-technologies--v-krabicce/
2026-09-04,SH-X-RT-CL900,40.54,hupnakolo,1188.0,CZK,https://www.hupnakolo.cz/shimano-brzd-kotouc-ostatni-rt-cl900-center-lock-160-mm-pro-ice-tech-lock-ring--interni-/
2026-09-04,SR-RED-STBR,402.52,bike-components,479.0,EUR,https://www.bike-components.de/en/SRAM/Red-E1-AXS-HRD-Disc-Brake-with-Shift-Brake-Lever-p94400/
2026-09-04,SR-RED-RD,436.13,bike-components,519.0,EUR,https://www.bike-components.de/en/SRAM/Red-E1-AXS-12-speed-Rear-Derailleur-p94401/
2026-09-04,SR-RED-FD,5.87,bike-components,6.99,EUR,https://www.bike-components.de/en/SRAM/Adjustment-Gauge-for-Red-E1-AXS-Front-Derailleur-p94395/
2026-09-04,SR-RED-FC,251.26,bike-components,299.0,EUR,https://www.bike-components.de/en/SRAM/Red-E1-DUB-2x12-speed-Carbon-Crankset-p94131/
2026-09-04,SR-RED-FC-PM,630.24,bike-discount,749.99,EUR,https://www.bike-discount.de/de/sram-red-axs-dub-powermeter-2x12-fach-carbon-kurbel-50/37
2026-09-04,SR-RED-CS,186.81,hupnakolo,5475.0,CZK,https://www.hupnakolo.cz/sram-red-xg-1290-12rychlostni-kazeta-2/
2026-09-04,SR-RED-CN,20.13,rose,23.95,EUR,https://www.rosebikes.de/p/sram-red-22force-22-kettenblatt-859274
2026-09-04,SR-RED-SET,294.11,bike-discount,349.99,EUR,https://www.bike-discount.de/de/sram-red-axs-e1-hrd-schalt-bremshebel-kit
2026-09-04,SR-RED-SET-PM,487.39,bike-discount,579.99,EUR,https://www.bike-discount.de/de/sram-red-axs-e1-powermeter-kit
2026-09-04,SR-FORCE-STBR,43.69,bike-discount,51.99,EUR,https://www.bike-discount.de/de/sram-force-axs-e1-12-fach-schaltrollen-set
2026-09-04,SR-FORCE-RD,226.01,rose,268.95,EUR,https://www.rosebikes.de/p/sram-force-axstm-12-fach-schaltwerk-159625
2026-09-04,SR-FORCE-FD,139.49,bike-components,165.99,EUR,https://www.bike-components.de/en/SRAM/Force-E1-AXS-Front-Derailleur-2-speed-p96643/
2026-09-04,SR-FORCE-FC,56.29,bike-components,66.99,EUR,https://www.bike-components.de/en/SRAM/Force-AXS-2x12-Crankset-p217468/
2026-09-04,SR-FORCE-FC-PM,268.87,rose,319.95,EUR,https://www.rosebikes.de/p/sram-force-1r-axstm-power-meter-kurbel-1-x-12-fach-2718601
2026-09-04,SR-FORCE-CS,109.24,bike-components,129.99,EUR,https://www.bike-components.de/en/SRAM/Force-XG-1270-E1-12-speed-cassette-p96652/
2026-09-04,SR-FORCE-CN,1.88,hupnakolo,55.0,CZK,https://www.hupnakolo.cz/spojka-pyc-pro-9-retez--1sada-1-blistr-6ks-spojek/
2026-09-04,SR-FORCE-SET,123.52,bike-components,146.99,EUR,https://www.bike-components.de/en/SRAM/Shift-Brake-Lever-Kit-Force-E1-Axs-Disc-p215226/
2026-09-04,SR-FORCE-SET-PM,2361.34,bike-components,2810.0,EUR,https://www.bike-components.de/de/SRAM/Force-E1-AXS-HRD-FM-Powermeter-Gruppe-2x12-fach-33-46-p218460/
2026-09-04,SR-RIVAL-STBR,16.8,bike-discount,19.99,EUR,https://www.bike-discount.de/en/sram-rival/force/red-axs-brake-caliper-service-kit
2026-09-04,SR-RIVAL-RD,163.02,bike-components,193.99,EUR,https://www.bike-components.de/en/SRAM/Rival-E1-AXS-12-speed-rear-derailleur-p96663/
2026-09-04,SR-RIVAL-FD,106.61,mantel,129.0,EUR,https://www.mantel.com/en/sram-rival-axs-e1-embargo-17-6-front-derailleur
2026-09-04,SR-RIVAL-FC,58.82,bike-components,69.99,EUR,https://www.bike-components.de/en/SRAM/Rival-DUB-2x12-speed-Crankset-p81651/
2026-09-04,SR-RIVAL-FC-PM,226.01,rose,268.95,EUR,https://www.rosebikes.de/p/sram-rival-axstm-power-meter-kurbel-2-x-12-fach-2700080
2026-09-04,SR-RIVAL-CS,71.42,bike-components,84.99,EUR,https://www.bike-components.de/en/SRAM/XG-1250-12-speed-Cassette-for-Rival-p81658/
2026-09-04,SR-RIVAL-CN,15.92,rose,18.95,EUR,https://www.rosebikes.de/p/sram-rival-2-x-12-fach-axs-kettenblatt-innen-2699864
2026-09-04,SR-RIVAL-SET,18.73,kupkolo,549.0,CZK,https://www.kupkolo.cz/servisni-sada-pro-sram-brzdovy-trmen-rival-axs_z122150/
2026-09-04,SR-RIVAL-SET-PM,1462.18,bike-components,1740.0,EUR,https://www.bike-components.de/de/SRAM/Rival-E1-AXS-HRD-FM-Powermeter-Gruppe-2x12-fach-35-48-p218860/
2026-09-04,SR-FORCE-D2-SET,16.8,bike-discount,19.99,EUR,https://www.bike-discount.de/en/sram-rival/force/red-axs-brake-caliper-service-kit
2026-09-04,SR-RIVAL-D1-SET,5.45,bike-components,6.49,EUR,https://www.bike-components.de/en/SRAM/Mounting-Adjustment-Bolt-Kit-for-Rival-eTap-AXS-Rear-Derailleur-p81638/
2026-09-04,SR-RED-D1-SET,4.19,bike-components,4.99,EUR,https://www.bike-components.de/en/SRAM/Pushrod-Kit-for-Red-eTap-AXS-E1-p96247/
2026-09-04,SR-X-BATTERY,38.52,kupkolo,1129.0,CZK,https://www.kupkolo.cz/sram-baterie-etap-axs-pro-prehazovacku-nebo-presmykac-1kus_z100168/
2026-09-04,SR-X-CHARGER,34.67,mantel,41.95,EUR,https://www.mantel.com/en/sram-etap-axs-battery-charger
2026-09-04,SR-X-PACELINE-160,30.16,hupnakolo,884.0,CZK,https://www.hupnakolo.cz/00-5018-248-001-sram-am-db-rotor-cl-paceline-160-roundedlr-a2/
2026-09-04,SR-X-PACELINE-X-160,45.65,hupnakolo,1338.0,CZK,https://www.hupnakolo.cz/sram-paceline-x-center-lock-160-mm---dvoudilny-brzdovy-kotouc-rounded-edges/
2026-09-05,SH-105-STBR,156.82,kupkolo,4590.0,CZK,https://www.kupkolo.cz/radici-a-brzdova-paka-shimano-105-di2-st-r7170-2x12_z119215/
2026-09-05,SH-105-RD,126.04,bike-components,149.99,EUR,https://www.bike-components.de/en/Shimano/105-Di2-Rear-Derailleur-Shadow-RD-R7150-12-speed-p88619/
2026-09-05,SH-105-FD,54.61,bike-components,64.99,EUR,https://www.bike-components.de/de/Shimano/105-Di2-Umwerfer-FD-R7150-2-12-fach-p88620/
2026-09-05,SH-105-FC,60.46,rose,71.95,EUR,https://www.rosebikes.de/p/shimano-105-fc-r7100-hollowtech-ii-kurbel-2-x-12-fach-5034-2701936
2026-09-05,SH-105-CS,41.97,rose,49.95,EUR,https://www.rosebikes.de/p/shimano-105-cs-r7100-12-fach-zahnkranz-2713281
2026-09-05,SH-105-CS2,46.94,hupnakolo,1374.0,CZK,https://www.hupnakolo.cz/shimano-kazeta-105-cs-hg710-12-12-rychl--11-36-z--bal/
2026-09-05,SH-105-CN,14.66,hupnakolo,429.0,CZK,https://www.hupnakolo.cz/shimano-retez-slx-cn-m7100-12rychl-116cl--s-rychlospojkou-box-20-ks/
2026-09-05,SH-105-SET,671.43,bike-discount,799.0,EUR,https://www.bike-discount.de/de/shimano-105-di2-r7170-2x12-fach-gruppe-disc-top-deal
2026-09-05,SH-ULT-STBR,234.41,rose,278.95,EUR,https://www.rosebikes.de/p/shimano-ultegra-di2-st-r8170-sti-brems-schalthebelkombination-mit-br-r8170-scheibenbremse-j-kit-direct-2700381
2026-09-05,SH-ULT-RD,1.25,bike-components,1.49,EUR,https://www.bike-components.de/en/Shimano/Adjustment-Gauge-for-RD-R9250-RD-R8150-p92737/
2026-09-05,SH-ULT-FD,134.45,bike-discount,159.99,EUR,https://www.bike-discount.de/de/shimano-ultegra-di2-fd-r8150-2x12-fach-umwerfer
2026-09-05,SH-ULT-FC,17.25,mantel,156.0,DKK,https://www.mantel.com/dk/shimano-ultegra-fc-r8100-klinge
2026-09-05,SH-ULT-FC-PM,2.15,hupnakolo,63.0,CZK,https://www.hupnakolo.cz/adapter-predni-brzdy-is-pm-203-mm/
2026-09-05,SH-ULT-CS,109.24,bike-components,129.99,EUR,https://www.bike-components.de/en/Shimano/Ultegra-Cassette-CS-R8100-Chain-CN-M8101-12-speed-Wear-Set-p213611/
2026-09-05,SH-ULT-CN,20.11,starbike,23.93,EUR,https://www.starbike.com/en/shimano-xt-cn-m8100-12-speed-chain/
2026-09-05,SH-ULT-SET,1008.39,bike-discount,1199.99,EUR,https://www.bike-discount.de/de/shimano-ultegra-di2-r8170-2x12-fach-gruppe-disc-140/160mm-1
2026-09-05,SH-ULT-SET-PM,1420.16,bike-discount,1689.99,EUR,https://www.bike-discount.de/de/shimano-ultegra-di2-r8170-p-2x12-fach-powermeter-gruppe-disc-160/160mm
2026-09-05,SH-DA-STBR,317.03,kupkolo,9279.0,CZK,https://www.kupkolo.cz/radici-a-brzdova-paka-shimano-dura-ace-di2-st-r9270-trmen-br-r9270_z123165/
2026-09-05,SH-DA-RD,1.25,bike-components,1.49,EUR,https://www.bike-components.de/en/Shimano/Adjustment-Gauge-for-RD-R9250-RD-R8150-p92737/
2026-09-05,SH-DA-FD,210.08,bike-components,249.99,EUR,https://www.bike-components.de/en/Shimano/Dura-Ace-Di2-FD-R9250-2-12-speed-Front-Derailleur-p84376/
2026-09-05,SH-DA-FC,25.87,mantel,234.0,DKK,https://www.mantel.com/dk/shimano-dura-ace-fc-r9200-klinge
2026-09-05,SH-DA-FC-PM,5.03,bike-components,5.99,EUR,https://www.bike-components.de/en/Shimano/Magnet-Set-for-FC-R9100-P-FC-R9200-P-Power-Meters-p63981/
2026-09-05,SH-DA-CS,122.65,rose,145.95,EUR,https://www.rosebikes.de/p/shimano-dura-ace-cs-r9200-12-fach-zahnkranz-11-30-2705202
2026-09-05,SH-DA-CN,31.64,starbike,37.65,EUR,https://www.starbike.com/en/shimano-xtr-cn-9100-chain/
2026-09-05,SH-DA-SET,1679.83,bike-discount,1999.0,EUR,https://www.bike-discount.de/de/shimano-dura-ace-di2-r9270-2x12-fach-gruppe-disc-140/160mm
2026-09-05,SH-DA-SET-PM,2184.03,bike-discount,2599.0,EUR,https://www.bike-discount.de/de/shimano-dura-ace-di2-r9270-p-2x12-fach-powermeter-gruppe-disc-140-160mm-top-deal
2026-09-05,SH-X-BT-DN300,5.03,bike-discount,5.99,EUR,https://www.bike-discount.de/it/shimano-unita-adattatore-per-bt-dn300
2026-09-05,SH-X-EW-EC300,26.88,bike-components,31.99,EUR,https://www.bike-components.de/en/Shimano/USB-Charging-Cable-EW-EC300-for-BT-DN300-Di2-FC-R9200-P-Power-Meter-p84426/
2026-09-05,SH-X-RT-CL800,31.43,hupnakolo,920.0,CZK,https://www.hupnakolo.cz/brzdovy-kotouc-shimano-rt-cl800-160mm-center-lock--ice-technologies--v-krabicce/
2026-09-05,SH-X-RT-CL900,44.01,hupnakolo,1288.0,CZK,https://www.hupnakolo.cz/shimano-brzd-kotouc-ostatni-rt-cl900-center-lock-160-mm-pro-ice-tech-lock-ring--interni-/
2026-09-05,SR-RED-STBR,402.52,bike-components,479.0,EUR,https://www.bike-components.de/en/SRAM/Red-E1-AXS-HRD-Disc-Brake-with-Shift-Brake-Lever-p94400/
2026-09-05,SR-RED-RD,436.13,bike-components,519.0,EUR,https://www.bike-components.de/en/SRAM/Red-E1-AXS-12-speed-Rear-Derailleur-p94401/
2026-09-05,SR-RED-FD,5.87,bike-components,6.99,EUR,https://www.bike-components.de/en/SRAM/Adjustment-Gauge-for-Red-E1-AXS-Front-Derailleur-p94395/
2026-09-05,SR-RED-FC,251.26,bike-components,299.0,EUR,https://www.bike-components.de/en/SRAM/Red-E1-DUB-2x12-speed-Carbon-Crankset-p94131/
2026-09-05,SR-RED-FC-PM,630.24,bike-discount,749.99,EUR,https://www.bike-discount.de/de/sram-red-axs-dub-powermeter-2x12-fach-carbon-kurbel-50/37
2026-09-05,SR-RED-CS,187.06,hupnakolo,5475.0,CZK,https://www.hupnakolo.cz/sram-red-xg-1290-12rychlostni-kazeta-2/
2026-09-05,SR-RED-CN,20.13,rose,23.95,EUR,https://www.rosebikes.de/p/sram-red-22force-22-kettenblatt-859274
2026-09-05,SR-RED-SET,294.11,bike-discount,349.99,EUR,https://www.bike-discount.de/de/sram-red-axs-e1-hrd-schalt-bremshebel-kit
2026-09-05,SR-RED-SET-PM,487.39,bike-discount,579.99,EUR,https://www.bike-discount.de/de/sram-red-axs-e1-powermeter-kit
2026-09-05,SR-FORCE-STBR,43.69,bike-discount,51.99,EUR,https://www.bike-discount.de/de/sram-force-axs-e1-12-fach-schaltrollen-set
2026-09-05,SR-FORCE-RD,226.01,rose,268.95,EUR,https://www.rosebikes.de/p/sram-force-axstm-12-fach-schaltwerk-159625
2026-09-05,SR-FORCE-FD,139.49,bike-components,165.99,EUR,https://www.bike-components.de/en/SRAM/Force-E1-AXS-Front-Derailleur-2-speed-p96643/
2026-09-05,SR-FORCE-FC,56.29,bike-components,66.99,EUR,https://www.bike-components.de/en/SRAM/Force-AXS-2x12-Crankset-p217468/
2026-09-05,SR-FORCE-FC-PM,268.87,rose,319.95,EUR,https://www.rosebikes.de/p/sram-force-1r-axstm-power-meter-kurbel-1-x-12-fach-2718601
2026-09-05,SR-FORCE-CS,109.24,bike-components,129.99,EUR,https://www.bike-components.de/en/SRAM/Force-XG-1270-E1-12-speed-cassette-p96652/
2026-09-05,SR-FORCE-CN,1.88,hupnakolo,55.0,CZK,https://www.hupnakolo.cz/spojka-pyc-pro-9-retez--1sada-1-blistr-6ks-spojek/
2026-09-05,SR-FORCE-SET,123.52,bike-components,146.99,EUR,https://www.bike-components.de/en/SRAM/Shift-Brake-Lever-Kit-Force-E1-Axs-Disc-p215226/
2026-09-05,SR-FORCE-SET-PM,2361.34,bike-components,2810.0,EUR,https://www.bike-components.de/de/SRAM/Force-E1-AXS-HRD-FM-Powermeter-Gruppe-2x12-fach-33-46-p218460/
2026-09-05,SR-RIVAL-STBR,16.8,bike-discount,19.99,EUR,https://www.bike-discount.de/en/sram-rival/force/red-axs-brake-caliper-service-kit
2026-09-05,SR-RIVAL-RD,163.02,bike-components,193.99,EUR,https://www.bike-components.de/en/SRAM/Rival-E1-AXS-12-speed-rear-derailleur-p96663/
2026-09-05,SR-RIVAL-FD,106.61,mantel,129.0,EUR,https://www.mantel.com/en/sram-rival-axs-e1-embargo-17-6-front-derailleur
2026-09-05,SR-RIVAL-FC,58.82,bike-components,69.99,EUR,https://www.bike-components.de/en/SRAM/Rival-DUB-2x12-speed-Crankset-p81651/
2026-09-05,SR-RIVAL-FC-PM,226.01,rose,268.95,EUR,https://www.rosebikes.de/p/sram-rival-axstm-power-meter-kurbel-2-x-12-fach-2700080
2026-09-05,SR-RIVAL-CS,71.42,bike-components,84.99,EUR,https://www.bike-components.de/en/SRAM/XG-1250-12-speed-Cassette-for-Rival-p81658/
2026-09-05,SR-RIVAL-CN,15.92,rose,18.95,EUR,https://www.rosebikes.de/p/sram-rival-2-x-12-fach-axs-kettenblatt-innen-2699864
2026-09-05,SR-RIVAL-SET,18.76,kupkolo,549.0,CZK,https://www.kupkolo.cz/servisni-sada-pro-sram-brzdovy-trmen-rival-axs_z122150/
2026-09-05,SR-RIVAL-SET-PM,1462.18,bike-components,1740.0,EUR,https://www.bike-components.de/de/SRAM/Rival-E1-AXS-HRD-FM-Powermeter-Gruppe-2x12-fach-35-48-p218860/
2026-09-05,SR-FORCE-D2-SET,16.8,bike-discount,19.99,EUR,https://www.bike-discount.de/en/sram-rival/force/red-axs-brake-caliper-service-kit
2026-09-05,SR-RIVAL-D1-SET,5.45,bike-components,6.49,EUR,https://www.bike-components.de/en/SRAM/Mounting-Adjustment-Bolt-Kit-for-Rival-eTap-AXS-Rear-Derailleur-p81638/
2026-09-05,SR-RED-D1-SET,4.19,bike-components,4.99,EUR,https://www.bike-components.de/en/SRAM/Pushrod-Kit-for-Red-eTap-AXS-E1-p96247/
2026-09-05,SR-X-BATTERY,38.57,kupkolo,1129.0,CZK,https://www.kupkolo.cz/sram-baterie-etap-axs-pro-prehazovacku-nebo-presmykac-1kus_z100168/
2026-09-05,SR-X-CHARGER,34.67,mantel,41.95,EUR,https://www.mantel.com/en/sram-etap-axs-battery-charger
2026-09-05,SR-X-PACELINE-160,30.2,hupnakolo,884.0,CZK,https://www.hupnakolo.cz/00-5018-248-001-sram-am-db-rotor-cl-paceline-160-roundedlr-a2/
2026-09-05,SR-X-PACELINE-X-160,45.71,hupnakolo,1338.0,CZK,https://www.hupnakolo.cz/sram-paceline-x-center-lock-160-mm---dvoudilny-brzdovy-kotouc-rounded-edges/
2026-09-06,SH-105-STBR,156.82,kupkolo,4590.0,CZK,https://www.kupkolo.cz/radici-a-brzdova-paka-shimano-105-di2-st-r7170-2x12_z119215/
2026-09-06,SH-105-RD,126.04,bike-components,149.99,EUR,https://www.bike-components.de/en/Shimano/105-Di2-Rear-Derailleur-Shadow-RD-R7150-12-speed-p88619/
2026-09-06,SH-105-FD,54.61,bike-components,64.99,EUR,https://www.bike-components.de/de/Shimano/105-Di2-Umwerfer-FD-R7150-2-12-fach-p88620/
2026-09-06,SH-105-FC,60.46,rose,71.95,EUR,https://www.rosebikes.de/p/shimano-105-fc-r7100-hollowtech-ii-kurbel-2-x-12-fach-5034-2701936
2026-09-06,SH-105-CS,41.97,rose,49.95,EUR,https://www.rosebikes.de/p/shimano-105-cs-r7100-12-fach-zahnkranz-2713281
2026-09-06,SH-105-CS2,46.94,hupnakolo,1374.0,CZK,https://www.hupnakolo.cz/shimano-kazeta-105-cs-hg710-12-12-rychl--11-36-z--bal/
2026-09-06,SH-105-CN,14.66,hupnakolo,429.0,CZK,https://www.hupnakolo.cz/shimano-retez-slx-cn-m7100-12rychl-116cl--s-rychlospojkou-box-20-ks/
2026-09-06,SH-105-SET,671.43,bike-discount,799.0,EUR,https://www.bike-discount.de/de/shimano-105-di2-r7170-2x12-fach-gruppe-disc-top-deal
2026-09-06,SH-ULT-STBR,234.41,rose,278.95,EUR,https://www.rosebikes.de/p/shimano-ultegra-di2-st-r8170-sti-brems-schalthebelkombination-mit-br-r8170-scheibenbremse-j-kit-direct-2700381
2026-09-06,SH-ULT-RD,1.25,bike-components,1.49,EUR,https://www.bike-components.de/en/Shimano/Adjustment-Gauge-for-RD-R9250-RD-R8150-p92737/
2026-09-06,SH-ULT-FD,134.45,bike-discount,159.99,EUR,https://www.bike-discount.de/de/shimano-ultegra-di2-fd-r8150-2x12-fach-umwerfer
2026-09-06,SH-ULT-FC,17.25,mantel,156.0,DKK,https://www.mantel.com/dk/shimano-ultegra-fc-r8100-klinge
2026-09-06,SH-ULT-FC-PM,2.15,hupnakolo,63.0,CZK,https://www.hupnakolo.cz/adapter-predni-brzdy-is-pm-203-mm/
2026-09-06,SH-ULT-CS,109.24,bike-components,129.99,EUR,https://www.bike-components.de/en/Shimano/Ultegra-Cassette-CS-R8100-Chain-CN-M8101-12-speed-Wear-Set-p213611/
2026-09-06,SH-ULT-CN,20.11,starbike,23.93,EUR,https://www.starbike.com/en/shimano-xt-cn-m8100-12-speed-chain/
2026-09-06,SH-ULT-SET,1008.39,bike-discount,1199.99,EUR,https://www.bike-discount.de/de/shimano-ultegra-di2-r8170-2x12-fach-gruppe-disc-140/160mm-1
2026-09-06,SH-ULT-SET-PM,1420.16,bike-discount,1689.99,EUR,https://www.bike-discount.de/de/shimano-ultegra-di2-r8170-p-2x12-fach-powermeter-gruppe-disc-160/160mm
2026-09-06,SH-DA-STBR,317.03,kupkolo,9279.0,CZK,https://www.kupkolo.cz/radici-a-brzdova-paka-shimano-dura-ace-di2-st-r9270-trmen-br-r9270_z123165/
2026-09-06,SH-DA-RD,1.25,bike-components,1.49,EUR,https://www.bike-components.de/en/Shimano/Adjustment-Gauge-for-RD-R9250-RD-R8150-p92737/
2026-09-06,SH-DA-FD,210.08,bike-components,249.99,EUR,https://www.bike-components.de/en/Shimano/Dura-Ace-Di2-FD-R9250-2-12-speed-Front-Derailleur-p84376/
2026-09-06,SH-DA-FC,25.87,mantel,234.0,DKK,https://www.mantel.com/dk/shimano-dura-ace-fc-r9200-klinge
2026-09-06,SH-DA-FC-PM,5.03,bike-components,5.99,EUR,https://www.bike-components.de/en/Shimano/Magnet-Set-for-FC-R9100-P-FC-R9200-P-Power-Meters-p63981/
2026-09-06,SH-DA-CS,122.65,rose,145.95,EUR,https://www.rosebikes.de/p/shimano-dura-ace-cs-r9200-12-fach-zahnkranz-11-30-2705202
2026-09-06,SH-DA-CN,31.64,starbike,37.65,EUR,https://www.starbike.com/en/shimano-xtr-cn-9100-chain/
2026-09-06,SH-DA-SET,1679.83,bike-discount,1999.0,EUR,https://www.bike-discount.de/de/shimano-dura-ace-di2-r9270-2x12-fach-gruppe-disc-140/160mm
2026-09-06,SH-DA-SET-PM,2184.03,bike-discount,2599.0,EUR,https://www.bike-discount.de/de/shimano-dura-ace-di2-r9270-p-2x12-fach-powermeter-gruppe-disc-140-160mm-top-deal
2026-09-06,SH-X-BT-DN300,5.03,bike-discount,5.99,EUR,https://www.bike-discount.de/it/shimano-unita-adattatore-per-bt-dn300
2026-09-06,SH-X-EW-EC300,26.88,bike-components,31.99,EUR,https://www.bike-components.de/en/Shimano/USB-Charging-Cable-EW-EC300-for-BT-DN300-Di2-FC-R9200-P-Power-Meter-p84426/
2026-09-06,SH-X-RT-CL800,31.43,hupnakolo,920.0,CZK,https://www.hupnakolo.cz/brzdovy-kotouc-shimano-rt-cl800-160mm-center-lock--ice-technologies--v-krabicce/
2026-09-06,SH-X-RT-CL900,46.02,hupnakolo,1347.0,CZK,https://www.hupnakolo.cz/shimano-brzd-kotouc-ostatni-rt-cl900-center-lock-160-mm-pro-ice-tech-lock-ring--interni-/
2026-09-06,SR-RED-STBR,402.52,bike-components,479.0,EUR,https://www.bike-components.de/en/SRAM/Red-E1-AXS-HRD-Disc-Brake-with-Shift-Brake-Lever-p94400/
2026-09-06,SR-RED-RD,436.13,bike-components,519.0,EUR,https://www.bike-components.de/en/SRAM/Red-E1-AXS-12-speed-Rear-Derailleur-p94401/
2026-09-06,SR-RED-FD,5.87,bike-components,6.99,EUR,https://www.bike-components.de/en/SRAM/Adjustment-Gauge-for-Red-E1-AXS-Front-Derailleur-p94395/
2026-09-06,SR-RED-FC,251.26,bike-components,299.0,EUR,https://www.bike-components.de/en/SRAM/Red-E1-DUB-2x12-speed-Carbon-Crankset-p94131/
2026-09-06,SR-RED-FC-PM,630.24,bike-discount,749.99,EUR,https://www.bike-discount.de/de/sram-red-axs-dub-powermeter-2x12-fach-carbon-kurbel-50/37
2026-09-06,SR-RED-CS,187.06,hupnakolo,5475.0,CZK,https://www.hupnakolo.cz/sram-red-xg-1290-12rychlostni-kazeta-2/
2026-09-06,SR-RED-CN,20.13,rose,23.95,EUR,https://www.rosebikes.de/p/sram-red-22force-22-kettenblatt-859274
2026-09-06,SR-RED-SET,294.11,bike-discount,349.99,EUR,https://www.bike-discount.de/de/sram-red-axs-e1-hrd-schalt-bremshebel-kit
2026-09-06,SR-RED-SET-PM,487.39,bike-discount,579.99,EUR,https://www.bike-discount.de/de/sram-red-axs-e1-powermeter-kit
2026-09-06,SR-FORCE-STBR,43.69,bike-discount,51.99,EUR,https://www.bike-discount.de/de/sram-force-axs-e1-12-fach-schaltrollen-set
2026-09-06,SR-FORCE-RD,226.01,rose,268.95,EUR,https://www.rosebikes.de/p/sram-force-axstm-12-fach-schaltwerk-159625
2026-09-06,SR-FORCE-FD,139.49,bike-components,165.99,EUR,https://www.bike-components.de/en/SRAM/Force-E1-AXS-Front-Derailleur-2-speed-p96643/
2026-09-06,SR-FORCE-FC,56.29,bike-components,66.99,EUR,https://www.bike-components.de/en/SRAM/Force-AXS-2x12-Crankset-p217468/
2026-09-06,SR-FORCE-FC-PM,268.87,rose,319.95,EUR,https://www.rosebikes.de/p/sram-force-1r-axstm-power-meter-kurbel-1-x-12-fach-2718601
2026-09-06,SR-FORCE-CS,109.24,bike-components,129.99,EUR,https://www.bike-components.de/en/SRAM/Force-XG-1270-E1-12-speed-cassette-p96652/
2026-09-06,SR-FORCE-CN,1.88,hupnakolo,55.0,CZK,https://www.hupnakolo.cz/spojka-pyc-pro-9-retez--1sada-1-blistr-6ks-spojek/
2026-09-06,SR-FORCE-SET,123.52,bike-components,146.99,EUR,https://www.bike-components.de/en/SRAM/Shift-Brake-Lever-Kit-Force-E1-Axs-Disc-p215226/
2026-09-06,SR-FORCE-SET-PM,2361.34,bike-components,2810.0,EUR,https://www.bike-components.de/de/SRAM/Force-E1-AXS-HRD-FM-Powermeter-Gruppe-2x12-fach-33-46-p218460/
2026-09-06,SR-RIVAL-STBR,16.8,bike-discount,19.99,EUR,https://www.bike-discount.de/en/sram-rival/force/red-axs-brake-caliper-service-kit
2026-09-06,SR-RIVAL-RD,163.02,bike-components,193.99,EUR,https://www.bike-components.de/en/SRAM/Rival-E1-AXS-12-speed-rear-derailleur-p96663/
2026-09-06,SR-RIVAL-FD,106.61,mantel,129.0,EUR,https://www.mantel.com/en/sram-rival-axs-e1-embargo-17-6-front-derailleur
2026-09-06,SR-RIVAL-FC,58.82,bike-components,69.99,EUR,https://www.bike-components.de/en/SRAM/Rival-DUB-2x12-speed-Crankset-p81651/
2026-09-06,SR-RIVAL-FC-PM,226.01,rose,268.95,EUR,https://www.rosebikes.de/p/sram-rival-axstm-power-meter-kurbel-2-x-12-fach-2700080
2026-09-06,SR-RIVAL-CS,71.42,bike-components,84.99,EUR,https://www.bike-components.de/en/SRAM/XG-1250-12-speed-Cassette-for-Rival-p81658/
2026-09-06,SR-RIVAL-CN,15.92,rose,18.95,EUR,https://www.rosebikes.de/p/sram-rival-2-x-12-fach-axs-kettenblatt-innen-2699864
2026-09-06,SR-RIVAL-SET,18.76,kupkolo,549.0,CZK,https://www.kupkolo.cz/servisni-sada-pro-sram-brzdovy-trmen-rival-axs_z122150/
2026-09-06,SR-RIVAL-SET-PM,1462.18,bike-components,1740.0,EUR,https://www.bike-components.de/de/SRAM/Rival-E1-AXS-HRD-FM-Powermeter-Gruppe-2x12-fach-35-48-p218860/
2026-09-06,SR-FORCE-D2-SET,16.8,bike-discount,19.99,EUR,https://www.bike-discount.de/en/sram-rival/force/red-axs-brake-caliper-service-kit
2026-09-06,SR-RIVAL-D1-SET,5.45,bike-components,6.49,EUR,https://www.bike-components.de/en/SRAM/Mounting-Adjustment-Bolt-Kit-for-Rival-eTap-AXS-Rear-Derailleur-p81638/
2026-09-06,SR-RED-D1-SET,4.19,bike-components,4.99,EUR,https://www.bike-components.de/en/SRAM/Pushrod-Kit-for-Red-eTap-AXS-E1-p96247/
2026-09-06,SR-X-BATTERY,38.57,kupkolo,1129.0,CZK,https://www.kupkolo.cz/sram-baterie-etap-axs-pro-prehazovacku-nebo-presmykac-1kus_z100168/
2026-09-06,SR-X-CHARGER,34.67,mantel,41.95,EUR,https://www.mantel.com/en/sram-etap-axs-battery-charger
2026-09-06,SR-X-PACELINE-160,30.2,hupnakolo,884.0,CZK,https://www.hupnakolo.cz/00-5018-248-001-sram-am-db-rotor-cl-paceline-160-roundedlr-a2/
2026-09-06,SR-X-PACELINE-X-160,45.71,hupnakolo,1338.0,CZK,https://www.hupnakolo.cz/sram-paceline-x-center-lock-160-mm---dvoudilny-brzdovy-kotouc-rounded-edges/
2026-09-07,SH-105-STBR,156.82,kupkolo,4590.0,CZK,https://www.kupkolo.cz/radici-a-brzdova-paka-shimano-105-di2-st-r7170-2x12_z119215/
2026-09-07,SH-105-RD,126.04,bike-components,149.99,EUR,https://www.bike-components.de/en/Shimano/105-Di2-Rear-Derailleur-Shadow-RD-R7150-12-speed-p88619/
2026-09-07,SH-105-FD,54.61,bike-components,64.99,EUR,https://www.bike-components.de/de/Shimano/105-Di2-Umwerfer-FD-R7150-2-12-fach-p88620/
2026-09-07,SH-105-FC,60.46,rose,71.95,EUR,https://www.rosebikes.de/p/shimano-105-fc-r7100-hollowtech-ii-kurbel-2-x-12-fach-5034-2701936
2026-09-07,SH-105-CS,41.97,rose,49.95,EUR,https://www.rosebikes.de/p/shimano-105-cs-r7100-12-fach-zahnkranz-2713281
2026-09-07,SH-105-CS2,46.94,hupnakolo,1374.0,CZK,https://www.hupnakolo.cz/shimano-kazeta-105-cs-hg710-12-12-rychl--11-36-z--bal/
2026-09-07,SH-105-CN,14.66,hupnakolo,429.0,CZK,https://www.hupnakolo.cz/shimano-retez-slx-cn-m7100-12rychl-116cl--s-rychlospojkou-box-20-ks/
2026-09-07,SH-105-SET,671.43,bike-discount,799.0,EUR,https://www.bike-discount.de/de/shimano-105-di2-r7170-2x12-fach-gruppe-disc-top-deal
2026-09-07,SH-ULT-STBR,234.41,rose,278.95,EUR,https://www.rosebikes.de/p/shimano-ultegra-di2-st-r8170-sti-brems-schalthebelkombination-mit-br-r8170-scheibenbremse-j-kit-direct-2700381
2026-09-07,SH-ULT-RD,1.25,bike-components,1.49,EUR,https://www.bike-components.de/en/Shimano/Adjustment-Gauge-for-RD-R9250-RD-R8150-p92737/
2026-09-07,SH-ULT-FD,134.45,bike-discount,159.99,EUR,https://www.bike-discount.de/de/shimano-ultegra-di2-fd-r8150-2x12-fach-umwerfer
2026-09-07,SH-ULT-FC,17.25,mantel,156.0,DKK,https://www.mantel.com/dk/shimano-ultegra-fc-r8100-klinge
2026-09-07,SH-ULT-FC-PM,2.15,hupnakolo,63.0,CZK,https://www.hupnakolo.cz/adapter-predni-brzdy-is-pm-203-mm/
2026-09-07,SH-ULT-CS,109.24,bike-components,129.99,EUR,https://www.bike-components.de/en/Shimano/Ultegra-Cassette-CS-R8100-Chain-CN-M8101-12-speed-Wear-Set-p213611/
2026-09-07,SH-ULT-CN,20.11,starbike,23.93,EUR,https://www.starbike.com/en/shimano-xt-cn-m8100-12-speed-chain/
2026-09-07,SH-ULT-SET,1008.39,bike-discount,1199.99,EUR,https://www.bike-discount.de/de/shimano-ultegra-di2-r8170-2x12-fach-gruppe-disc-140/160mm-1
2026-09-07,SH-ULT-SET-PM,1420.16,bike-discount,1689.99,EUR,https://www.bike-discount.de/de/shimano-ultegra-di2-r8170-p-2x12-fach-powermeter-gruppe-disc-160/160mm
2026-09-07,SH-DA-STBR,317.03,kupkolo,9279.0,CZK,https://www.kupkolo.cz/radici-a-brzdova-paka-shimano-dura-ace-di2-st-r9270-trmen-br-r9270_z123165/
2026-09-07,SH-DA-RD,1.25,bike-components,1.49,EUR,https://www.bike-components.de/en/Shimano/Adjustment-Gauge-for-RD-R9250-RD-R8150-p92737/
2026-09-07,SH-DA-FD,210.08,bike-components,249.99,EUR,https://www.bike-components.de/en/Shimano/Dura-Ace-Di2-FD-R9250-2-12-speed-Front-Derailleur-p84376/
2026-09-07,SH-DA-FC,25.87,mantel,234.0,DKK,https://www.mantel.com/dk/shimano-dura-ace-fc-r9200-klinge
2026-09-07,SH-DA-FC-PM,5.03,bike-components,5.99,EUR,https://www.bike-components.de/en/Shimano/Magnet-Set-for-FC-R9100-P-FC-R9200-P-Power-Meters-p63981/
2026-09-07,SH-DA-CS,122.65,rose,145.95,EUR,https://www.rosebikes.de/p/shimano-dura-ace-cs-r9200-12-fach-zahnkranz-11-30-2705202
2026-09-07,SH-DA-CN,31.64,starbike,37.65,EUR,https://www.starbike.com/en/shimano-xtr-cn-9100-chain/
2026-09-07,SH-DA-SET,1679.83,bike-discount,1999.0,EUR,https://www.bike-discount.de/de/shimano-dura-ace-di2-r9270-2x12-fach-gruppe-disc-140/160mm
2026-09-07,SH-DA-SET-PM,2184.03,bike-discount,2599.0,EUR,https://www.bike-discount.de/de/shimano-dura-ace-di2-r9270-p-2x12-fach-powermeter-gruppe-disc-140-160mm-top-deal
2026-09-07,SH-X-BT-DN300,5.03,bike-discount,5.99,EUR,https://www.bike-discount.de/it/shimano-unita-adattatore-per-bt-dn300
2026-09-07,SH-X-EW-EC300,26.88,bike-components,31.99,EUR,https://www.bike-components.de/en/Shimano/USB-Charging-Cable-EW-EC300-for-BT-DN300-Di2-FC-R9200-P-Power-Meter-p84426/
2026-09-07,SH-X-RT-CL800,31.43,hupnakolo,920.0,CZK,https://www.hupnakolo.cz/brzdovy-kotouc-shimano-rt-cl800-160mm-center-lock--ice-technologies--v-krabicce/
2026-09-07,SH-X-RT-CL900,46.02,hupnakolo,1347.0,CZK,https://www.hupnakolo.cz/shimano-brzd-kotouc-ostatni-rt-cl900-center-lock-160-mm-pro-ice-tech-lock-ring--interni-/
2026-09-07,SR-RED-STBR,402.52,bike-components,479.0,EUR,https://www.bike-components.de/en/SRAM/Red-E1-AXS-HRD-Disc-Brake-with-Shift-Brake-Lever-p94400/
2026-09-07,SR-RED-RD,436.13,bike-components,519.0,EUR,https://www.bike-components.de/en/SRAM/Red-E1-AXS-12-speed-Rear-Derailleur-p94401/
2026-09-07,SR-RED-FD,5.87,bike-components,6.99,EUR,https://www.bike-components.de/en/SRAM/Adjustment-Gauge-for-Red-E1-AXS-Front-Derailleur-p94395/
2026-09-07,SR-RED-FC,251.26,bike-components,299.0,EUR,https://www.bike-components.de/en/SRAM/Red-E1-DUB-2x12-speed-Carbon-Crankset-p94131/
2026-09-07,SR-RED-FC-PM,630.24,bike-discount,749.99,EUR,https://www.bike-discount.de/de/sram-red-axs-dub-powermeter-2x12-fach-carbon-kurbel-50/37
2026-09-07,SR-RED-CS,187.54,hupnakolo,5489.0,CZK,https://www.hupnakolo.cz/sram-red-xg-1290-12rychlostni-kazeta-2/
2026-09-07,SR-RED-CN,20.13,rose,23.95,EUR,https://www.rosebikes.de/p/sram-red-22force-22-kettenblatt-859274
2026-09-07,SR-RED-SET,294.11,bike-discount,349.99,EUR,https://www.bike-discount.de/de/sram-red-axs-e1-hrd-schalt-bremshebel-kit
2026-09-07,SR-RED-SET-PM,487.39,bike-discount,579.99,EUR,https://www.bike-discount.de/de/sram-red-axs-e1-powermeter-kit
2026-09-07,SR-FORCE-STBR,43.69,bike-discount,51.99,EUR,https://www.bike-discount.de/de/sram-force-axs-e1-12-fach-schaltrollen-set
2026-09-07,SR-FORCE-RD,226.01,rose,268.95,EUR,https://www.rosebikes.de/p/sram-force-axstm-12-fach-schaltwerk-159625
2026-09-07,SR-FORCE-FD,139.49,bike-components,165.99,EUR,https://www.bike-components.de/en/SRAM/Force-E1-AXS-Front-Derailleur-2-speed-p96643/
2026-09-07,SR-FORCE-FC,56.29,bike-components,66.99,EUR,https://www.bike-components.de/en/SRAM/Force-AXS-2x12-Crankset-p217468/
2026-09-07,SR-FORCE-FC-PM,268.87,rose,319.95,EUR,https://www.rosebikes.de/p/sram-force-1r-axstm-power-meter-kurbel-1-x-12-fach-2718601
2026-09-07,SR-FORCE-CS,109.24,bike-components,129.99,EUR,https://www.bike-components.de/en/SRAM/Force-XG-1270-E1-12-speed-cassette-p96652/
2026-09-07,SR-FORCE-CN,1.88,hupnakolo,55.0,CZK,https://www.hupnakolo.cz/spojka-pyc-pro-9-retez--1sada-1-blistr-6ks-spojek/
2026-09-07,SR-FORCE-SET,123.52,bike-components,146.99,EUR,https://www.bike-components.de/en/SRAM/Shift-Brake-Lever-Kit-Force-E1-Axs-Disc-p215226/
2026-09-07,SR-FORCE-SET-PM,2361.34,bike-components,2810.0,EUR,https://www.bike-components.de/de/SRAM/Force-E1-AXS-HRD-FM-Powermeter-Gruppe-2x12-fach-33-46-p218460/
2026-09-07,SR-RIVAL-STBR,16.8,bike-discount,19.99,EUR,https://www.bike-discount.de/en/sram-rival/force/red-axs-brake-caliper-service-kit
2026-09-07,SR-RIVAL-RD,163.02,bike-components,193.99,EUR,https://www.bike-components.de/en/SRAM/Rival-E1-AXS-12-speed-rear-derailleur-p96663/
2026-09-07,SR-RIVAL-FD,106.61,mantel,129.0,EUR,https://www.mantel.com/en/sram-rival-axs-e1-embargo-17-6-front-derailleur
2026-09-07,SR-RIVAL-FC,58.82,bike-components,69.99,EUR,https://www.bike-components.de/en/SRAM/Rival-DUB-2x12-speed-Crankset-p81651/
2026-09-07,SR-RIVAL-FC-PM,226.01,rose,268.95,EUR,https://www.rosebikes.de/p/sram-rival-axstm-power-meter-kurbel-2-x-12-fach-2700080
2026-09-07,SR-RIVAL-CS,71.42,bike-components,84.99,EUR,https://www.bike-components.de/en/SRAM/XG-1250-12-speed-Cassette-for-Rival-p81658/
2026-09-07,SR-RIVAL-CN,15.92,rose,18.95,EUR,https://www.rosebikes.de/p/sram-rival-2-x-12-fach-axs-kettenblatt-innen-2699864
2026-09-07,SR-RIVAL-SET,18.76,kupkolo,549.0,CZK,https://www.kupkolo.cz/servisni-sada-pro-sram-brzdovy-trmen-rival-axs_z122150/
2026-09-07,SR-RIVAL-SET-PM,1462.18,bike-components,1740.0,EUR,https://www.bike-components.de/de/SRAM/Rival-E1-AXS-HRD-FM-Powermeter-Gruppe-2x12-fach-35-48-p218860/
2026-09-07,SR-FORCE-D2-SET,16.8,bike-discount,19.99,EUR,https://www.bike-discount.de/en/sram-rival/force/red-axs-brake-caliper-service-kit
2026-09-07,SR-RIVAL-D1-SET,5.45,bike-components,6.49,EUR,https://www.bike-components.de/en/SRAM/Mounting-Adjustment-Bolt-Kit-for-Rival-eTap-AXS-Rear-Derailleur-p81638/
2026-09-07,SR-RED-D1-SET,4.19,bike-components,4.99,EUR,https://www.bike-components.de/en/SRAM/Pushrod-Kit-for-Red-eTap-AXS-E1-p96247/
2026-09-07,SR-X-BATTERY,38.57,kupkolo,1129.0,CZK,https://www.kupkolo.cz/sram-baterie-etap-axs-pro-prehazovacku-nebo-presmykac-1kus_z100168/
2026-09-07,SR-X-CHARGER,34.67,mantel,41.95,EUR,https://www.mantel.com/en/sram-etap-axs-battery-charger
2026-09-07,SR-X-PACELINE-160,30.2,hupnakolo,884.0,CZK,https://www.hupnakolo.cz/00-5018-248-001-sram-am-db-rotor-cl-paceline-160-roundedlr-a2/
2026-09-07,SR-X-PACELINE-X-160,45.71,hupnakolo,1338.0,CZK,https://www.hupnakolo.cz/sram-paceline-x-center-lock-160-mm---dvoudilny-brzdovy-kotouc-rounded-edges/
2026-09-08,SH-105-STBR,156.77,kupkolo,4590.0,CZK,https://www.kupkolo.cz/radici-a-brzdova-paka-shimano-105-di2-st-r7170-2x12_z119215/
2026-09-08,SH-105-RD,126.04,bike-components,149.99,EUR,https://www.bike-components.de/en/Shimano/105-Di2-Rear-Derailleur-Shadow-RD-R7150-12-speed-p88619/
2026-09-08,SH-105-FD,54.61,bike-components,64.99,EUR,https://www.bike-components.de/de/Shimano/105-Di2-Umwerfer-FD-R7150-2-12-fach-p88620/
2026-09-08,SH-105-FC,60.46,rose,71.95,EUR,https://www.rosebikes.de/p/shimano-105-fc-r7100-hollowtech-ii-kurbel-2-x-12-fach-5034-2701936
2026-09-08,SH-105-CS,41.97,rose,49.95,EUR,https://www.rosebikes.de/p/shimano-105-cs-r7100-12-fach-zahnkranz-2713281
2026-09-08,SH-105-CS2,46.93,hupnakolo,1374.0,CZK,https://www.hupnakolo.cz/shimano-kazeta-105-cs-hg710-12-12-rychl--11-36-z--bal/
2026-09-08,SH-105-CN,14.65,hupnakolo,429.0,CZK,https://www.hupnakolo.cz/shimano-retez-slx-cn-m7100-12rychl-116cl--s-rychlospojkou-box-20-ks/
2026-09-08,SH-105-SET,671.43,bike-discount,799.0,EUR,https://www.bike-discount.de/de/shimano-105-di2-r7170-2x12-fach-gruppe-disc-top-deal
2026-09-08,SH-ULT-STBR,234.41,rose,278.95,EUR,https://www.rosebikes.de/p/shimano-ultegra-di2-st-r8170-sti-brems-schalthebelkombination-mit-br-r8170-scheibenbremse-j-kit-direct-2700381
2026-09-08,SH-ULT-RD,1.25,bike-components,1.49,EUR,https://www.bike-components.de/en/Shimano/Adjustment-Gauge-for-RD-R9250-RD-R8150-p92737/
2026-09-08,SH-ULT-FD,134.45,bike-discount,159.99,EUR,https://www.bike-discount.de/de/shimano-ultegra-di2-fd-r8150-2x12-fach-umwerfer
2026-09-08,SH-ULT-FC,17.25,mantel,156.0,DKK,https://www.mantel.com/dk/shimano-ultegra-fc-r8100-klinge
2026-09-08,SH-ULT-FC-PM,2.15,hupnakolo,63.0,CZK,https://www.hupnakolo.cz/adapter-predni-brzdy-is-pm-203-mm/
2026-09-08,SH-ULT-CS,109.24,bike-components,129.99,EUR,https://www.bike-components.de/en/Shimano/Ultegra-Cassette-CS-R8100-Chain-CN-M8101-12-speed-Wear-Set-p213611/
2026-09-08,SH-ULT-CN,20.11,starbike,23.93,EUR,https://www.starbike.com/en/shimano-xt-cn-m8100-12-speed-chain/
2026-09-08,SH-ULT-SET,1008.39,bike-discount,1199.99,EUR,https://www.bike-discount.de/de/shimano-ultegra-di2-r8170-2x12-fach-gruppe-disc-140/160mm-1
2026-09-08,SH-ULT-SET-PM,1420.16,bike-discount,1689.99,EUR,https://www.bike-discount.de/de/shimano-ultegra-di2-r8170-p-2x12-fach-powermeter-gruppe-disc-160/160mm
2026-09-08,SH-DA-STBR,316.92,kupkolo,9279.0,CZK,https://www.kupkolo.cz/radici-a-brzdova-paka-shimano-dura-ace-di2-st-r9270-trmen-br-r9270_z123165/
2026-09-08,SH-DA-RD,1.25,bike-components,1.49,EUR,https://www.bike-components.de/en/Shimano/Adjustment-Gauge-for-RD-R9250-RD-R8150-p92737/
2026-09-08,SH-DA-FD,210.08,bike-components,249.99,EUR,https://www.bike-components.de/en/Shimano/Dura-Ace-Di2-FD-R9250-2-12-speed-Front-Derailleur-p84376/
2026-09-08,SH-DA-FC,25.87,mantel,234.0,DKK,https://www.mantel.com/dk/shimano-dura-ace-fc-r9200-klinge
2026-09-08,SH-DA-FC-PM,5.03,bike-components,5.99,EUR,https://www.bike-components.de/en/Shimano/Magnet-Set-for-FC-R9100-P-FC-R9200-P-Power-Meters-p63981/
2026-09-08,SH-DA-CS,122.65,rose,145.95,EUR,https://www.rosebikes.de/p/shimano-dura-ace-cs-r9200-12-fach-zahnkranz-11-30-2705202
2026-09-08,SH-DA-CN,31.64,starbike,37.65,EUR,https://www.starbike.com/en/shimano-xtr-cn-9100-chain/
2026-09-08,SH-DA-SET,1679.83,bike-discount,1999.0,EUR,https://www.bike-discount.de/de/shimano-dura-ace-di2-r9270-2x12-fach-gruppe-disc-140/160mm
2026-09-08,SH-X-BT-DN300,5.03,bike-discount,5.99,EUR,https://www.bike-discount.de/it/shimano-unita-adattatore-per-bt-dn300
2026-09-08,SH-X-EW-EC300,26.88,bike-components,31.99,EUR,https://www.bike-components.de/en/Shimano/USB-Charging-Cable-EW-EC300-for-BT-DN300-Di2-FC-R9200-P-Power-Meter-p84426/
2026-09-08,SH-X-RT-CL800,31.42,hupnakolo,920.0,CZK,https://www.hupnakolo.cz/brzdovy-kotouc-shimano-rt-cl800-160mm-center-lock--ice-technologies--v-krabicce/
2026-09-08,SH-X-RT-CL900,46.01,hupnakolo,1347.0,CZK,https://www.hupnakolo.cz/shimano-brzd-kotouc-ostatni-rt-cl900-center-lock-160-mm-pro-ice-tech-lock-ring--interni-/
2026-09-08,SR-RED-STBR,402.52,bike-components,479.0,EUR,https://www.bike-components.de/en/SRAM/Red-E1-AXS-HRD-Disc-Brake-with-Shift-Brake-Lever-p94400/
2026-09-08,SR-RED-RD,436.13,bike-components,519.0,EUR,https://www.bike-components.de/en/SRAM/Red-E1-AXS-12-speed-Rear-Derailleur-p94401/
2026-09-08,SR-RED-FD,5.87,bike-components,6.99,EUR,https://www.bike-components.de/en/SRAM/Adjustment-Gauge-for-Red-E1-AXS-Front-Derailleur-p94395/
2026-09-08,SR-RED-FC,251.26,bike-components,299.0,EUR,https://www.bike-components.de/en/SRAM/Red-E1-DUB-2x12-speed-Carbon-Crankset-p94131/
2026-09-08,SR-RED-FC-PM,630.24,bike-discount,749.99,EUR,https://www.bike-discount.de/de/sram-red-axs-dub-powermeter-2x12-fach-carbon-kurbel-50/37
2026-09-08,SR-RED-CS,187.48,hupnakolo,5489.0,CZK,https://www.hupnakolo.cz/sram-red-xg-1290-12rychlostni-kazeta-2/
2026-09-08,SR-RED-CN,20.13,rose,23.95,EUR,https://www.rosebikes.de/p/sram-red-22force-22-kettenblatt-859274
2026-09-08,SR-RED-SET,294.11,bike-discount,349.99,EUR,https://www.bike-discount.de/de/sram-red-axs-e1-hrd-schalt-bremshebel-kit
2026-09-08,SR-RED-SET-PM,487.39,bike-discount,579.99,EUR,https://www.bike-discount.de/de/sram-red-axs-e1-powermeter-kit
2026-09-08,SR-FORCE-STBR,43.69,bike-discount,51.99,EUR,https://www.bike-discount.de/de/sram-force-axs-e1-12-fach-schaltrollen-set
2026-09-08,SR-FORCE-RD,226.01,rose,268.95,EUR,https://www.rosebikes.de/p/sram-force-axstm-12-fach-schaltwerk-159625
2026-09-08,SR-FORCE-FD,139.49,bike-components,165.99,EUR,https://www.bike-components.de/en/SRAM/Force-E1-AXS-Front-Derailleur-2-speed-p96643/
2026-09-08,SR-FORCE-FC,56.29,bike-components,66.99,EUR,https://www.bike-components.de/en/SRAM/Force-AXS-2x12-Crankset-p217468/
2026-09-08,SR-FORCE-FC-PM,268.87,rose,319.95,EUR,https://www.rosebikes.de/p/sram-force-1r-axstm-power-meter-kurbel-1-x-12-fach-2718601
2026-09-08,SR-FORCE-CS,109.24,bike-components,129.99,EUR,https://www.bike-components.de/en/SRAM/Force-XG-1270-E1-12-speed-cassette-p96652/
2026-09-08,SR-FORCE-CN,1.88,hupnakolo,55.0,CZK,https://www.hupnakolo.cz/spojka-pyc-pro-9-retez--1sada-1-blistr-6ks-spojek/
2026-09-08,SR-FORCE-SET,123.52,bike-components,146.99,EUR,https://www.bike-components.de/en/SRAM/Shift-Brake-Lever-Kit-Force-E1-Axs-Disc-p215226/
2026-09-08,SR-FORCE-SET-PM,2361.34,bike-components,2810.0,EUR,https://www.bike-components.de/de/SRAM/Force-E1-AXS-HRD-FM-Powermeter-Gruppe-2x12-fach-33-46-p218460/
2026-09-08,SR-RIVAL-STBR,16.8,bike-discount,19.99,EUR,https://www.bike-discount.de/en/sram-rival/force/red-axs-brake-caliper-service-kit
2026-09-08,SR-RIVAL-RD,163.02,bike-components,193.99,EUR,https://www.bike-components.de/en/SRAM/Rival-E1-AXS-12-speed-rear-derailleur-p96663/
2026-09-08,SR-RIVAL-FD,106.61,mantel,129.0,EUR,https://www.mantel.com/en/sram-rival-axs-e1-embargo-17-6-front-derailleur
2026-09-08,SR-RIVAL-FC,58.82,bike-components,69.99,EUR,https://www.bike-components.de/en/SRAM/Rival-DUB-2x12-speed-Crankset-p81651/
2026-09-08,SR-RIVAL-FC-PM,226.01,rose,268.95,EUR,https://www.rosebikes.de/p/sram-rival-axstm-power-meter-kurbel-2-x-12-fach-2700080
2026-09-08,SR-RIVAL-CS,71.42,bike-components,84.99,EUR,https://www.bike-components.de/en/SRAM/XG-1250-12-speed-Cassette-for-Rival-p81658/
2026-09-08,SR-RIVAL-CN,15.92,rose,18.95,EUR,https://www.rosebikes.de/p/sram-rival-2-x-12-fach-axs-kettenblatt-innen-2699864
2026-09-08,SR-RIVAL-SET,18.75,kupkolo,549.0,CZK,https://www.kupkolo.cz/servisni-sada-pro-sram-brzdovy-trmen-rival-axs_z122150/
2026-09-08,SR-RIVAL-SET-PM,1462.18,bike-components,1740.0,EUR,https://www.bike-components.de/de/SRAM/Rival-E1-AXS-HRD-FM-Powermeter-Gruppe-2x12-fach-35-48-p218860/
2026-09-08,SR-FORCE-D2-SET,16.8,bike-discount,19.99,EUR,https://www.bike-discount.de/en/sram-rival/force/red-axs-brake-caliper-service-kit
2026-09-08,SR-RIVAL-D1-SET,5.45,bike-components,6.49,EUR,https://www.bike-components.de/en/SRAM/Mounting-Adjustment-Bolt-Kit-for-Rival-eTap-AXS-Rear-Derailleur-p81638/
2026-09-08,SR-RED-D1-SET,4.19,bike-components,4.99,EUR,https://www.bike-components.de/en/SRAM/Pushrod-Kit-for-Red-eTap-AXS-E1-p96247/
2026-09-08,SR-X-BATTERY,38.56,kupkolo,1129.0,CZK,https://www.kupkolo.cz/sram-baterie-etap-axs-pro-prehazovacku-nebo-presmykac-1kus_z100168/
2026-09-08,SR-X-CHARGER,34.67,mantel,41.95,EUR,https://www.mantel.com/en/sram-etap-axs-battery-charger
2026-09-08,SR-X-PACELINE-160,30.19,hupnakolo,884.0,CZK,https://www.hupnakolo.cz/00-5018-248-001-sram-am-db-rotor-cl-paceline-160-roundedlr-a2/
2026-09-08,SR-X-PACELINE-X-160,45.7,hupnakolo,1338.0,CZK,https://www.hupnakolo.cz/sram-paceline-x-center-lock-160-mm---dvoudilny-brzdovy-kotouc-rounded-edges/
2026-09-09,SH-105-STBR,156.84,kupkolo,4590.0,CZK,https://www.kupkolo.cz/radici-a-brzdova-paka-shimano-105-di2-st-r7170-2x12_z119215/
2026-09-09,SH-105-RD,126.04,bike-components,149.99,EUR,https://www.bike-components.de/en/Shimano/105-Di2-Rear-Derailleur-Shadow-RD-R7150-12-speed-p88619/
2026-09-09,SH-105-FD,54.61,bike-components,64.99,EUR,https://www.bike-components.de/de/Shimano/105-Di2-Umwerfer-FD-R7150-2-12-fach-p88620/
2026-09-09,SH-105-FC,60.46,rose,71.95,EUR,https://www.rosebikes.de/p/shimano-105-fc-r7100-hollowtech-ii-kurbel-2-x-12-fach-5034-2701936
2026-09-09,SH-105-CS,41.97,rose,49.95,EUR,https://www.rosebikes.de/p/shimano-105-cs-r7100-12-fach-zahnkranz-2713281
2026-09-09,SH-105-CS2,46.21,bike-components,54.99,EUR,https://www.bike-components.de/en/Shimano/CS-HG710-12-12-speed-Cassette-p88624/
2026-09-09,SH-105-CN,14.66,hupnakolo,429.0,CZK,https://www.hupnakolo.cz/shimano-retez-slx-cn-m7100-12rychl-116cl--s-rychlospojkou-box-20-ks/
2026-09-09,SH-105-SET,671.43,bike-discount,799.0,EUR,https://www.bike-discount.de/de/shimano-105-di2-r7170-2x12-fach-gruppe-disc-top-deal
2026-09-09,SH-ULT-STBR,234.41,rose,278.95,EUR,https://www.rosebikes.de/p/shimano-ultegra-di2-st-r8170-sti-brems-schalthebelkombination-mit-br-r8170-scheibenbremse-j-kit-direct-2700381
2026-09-09,SH-ULT-RD,1.25,bike-components,1.49,EUR,https://www.bike-components.de/en/Shimano/Adjustment-Gauge-for-RD-R9250-RD-R8150-p92737/
2026-09-09,SH-ULT-FD,134.45,bike-discount,159.99,EUR,https://www.bike-discount.de/de/shimano-ultegra-di2-fd-r8150-2x12-fach-umwerfer
2026-09-09,SH-ULT-FC,144.53,bike-components,171.99,EUR,https://www.bike-components.de/en/Shimano/Ultegra-FC-R8100-Hollowtech-II-Crankset-p84397/
2026-09-09,SH-ULT-FC-PM,2.15,hupnakolo,63.0,CZK,https://www.hupnakolo.cz/adapter-predni-brzdy-is-pm-203-mm/
2026-09-09,SH-ULT-CS,109.24,bike-components,129.99,EUR,https://www.bike-components.de/en/Shimano/Ultegra-Cassette-CS-R8100-Chain-CN-M8101-12-speed-Wear-Set-p213611/
2026-09-09,SH-ULT-CN,20.11,starbike,23.93,EUR,https://www.starbike.com/en/shimano-xt-cn-m8100-12-speed-chain/
2026-09-09,SH-ULT-SET,1008.39,bike-discount,1199.99,EUR,https://www.bike-discount.de/de/shimano-ultegra-di2-r8170-2x12-fach-gruppe-disc-140/160mm-1
2026-09-09,SH-ULT-SET-PM,1420.16,bike-discount,1689.99,EUR,https://www.bike-discount.de/de/shimano-ultegra-di2-r8170-p-2x12-fach-powermeter-gruppe-disc-160/160mm
2026-09-09,SH-DA-STBR,317.07,kupkolo,9279.0,CZK,https://www.kupkolo.cz/radici-a-brzdova-paka-shimano-dura-ace-di2-st-r9270-trmen-br-r9270_z123165/
2026-09-09,SH-DA-RD,1.25,bike-components,1.49,EUR,https://www.bike-components.de/en/Shimano/Adjustment-Gauge-for-RD-R9250-RD-R8150-p92737/
2026-09-09,SH-DA-FD,210.08,bike-components,249.99,EUR,https://www.bike-components.de/en/Shimano/Dura-Ace-Di2-FD-R9250-2-12-speed-Front-Derailleur-p84376/
2026-09-09,SH-DA-FC,209.24,bike-components,249.0,EUR,https://www.bike-components.de/en/Shimano/Dura-Ace-Hollowtech-II-FC-R9200-Crankset-p84383/
2026-09-09,SH-DA-FC-PM,5.03,bike-components,5.99,EUR,https://www.bike-components.de/en/Shimano/Magnet-Set-for-FC-R9100-P-FC-R9200-P-Power-Meters-p63981/
2026-09-09,SH-DA-CS,122.65,rose,145.95,EUR,https://www.rosebikes.de/p/shimano-dura-ace-cs-r9200-12-fach-zahnkranz-11-30-2705202
2026-09-09,SH-DA-CN,31.64,starbike,37.65,EUR,https://www.starbike.com/en/shimano-xtr-cn-9100-chain/
2026-09-09,SH-DA-SET,1679.83,bike-discount,1999.0,EUR,https://www.bike-discount.de/de/shimano-dura-ace-di2-r9270-2x12-fach-gruppe-disc-140/160mm
2026-09-09,SH-X-BT-DN300,5.03,bike-discount,5.99,EUR,https://www.bike-discount.de/it/shimano-unita-adattatore-per-bt-dn300
2026-09-09,SH-X-EW-EC300,26.88,bike-components,31.99,EUR,https://www.bike-components.de/en/Shimano/USB-Charging-Cable-EW-EC300-for-BT-DN300-Di2-FC-R9200-P-Power-Meter-p84426/
2026-09-09,SH-X-RT-CL800,31.44,hupnakolo,920.0,CZK,https://www.hupnakolo.cz/brzdovy-kotouc-shimano-rt-cl800-160mm-center-lock--ice-technologies--v-krabicce/
2026-09-09,SH-X-RT-CL900,46.03,hupnakolo,1347.0,CZK,https://www.hupnakolo.cz/shimano-brzd-kotouc-ostatni-rt-cl900-center-lock-160-mm-pro-ice-tech-lock-ring--interni-/
2026-09-09,SR-RED-STBR,402.52,bike-components,479.0,EUR,https://www.bike-components.de/en/SRAM/Red-E1-AXS-HRD-Disc-Brake-with-Shift-Brake-Lever-p94400/
2026-09-09,SR-RED-RD,436.13,bike-components,519.0,EUR,https://www.bike-components.de/en/SRAM/Red-E1-AXS-12-speed-Rear-Derailleur-p94401/
2026-09-09,SR-RED-FD,5.87,bike-components,6.99,EUR,https://www.bike-components.de/en/SRAM/Adjustment-Gauge-for-Red-E1-AXS-Front-Derailleur-p94395/
2026-09-09,SR-RED-FC,251.26,bike-components,299.0,EUR,https://www.bike-components.de/en/SRAM/Red-E1-DUB-2x12-speed-Carbon-Crankset-p94131/
2026-09-09,SR-RED-FC-PM,630.24,bike-discount,749.99,EUR,https://www.bike-discount.de/de/sram-red-axs-dub-powermeter-2x12-fach-carbon-kurbel-50/37
2026-09-09,SR-RED-CS,187.56,hupnakolo,5489.0,CZK,https://www.hupnakolo.cz/sram-red-xg-1290-12rychlostni-kazeta-2/
2026-09-09,SR-RED-CN,20.13,rose,23.95,EUR,https://www.rosebikes.de/p/sram-red-22force-22-kettenblatt-859274
2026-09-09,SR-RED-SET,294.11,bike-discount,349.99,EUR,https://www.bike-discount.de/de/sram-red-axs-e1-hrd-schalt-bremshebel-kit
2026-09-09,SR-RED-SET-PM,487.39,bike-discount,579.99,EUR,https://www.bike-discount.de/de/sram-red-axs-e1-powermeter-kit
2026-09-09,SR-FORCE-STBR,43.69,bike-discount,51.99,EUR,https://www.bike-discount.de/de/sram-force-axs-e1-12-fach-schaltrollen-set
2026-09-09,SR-FORCE-RD,226.01,rose,268.95,EUR,https://www.rosebikes.de/p/sram-force-axstm-12-fach-schaltwerk-159625
2026-09-09,SR-FORCE-FD,139.49,bike-components,165.99,EUR,https://www.bike-components.de/en/SRAM/Force-E1-AXS-Front-Derailleur-2-speed-p96643/
2026-09-09,SR-FORCE-FC,56.29,bike-components,66.99,EUR,https://www.bike-components.de/en/SRAM/Force-AXS-2x12-Crankset-p217468/
2026-09-09,SR-FORCE-FC-PM,268.87,rose,319.95,EUR,https://www.rosebikes.de/p/sram-force-1r-axstm-power-meter-kurbel-1-x-12-fach-2718601
2026-09-09,SR-FORCE-CS,109.24,bike-components,129.99,EUR,https://www.bike-components.de/en/SRAM/Force-XG-1270-E1-12-speed-cassette-p96652/
2026-09-09,SR-FORCE-CN,1.88,hupnakolo,55.0,CZK,https://www.hupnakolo.cz/spojka-pyc-pro-9-retez--1sada-1-blistr-6ks-spojek/
2026-09-09,SR-FORCE-SET,123.52,bike-components,146.99,EUR,https://www.bike-components.de/en/SRAM/Shift-Brake-Lever-Kit-Force-E1-Axs-Disc-p215226/
2026-09-09,SR-FORCE-SET-PM,2361.34,bike-components,2810.0,EUR,https://www.bike-components.de/de/SRAM/Force-E1-AXS-HRD-FM-Powermeter-Gruppe-2x12-fach-33-46-p218460/
2026-09-09,SR-RIVAL-STBR,16.8,bike-discount,19.99,EUR,https://www.bike-discount.de/en/sram-rival/force/red-axs-brake-caliper-service-kit
2026-09-09,SR-RIVAL-RD,163.02,bike-components,193.99,EUR,https://www.bike-components.de/en/SRAM/Rival-E1-AXS-12-speed-rear-derailleur-p96663/
2026-09-09,SR-RIVAL-FD,109.24,bike-components,129.99,EUR,https://www.bike-components.de/en/SRAM/Rival-E1-AXS-Front-Derailleur-2-speed-p96664/
2026-09-09,SR-RIVAL-FC,58.82,bike-components,69.99,EUR,https://www.bike-components.de/en/SRAM/Rival-DUB-2x12-speed-Crankset-p81651/
2026-09-09,SR-RIVAL-FC-PM,226.01,rose,268.95,EUR,https://www.rosebikes.de/p/sram-rival-axstm-power-meter-kurbel-2-x-12-fach-2700080
2026-09-09,SR-RIVAL-CS,71.42,bike-components,84.99,EUR,https://www.bike-components.de/en/SRAM/XG-1250-12-speed-Cassette-for-Rival-p81658/
2026-09-09,SR-RIVAL-CN,15.92,rose,18.95,EUR,https://www.rosebikes.de/p/sram-rival-2-x-12-fach-axs-kettenblatt-innen-2699864
2026-09-09,SR-RIVAL-SET,18.76,kupkolo,549.0,CZK,https://www.kupkolo.cz/servisni-sada-pro-sram-brzdovy-trmen-rival-axs_z122150/
2026-09-09,SR-RIVAL-SET-PM,1462.18,bike-components,1740.0,EUR,https://www.bike-components.de/de/SRAM/Rival-E1-AXS-HRD-FM-Powermeter-Gruppe-2x12-fach-35-48-p218860/
2026-09-09,SR-FORCE-D2-SET,16.8,bike-discount,19.99,EUR,https://www.bike-discount.de/en/sram-rival/force/red-axs-brake-caliper-service-kit
2026-09-09,SR-RIVAL-D1-SET,5.45,bike-components,6.49,EUR,https://www.bike-components.de/en/SRAM/Mounting-Adjustment-Bolt-Kit-for-Rival-eTap-AXS-Rear-Derailleur-p81638/
2026-09-09,SR-RED-D1-SET,4.19,bike-components,4.99,EUR,https://www.bike-components.de/en/SRAM/Pushrod-Kit-for-Red-eTap-AXS-E1-p96247/
2026-09-09,SR-X-BATTERY,38.58,kupkolo,1129.0,CZK,https://www.kupkolo.cz/sram-baterie-etap-axs-pro-prehazovacku-nebo-presmykac-1kus_z100168/
2026-09-09,SR-X-CHARGER,630.17,starbike,749.9,EUR,https://www.starbike.com/en/sram-gx-axs-eagle-transmission-kit-e-mtb-incl.-charger-battery-chain-10-52t/
2026-09-09,SR-X-PACELINE-160,30.21,hupnakolo,884.0,CZK,https://www.hupnakolo.cz/00-5018-248-001-sram-am-db-rotor-cl-paceline-160-roundedlr-a2/
2026-09-09,SR-X-PACELINE-X-160,45.72,hupnakolo,1338.0,CZK,https://www.hupnakolo.cz/sram-paceline-x-center-lock-160-mm---dvoudilny-brzdovy-kotouc-rounded-edges/
2026-09-10,SH-105-STBR,156.45,kupkolo,4590.0,CZK,https://www.kupkolo.cz/radici-a-brzdova-paka-shimano-105-di2-st-r7170-2x12_z119215/
2026-09-10,SH-105-RD,126.04,bike-components,149.99,EUR,https://www.bike-components.de/en/Shimano/105-Di2-Rear-Derailleur-Shadow-RD-R7150-12-speed-p88619/
2026-09-10,SH-105-FD,54.61,bike-components,64.99,EUR,https://www.bike-components.de/de/Shimano/105-Di2-Umwerfer-FD-R7150-2-12-fach-p88620/
2026-09-10,SH-105-FC,60.46,rose,71.95,EUR,https://www.rosebikes.de/p/shimano-105-fc-r7100-hollowtech-ii-kurbel-2-x-12-fach-5034-2701936
2026-09-10,SH-105-CS,41.97,rose,49.95,EUR,https://www.rosebikes.de/p/shimano-105-cs-r7100-12-fach-zahnkranz-2713281
2026-09-10,SH-105-CS2,46.21,bike-components,54.99,EUR,https://www.bike-components.de/en/Shimano/CS-HG710-12-12-speed-Cassette-p88624/
2026-09-10,SH-105-CN,14.62,hupnakolo,429.0,CZK,https://www.hupnakolo.cz/shimano-retez-slx-cn-m7100-12rychl-116cl--s-rychlospojkou-box-20-ks/
2026-09-10,SH-105-SET,671.43,bike-discount,799.0,EUR,https://www.bike-discount.de/de/shimano-105-di2-r7170-2x12-fach-gruppe-disc-top-deal
2026-09-10,SH-ULT-STBR,234.41,rose,278.95,EUR,https://www.rosebikes.de/p/shimano-ultegra-di2-st-r8170-sti-brems-schalthebelkombination-mit-br-r8170-scheibenbremse-j-kit-direct-2700381
2026-09-10,SH-ULT-RD,1.25,bike-components,1.49,EUR,https://www.bike-components.de/en/Shimano/Adjustment-Gauge-for-RD-R9250-RD-R8150-p92737/
2026-09-10,SH-ULT-FD,126.04,bike-components,149.99,EUR,https://www.bike-components.de/en/Shimano/Ultegra-Di2-FD-R8150-2-12-speed-Front-Derailleur-p84391/
2026-09-10,SH-ULT-FC,17.25,mantel,156.0,DKK,https://www.mantel.com/dk/shimano-ultegra-fc-r8100-klinge
2026-09-10,SH-ULT-FC-PM,2.15,hupnakolo,63.0,CZK,https://www.hupnakolo.cz/adapter-predni-brzdy-is-pm-203-mm/
2026-09-10,SH-ULT-CS,109.24,bike-components,129.99,EUR,https://www.bike-components.de/en/Shimano/Ultegra-Cassette-CS-R8100-Chain-CN-M8101-12-speed-Wear-Set-p213611/
2026-09-10,SH-ULT-CN,20.11,starbike,23.93,EUR,https://www.starbike.com/en/shimano-xt-cn-m8100-12-speed-chain/
2026-09-10,SH-ULT-SET,1008.39,bike-discount,1199.99,EUR,https://www.bike-discount.de/de/shimano-ultegra-di2-r8170-2x12-fach-gruppe-disc-140/160mm-1
2026-09-10,SH-ULT-SET-PM,1420.16,bike-discount,1689.99,EUR,https://www.bike-discount.de/de/shimano-ultegra-di2-r8170-p-2x12-fach-powermeter-gruppe-disc-160/160mm
2026-09-10,SH-DA-STBR,316.27,kupkolo,9279.0,CZK,https://www.kupkolo.cz/radici-a-brzdova-paka-shimano-dura-ace-di2-st-r9270-trmen-br-r9270_z123165/
2026-09-10,SH-DA-RD,1.25,bike-components,1.49,EUR,https://www.bike-components.de/en/Shimano/Adjustment-Gauge-for-RD-R9250-RD-R8150-p92737/
2026-09-10,SH-DA-FD,210.08,bike-components,249.99,EUR,https://www.bike-components.de/en/Shimano/Dura-Ace-Di2-FD-R9250-2-12-speed-Front-Derailleur-p84376/
2026-09-10,SH-DA-FC,25.87,mantel,234.0,DKK,https://www.mantel.com/dk/shimano-dura-ace-fc-r9200-klinge
2026-09-10,SH-DA-FC-PM,5.03,bike-components,5.99,EUR,https://www.bike-components.de/en/Shimano/Magnet-Set-for-FC-R9100-P-FC-R9200-P-Power-Meters-p63981/
2026-09-10,SH-DA-CS,122.65,rose,145.95,EUR,https://www.rosebikes.de/p/shimano-dura-ace-cs-r9200-12-fach-zahnkranz-11-30-2705202
2026-09-10,SH-DA-CN,31.64,starbike,37.65,EUR,https://www.starbike.com/en/shimano-xtr-cn-9100-chain/
2026-09-10,SH-DA-SET,1679.83,bike-discount,1999.0,EUR,https://www.bike-discount.de/de/shimano-dura-ace-di2-r9270-2x12-fach-gruppe-disc-140/160mm
2026-09-10,SH-X-BT-DN300,5.03,bike-discount,5.99,EUR,https://www.bike-discount.de/it/shimano-unita-adattatore-per-bt-dn300
2026-09-10,SH-X-EW-EC300,26.88,bike-components,31.99,EUR,https://www.bike-components.de/en/Shimano/USB-Charging-Cable-EW-EC300-for-BT-DN300-Di2-FC-R9200-P-Power-Meter-p84426/
2026-09-10,SH-X-RT-CL800,31.36,hupnakolo,920.0,CZK,https://www.hupnakolo.cz/brzdovy-kotouc-shimano-rt-cl800-160mm-center-lock--ice-technologies--v-krabicce/
2026-09-10,SH-X-RT-CL900,45.91,hupnakolo,1347.0,CZK,https://www.hupnakolo.cz/shimano-brzd-kotouc-ostatni-rt-cl900-center-lock-160-mm-pro-ice-tech-lock-ring--interni-/
2026-09-10,SR-RED-STBR,402.52,bike-components,479.0,EUR,https://www.bike-components.de/en/SRAM/Red-E1-AXS-HRD-Disc-Brake-with-Shift-Brake-Lever-p94400/
2026-09-10,SR-RED-RD,436.13,bike-components,519.0,EUR,https://www.bike-components.de/en/SRAM/Red-E1-AXS-12-speed-Rear-Derailleur-p94401/
2026-09-10,SR-RED-FD,5.87,bike-components,6.99,EUR,https://www.bike-components.de/en/SRAM/Adjustment-Gauge-for-Red-E1-AXS-Front-Derailleur-p94395/
2026-09-10,SR-RED-FC,251.26,bike-components,299.0,EUR,https://www.bike-components.de/en/SRAM/Red-E1-DUB-2x12-speed-Carbon-Crankset-p94131/
2026-09-10,SR-RED-FC-PM,630.24,bike-discount,749.99,EUR,https://www.bike-discount.de/de/sram-red-axs-dub-powermeter-2x12-fach-carbon-kurbel-50/37
2026-09-10,SR-RED-CS,186.61,hupnakolo,5475.0,CZK,https://www.hupnakolo.cz/sram-red-xg-1290-12rychlostni-kazeta-2/
2026-09-10,SR-RED-CN,20.13,rose,23.95,EUR,https://www.rosebikes.de/p/sram-red-22force-22-kettenblatt-859274
2026-09-10,SR-RED-SET,294.11,bike-discount,349.99,EUR,https://www.bike-discount.de/de/sram-red-axs-e1-hrd-schalt-bremshebel-kit
2026-09-10,SR-RED-SET-PM,487.39,bike-discount,579.99,EUR,https://www.bike-discount.de/de/sram-red-axs-e1-powermeter-kit
2026-09-10,SR-FORCE-STBR,43.69,bike-discount,51.99,EUR,https://www.bike-discount.de/de/sram-force-axs-e1-12-fach-schaltrollen-set
2026-09-10,SR-FORCE-RD,226.01,rose,268.95,EUR,https://www.rosebikes.de/p/sram-force-axstm-12-fach-schaltwerk-159625
2026-09-10,SR-FORCE-FD,139.49,bike-components,165.99,EUR,https://www.bike-components.de/en/SRAM/Force-E1-AXS-Front-Derailleur-2-speed-p96643/
2026-09-10,SR-FORCE-FC,56.29,bike-components,66.99,EUR,https://www.bike-components.de/en/SRAM/Force-AXS-2x12-Crankset-p217468/
2026-09-10,SR-FORCE-FC-PM,268.87,rose,319.95,EUR,https://www.rosebikes.de/p/sram-force-1r-axstm-power-meter-kurbel-1-x-12-fach-2718601
2026-09-10,SR-FORCE-CS,109.24,bike-components,129.99,EUR,https://www.bike-components.de/en/SRAM/Force-XG-1270-E1-12-speed-cassette-p96652/
2026-09-10,SR-FORCE-CN,1.87,hupnakolo,55.0,CZK,https://www.hupnakolo.cz/spojka-pyc-pro-9-retez--1sada-1-blistr-6ks-spojek/
2026-09-10,SR-FORCE-SET,123.52,bike-components,146.99,EUR,https://www.bike-components.de/en/SRAM/Shift-Brake-Lever-Kit-Force-E1-Axs-Disc-p215226/
2026-09-10,SR-FORCE-SET-PM,2361.34,bike-components,2810.0,EUR,https://www.bike-components.de/de/SRAM/Force-E1-AXS-HRD-FM-Powermeter-Gruppe-2x12-fach-33-46-p218460/
2026-09-10,SR-RIVAL-STBR,16.8,bike-discount,19.99,EUR,https://www.bike-discount.de/en/sram-rival/force/red-axs-brake-caliper-service-kit
2026-09-10,SR-RIVAL-RD,163.02,bike-components,193.99,EUR,https://www.bike-components.de/en/SRAM/Rival-E1-AXS-12-speed-rear-derailleur-p96663/
2026-09-10,SR-RIVAL-FD,106.61,mantel,129.0,EUR,https://www.mantel.com/en/sram-rival-axs-e1-embargo-17-6-front-derailleur
2026-09-10,SR-RIVAL-FC,58.82,bike-components,69.99,EUR,https://www.bike-components.de/en/SRAM/Rival-DUB-2x12-speed-Crankset-p81651/
2026-09-10,SR-RIVAL-FC-PM,226.01,rose,268.95,EUR,https://www.rosebikes.de/p/sram-rival-axstm-power-meter-kurbel-2-x-12-fach-2700080
2026-09-10,SR-RIVAL-CS,66.38,bike-components,78.99,EUR,https://www.bike-components.de/en/SRAM/XG-1250-12-speed-Cassette-for-Rival-p81658/
2026-09-10,SR-RIVAL-CN,15.92,rose,18.95,EUR,https://www.rosebikes.de/p/sram-rival-2-x-12-fach-axs-kettenblatt-innen-2699864
2026-09-10,SR-RIVAL-SET,18.71,kupkolo,549.0,CZK,https://www.kupkolo.cz/servisni-sada-pro-sram-brzdovy-trmen-rival-axs_z122150/
2026-09-10,SR-RIVAL-SET-PM,1462.18,bike-components,1740.0,EUR,https://www.bike-components.de/de/SRAM/Rival-E1-AXS-HRD-FM-Powermeter-Gruppe-2x12-fach-35-48-p218860/
2026-09-10,SR-FORCE-D2-SET,16.8,bike-discount,19.99,EUR,https://www.bike-discount.de/en/sram-rival/force/red-axs-brake-caliper-service-kit
2026-09-10,SR-RIVAL-D1-SET,5.45,bike-components,6.49,EUR,https://www.bike-components.de/en/SRAM/Mounting-Adjustment-Bolt-Kit-for-Rival-eTap-AXS-Rear-Derailleur-p81638/
2026-09-10,SR-RED-D1-SET,4.19,bike-components,4.99,EUR,https://www.bike-components.de/en/SRAM/Pushrod-Kit-for-Red-eTap-AXS-E1-p96247/
2026-09-10,SR-X-BATTERY,38.48,kupkolo,1129.0,CZK,https://www.kupkolo.cz/sram-baterie-etap-axs-pro-prehazovacku-nebo-presmykac-1kus_z100168/
2026-09-10,SR-X-CHARGER,34.67,mantel,41.95,EUR,https://www.mantel.com/en/sram-etap-axs-battery-charger
2026-09-10,SR-X-PACELINE-X-160,45.61,hupnakolo,1338.0,CZK,https://www.hupnakolo.cz/sram-paceline-x-center-lock-160-mm---dvoudilny-brzdovy-kotouc-rounded-edges/
2026-09-11,SH-105-STBR,156.42,kupkolo,4590.0,CZK,https://www.kupkolo.cz/radici-a-brzdova-paka-shimano-105-di2-st-r7170-2x12_z119215/
2026-09-11,SH-105-RD,126.04,bike-components,149.99,EUR,https://www.bike-components.de/en/Shimano/105-Di2-Rear-Derailleur-Shadow-RD-R7150-12-speed-p88619/
2026-09-11,SH-105-FD,54.61,bike-components,64.99,EUR,https://www.bike-components.de/de/Shimano/105-Di2-Umwerfer-FD-R7150-2-12-fach-p88620/
2026-09-11,SH-105-FC,60.46,rose,71.95,EUR,https://www.rosebikes.de/p/shimano-105-fc-r7100-hollowtech-ii-kurbel-2-x-12-fach-5034-2701936
2026-09-11,SH-105-CS,41.97,rose,49.95,EUR,https://www.rosebikes.de/p/shimano-105-cs-r7100-12-fach-zahnkranz-2713281
2026-09-11,SH-105-CS2,46.21,bike-components,54.99,EUR,https://www.bike-components.de/en/Shimano/CS-HG710-12-12-speed-Cassette-p88624/
2026-09-11,SH-105-CN,14.62,hupnakolo,429.0,CZK,https://www.hupnakolo.cz/shimano-retez-slx-cn-m7100-12rychl-116cl--s-rychlospojkou-box-20-ks/
2026-09-11,SH-105-SET,671.43,bike-discount,799.0,EUR,https://www.bike-discount.de/de/shimano-105-di2-r7170-2x12-fach-gruppe-disc-top-deal
2026-09-11,SH-ULT-STBR,234.41,rose,278.95,EUR,https://www.rosebikes.de/p/shimano-ultegra-di2-st-r8170-sti-brems-schalthebelkombination-mit-br-r8170-scheibenbremse-j-kit-direct-2700381
2026-09-11,SH-ULT-RD,1.25,bike-components,1.49,EUR,https://www.bike-components.de/en/Shimano/Adjustment-Gauge-for-RD-R9250-RD-R8150-p92737/
2026-09-11,SH-ULT-FD,126.04,bike-components,149.99,EUR,https://www.bike-components.de/en/Shimano/Ultegra-Di2-FD-R8150-2-12-speed-Front-Derailleur-p84391/
2026-09-11,SH-ULT-FC,17.25,mantel,156.0,DKK,https://www.mantel.com/dk/shimano-ultegra-fc-r8100-klinge
2026-09-11,SH-ULT-FC-PM,2.15,hupnakolo,63.0,CZK,https://www.hupnakolo.cz/adapter-predni-brzdy-is-pm-203-mm/
2026-09-11,SH-ULT-CS,109.24,bike-components,129.99,EUR,https://www.bike-components.de/en/Shimano/Ultegra-Cassette-CS-R8100-Chain-CN-M8101-12-speed-Wear-Set-p213611/
2026-09-11,SH-ULT-CN,20.11,starbike,23.93,EUR,https://www.starbike.com/en/shimano-xt-cn-m8100-12-speed-chain/
2026-09-11,SH-ULT-SET,1008.39,bike-discount,1199.99,EUR,https://www.bike-discount.de/de/shimano-ultegra-di2-r8170-2x12-fach-gruppe-disc-140/160mm-1
2026-09-11,SH-ULT-SET-PM,1420.16,bike-discount,1689.99,EUR,https://www.bike-discount.de/de/shimano-ultegra-di2-r8170-p-2x12-fach-powermeter-gruppe-disc-160/160mm
2026-09-11,SH-DA-STBR,316.22,kupkolo,9279.0,CZK,https://www.kupkolo.cz/radici-a-brzdova-paka-shimano-dura-ace-di2-st-r9270-trmen-br-r9270_z123165/
2026-09-11,SH-DA-RD,1.25,bike-components,1.49,EUR,https://www.bike-components.de/en/Shimano/Adjustment-Gauge-for-RD-R9250-RD-R8150-p92737/
2026-09-11,SH-DA-FD,210.08,bike-components,249.99,EUR,https://www.bike-components.de/en/Shimano/Dura-Ace-Di2-FD-R9250-2-12-speed-Front-Derailleur-p84376/
2026-09-11,SH-DA-FC,25.87,mantel,234.0,DKK,https://www.mantel.com/dk/shimano-dura-ace-fc-r9200-klinge
2026-09-11,SH-DA-FC-PM,5.03,bike-components,5.99,EUR,https://www.bike-components.de/en/Shimano/Magnet-Set-for-FC-R9100-P-FC-R9200-P-Power-Meters-p63981/
2026-09-11,SH-DA-CS,122.65,rose,145.95,EUR,https://www.rosebikes.de/p/shimano-dura-ace-cs-r9200-12-fach-zahnkranz-11-30-2705202
2026-09-11,SH-DA-CN,31.64,starbike,37.65,EUR,https://www.starbike.com/en/shimano-xtr-cn-9100-chain/
2026-09-11,SH-DA-SET,1679.83,bike-discount,1999.0,EUR,https://www.bike-discount.de/de/shimano-dura-ace-di2-r9270-2x12-fach-gruppe-disc-140/160mm
2026-09-11,SH-X-BT-DN300,5.03,bike-discount,5.99,EUR,https://www.bike-discount.de/it/shimano-unita-adattatore-per-bt-dn300
2026-09-11,SH-X-EW-EC300,26.88,bike-components,31.99,EUR,https://www.bike-components.de/en/Shimano/USB-Charging-Cable-EW-EC300-for-BT-DN300-Di2-FC-R9200-P-Power-Meter-p84426/
2026-09-11,SH-X-RT-CL800,31.35,hupnakolo,920.0,CZK,https://www.hupnakolo.cz/brzdovy-kotouc-shimano-rt-cl800-160mm-center-lock--ice-technologies--v-krabicce/
2026-09-11,SH-X-RT-CL900,45.9,hupnakolo,1347.0,CZK,https://www.hupnakolo.cz/shimano-brzd-kotouc-ostatni-rt-cl900-center-lock-160-mm-pro-ice-tech-lock-ring--interni-/
2026-09-11,SR-RED-STBR,402.52,bike-components,479.0,EUR,https://www.bike-components.de/en/SRAM/Red-E1-AXS-HRD-Disc-Brake-with-Shift-Brake-Lever-p94400/
2026-09-11,SR-RED-RD,436.13,bike-components,519.0,EUR,https://www.bike-components.de/en/SRAM/Red-E1-AXS-12-speed-Rear-Derailleur-p94401/
2026-09-11,SR-RED-FD,5.87,bike-components,6.99,EUR,https://www.bike-components.de/en/SRAM/Adjustment-Gauge-for-Red-E1-AXS-Front-Derailleur-p94395/
2026-09-11,SR-RED-FC,251.26,bike-components,299.0,EUR,https://www.bike-components.de/en/SRAM/Red-E1-DUB-2x12-speed-Carbon-Crankset-p94131/
2026-09-11,SR-RED-FC-PM,630.24,bike-discount,749.99,EUR,https://www.bike-discount.de/de/sram-red-axs-dub-powermeter-2x12-fach-carbon-kurbel-50/37
2026-09-11,SR-RED-CS,187.06,hupnakolo,5489.0,CZK,https://www.hupnakolo.cz/sram-red-xg-1290-12rychlostni-kazeta-2/
2026-09-11,SR-RED-CN,20.13,rose,23.95,EUR,https://www.rosebikes.de/p/sram-red-22force-22-kettenblatt-859274
2026-09-11,SR-RED-SET,294.11,bike-discount,349.99,EUR,https://www.bike-discount.de/de/sram-red-axs-e1-hrd-schalt-bremshebel-kit
2026-09-11,SR-RED-SET-PM,487.39,bike-discount,579.99,EUR,https://www.bike-discount.de/de/sram-red-axs-e1-powermeter-kit
2026-09-11,SR-FORCE-STBR,43.69,bike-discount,51.99,EUR,https://www.bike-discount.de/de/sram-force-axs-e1-12-fach-schaltrollen-set
2026-09-11,SR-FORCE-RD,226.01,rose,268.95,EUR,https://www.rosebikes.de/p/sram-force-axstm-12-fach-schaltwerk-159625
2026-09-11,SR-FORCE-FD,139.49,bike-components,165.99,EUR,https://www.bike-components.de/en/SRAM/Force-E1-AXS-Front-Derailleur-2-speed-p96643/
2026-09-11,SR-FORCE-FC,56.29,bike-components,66.99,EUR,https://www.bike-components.de/en/SRAM/Force-AXS-2x12-Crankset-p217468/
2026-09-11,SR-FORCE-FC-PM,268.87,rose,319.95,EUR,https://www.rosebikes.de/p/sram-force-1r-axstm-power-meter-kurbel-1-x-12-fach-2718601
2026-09-11,SR-FORCE-CS,109.24,bike-components,129.99,EUR,https://www.bike-components.de/en/SRAM/Force-XG-1270-E1-12-speed-cassette-p96652/
2026-09-11,SR-FORCE-CN,1.87,hupnakolo,55.0,CZK,https://www.hupnakolo.cz/spojka-pyc-pro-9-retez--1sada-1-blistr-6ks-spojek/
2026-09-11,SR-FORCE-SET,123.52,bike-components,146.99,EUR,https://www.bike-components.de/en/SRAM/Shift-Brake-Lever-Kit-Force-E1-Axs-Disc-p215226/
2026-09-11,SR-FORCE-SET-PM,2361.34,bike-components,2810.0,EUR,https://www.bike-components.de/de/SRAM/Force-E1-AXS-HRD-FM-Powermeter-Gruppe-2x12-fach-33-46-p218460/
2026-09-11,SR-RIVAL-STBR,16.8,bike-discount,19.99,EUR,https://www.bike-discount.de/en/sram-rival/force/red-axs-brake-caliper-service-kit
2026-09-11,SR-RIVAL-RD,163.02,bike-components,193.99,EUR,https://www.bike-components.de/en/SRAM/Rival-E1-AXS-12-speed-rear-derailleur-p96663/
2026-09-11,SR-RIVAL-FD,106.61,mantel,129.0,EUR,https://www.mantel.com/en/sram-rival-axs-e1-embargo-17-6-front-derailleur
2026-09-11,SR-RIVAL-FC,58.82,bike-components,69.99,EUR,https://www.bike-components.de/en/SRAM/Rival-DUB-2x12-speed-Crankset-p81651/
2026-09-11,SR-RIVAL-FC-PM,226.01,rose,268.95,EUR,https://www.rosebikes.de/p/sram-rival-axstm-power-meter-kurbel-2-x-12-fach-2700080
2026-09-11,SR-RIVAL-CS,66.38,bike-components,78.99,EUR,https://www.bike-components.de/en/SRAM/XG-1250-12-speed-Cassette-for-Rival-p81658/
2026-09-11,SR-RIVAL-CN,15.92,rose,18.95,EUR,https://www.rosebikes.de/p/sram-rival-2-x-12-fach-axs-kettenblatt-innen-2699864
2026-09-11,SR-RIVAL-SET,18.71,kupkolo,549.0,CZK,https://www.kupkolo.cz/servisni-sada-pro-sram-brzdovy-trmen-rival-axs_z122150/
2026-09-11,SR-RIVAL-SET-PM,1462.18,bike-components,1740.0,EUR,https://www.bike-components.de/de/SRAM/Rival-E1-AXS-HRD-FM-Powermeter-Gruppe-2x12-fach-35-48-p218860/
2026-09-11,SR-FORCE-D2-SET,16.8,bike-discount,19.99,EUR,https://www.bike-discount.de/en/sram-rival/force/red-axs-brake-caliper-service-kit
2026-09-11,SR-RIVAL-D1-SET,5.45,bike-components,6.49,EUR,https://www.bike-components.de/en/SRAM/Mounting-Adjustment-Bolt-Kit-for-Rival-eTap-AXS-Rear-Derailleur-p81638/
2026-09-11,SR-RED-D1-SET,4.19,bike-components,4.99,EUR,https://www.bike-components.de/en/SRAM/Pushrod-Kit-for-Red-eTap-AXS-E1-p96247/
2026-09-11,SR-X-BATTERY,38.48,kupkolo,1129.0,CZK,https://www.kupkolo.cz/sram-baterie-etap-axs-pro-prehazovacku-nebo-presmykac-1kus_z100168/
2026-09-11,SR-X-CHARGER,34.67,mantel,41.95,EUR,https://www.mantel.com/en/sram-etap-axs-battery-charger
2026-09-11,SR-X-PACELINE-X-160,45.6,hupnakolo,1338.0,CZK,https://www.hupnakolo.cz/sram-paceline-x-center-lock-160-mm---dvoudilny-brzdovy-kotouc-rounded-edges/
2026-09-12,SH-105-STBR,156.34,kupkolo,4590.0,CZK,https://www.kupkolo.cz/radici-a-brzdova-paka-shimano-105-di2-st-r7170-2x12_z119215/
2026-09-12,SH-105-RD,126.04,bike-components,149.99,EUR,https://www.bike-components.de/en/Shimano/105-Di2-Rear-Derailleur-Shadow-RD-R7150-12-speed-p88619/
2026-09-12,SH-105-FD,54.61,bike-components,64.99,EUR,https://www.bike-components.de/de/Shimano/105-Di2-Umwerfer-FD-R7150-2-12-fach-p88620/
2026-09-12,SH-105-FC,60.46,rose,71.95,EUR,https://www.rosebikes.de/p/shimano-105-fc-r7100-hollowtech-ii-kurbel-2-x-12-fach-5034-2701936
2026-09-12,SH-105-CS,41.97,rose,49.95,EUR,https://www.rosebikes.de/p/shimano-105-cs-r7100-12-fach-zahnkranz-2713281
2026-09-12,SH-105-CS2,46.21,bike-components,54.99,EUR,https://www.bike-components.de/en/Shimano/CS-HG710-12-12-speed-Cassette-p88624/
2026-09-12,SH-105-CN,14.61,hupnakolo,429.0,CZK,https://www.hupnakolo.cz/shimano-retez-slx-cn-m7100-12rychl-116cl--s-rychlospojkou-box-20-ks/
2026-09-12,SH-105-SET,671.43,bike-discount,799.0,EUR,https://www.bike-discount.de/de/shimano-105-di2-r7170-2x12-fach-gruppe-disc-top-deal
2026-09-12,SH-ULT-STBR,234.41,rose,278.95,EUR,https://www.rosebikes.de/p/shimano-ultegra-di2-st-r8170-sti-brems-schalthebelkombination-mit-br-r8170-scheibenbremse-j-kit-direct-2700381
2026-09-12,SH-ULT-RD,1.25,bike-components,1.49,EUR,https://www.bike-components.de/en/Shimano/Adjustment-Gauge-for-RD-R9250-RD-R8150-p92737/
2026-09-12,SH-ULT-FD,126.04,bike-components,149.99,EUR,https://www.bike-components.de/en/Shimano/Ultegra-Di2-FD-R8150-2-12-speed-Front-Derailleur-p84391/
2026-09-12,SH-ULT-FC,17.25,mantel,156.0,DKK,https://www.mantel.com/dk/shimano-ultegra-fc-r8100-klinge
2026-09-12,SH-ULT-FC-PM,2.15,hupnakolo,63.0,CZK,https://www.hupnakolo.cz/adapter-predni-brzdy-is-pm-203-mm/
2026-09-12,SH-ULT-CS,109.24,bike-components,129.99,EUR,https://www.bike-components.de/en/Shimano/Ultegra-Cassette-CS-R8100-Chain-CN-M8101-12-speed-Wear-Set-p213611/
2026-09-12,SH-ULT-CN,20.11,starbike,23.93,EUR,https://www.starbike.com/en/shimano-xt-cn-m8100-12-speed-chain/
2026-09-12,SH-ULT-SET,1008.39,bike-discount,1199.99,EUR,https://www.bike-discount.de/de/shimano-ultegra-di2-r8170-2x12-fach-gruppe-disc-140/160mm-1
2026-09-12,SH-ULT-SET-PM,1420.16,bike-discount,1689.99,EUR,https://www.bike-discount.de/de/shimano-ultegra-di2-r8170-p-2x12-fach-powermeter-gruppe-disc-160/160mm
2026-09-12,SH-DA-STBR,316.05,kupkolo,9279.0,CZK,https://www.kupkolo.cz/radici-a-brzdova-paka-shimano-dura-ace-di2-st-r9270-trmen-br-r9270_z123165/
2026-09-12,SH-DA-RD,1.25,bike-components,1.49,EUR,https://www.bike-components.de/en/Shimano/Adjustment-Gauge-for-RD-R9250-RD-R8150-p92737/
2026-09-12,SH-DA-FD,210.08,bike-components,249.99,EUR,https://www.bike-components.de/en/Shimano/Dura-Ace-Di2-FD-R9250-2-12-speed-Front-Derailleur-p84376/
2026-09-12,SH-DA-FC,25.87,mantel,234.0,DKK,https://www.mantel.com/dk/shimano-dura-ace-fc-r9200-klinge
2026-09-12,SH-DA-FC-PM,5.03,bike-components,5.99,EUR,https://www.bike-components.de/en/Shimano/Magnet-Set-for-FC-R9100-P-FC-R9200-P-Power-Meters-p63981/
2026-09-12,SH-DA-CS,122.65,rose,145.95,EUR,https://www.rosebikes.de/p/shimano-dura-ace-cs-r9200-12-fach-zahnkranz-11-30-2705202
2026-09-12,SH-DA-CN,31.64,starbike,37.65,EUR,https://www.starbike.com/en/shimano-xtr-cn-9100-chain/
2026-09-12,SH-DA-SET,1679.83,bike-discount,1999.0,EUR,https://www.bike-discount.de/de/shimano-dura-ace-di2-r9270-2x12-fach-gruppe-disc-140/160mm
2026-09-12,SH-X-BT-DN300,5.03,bike-discount,5.99,EUR,https://www.bike-discount.de/it/shimano-unita-adattatore-per-bt-dn300
2026-09-12,SH-X-EW-EC300,26.88,bike-components,31.99,EUR,https://www.bike-components.de/en/Shimano/USB-Charging-Cable-EW-EC300-for-BT-DN300-Di2-FC-R9200-P-Power-Meter-p84426/
2026-09-12,SH-X-RT-CL800,31.34,hupnakolo,920.0,CZK,https://www.hupnakolo.cz/brzdovy-kotouc-shimano-rt-cl800-160mm-center-lock--ice-technologies--v-krabicce/
2026-09-12,SH-X-RT-CL900,45.88,hupnakolo,1347.0,CZK,https://www.hupnakolo.cz/shimano-brzd-kotouc-ostatni-rt-cl900-center-lock-160-mm-pro-ice-tech-lock-ring--interni-/
2026-09-12,SR-RED-STBR,402.52,bike-components,479.0,EUR,https://www.bike-components.de/en/SRAM/Red-E1-AXS-HRD-Disc-Brake-with-Shift-Brake-Lever-p94400/
2026-09-12,SR-RED-RD,436.13,bike-components,519.0,EUR,https://www.bike-components.de/en/SRAM/Red-E1-AXS-12-speed-Rear-Derailleur-p94401/
2026-09-12,SR-RED-FD,5.87,bike-components,6.99,EUR,https://www.bike-components.de/en/SRAM/Adjustment-Gauge-for-Red-E1-AXS-Front-Derailleur-p94395/
2026-09-12,SR-RED-FC,251.26,bike-components,299.0,EUR,https://www.bike-components.de/en/SRAM/Red-E1-DUB-2x12-speed-Carbon-Crankset-p94131/
2026-09-12,SR-RED-FC-PM,630.24,bike-discount,749.99,EUR,https://www.bike-discount.de/de/sram-red-axs-dub-powermeter-2x12-fach-carbon-kurbel-50/37
2026-09-12,SR-RED-CS,186.96,hupnakolo,5489.0,CZK,https://www.hupnakolo.cz/sram-red-xg-1290-12rychlostni-kazeta-2/
2026-09-12,SR-RED-CN,20.13,rose,23.95,EUR,https://www.rosebikes.de/p/sram-red-22force-22-kettenblatt-859274
2026-09-12,SR-RED-SET,294.11,bike-discount,349.99,EUR,https://www.bike-discount.de/de/sram-red-axs-e1-hrd-schalt-bremshebel-kit
2026-09-12,SR-RED-SET-PM,487.39,bike-discount,579.99,EUR,https://www.bike-discount.de/de/sram-red-axs-e1-powermeter-kit
2026-09-12,SR-FORCE-STBR,43.69,bike-discount,51.99,EUR,https://www.bike-discount.de/de/sram-force-axs-e1-12-fach-schaltrollen-set
2026-09-12,SR-FORCE-RD,226.01,rose,268.95,EUR,https://www.rosebikes.de/p/sram-force-axstm-12-fach-schaltwerk-159625
2026-09-12,SR-FORCE-FD,139.49,bike-components,165.99,EUR,https://www.bike-components.de/en/SRAM/Force-E1-AXS-Front-Derailleur-2-speed-p96643/
2026-09-12,SR-FORCE-FC,56.29,bike-components,66.99,EUR,https://www.bike-components.de/en/SRAM/Force-AXS-2x12-Crankset-p217468/
2026-09-12,SR-FORCE-FC-PM,268.87,rose,319.95,EUR,https://www.rosebikes.de/p/sram-force-1r-axstm-power-meter-kurbel-1-x-12-fach-2718601
2026-09-12,SR-FORCE-CS,109.24,bike-components,129.99,EUR,https://www.bike-components.de/en/SRAM/Force-XG-1270-E1-12-speed-cassette-p96652/
2026-09-12,SR-FORCE-CN,1.87,hupnakolo,55.0,CZK,https://www.hupnakolo.cz/spojka-pyc-pro-9-retez--1sada-1-blistr-6ks-spojek/
2026-09-12,SR-FORCE-SET,123.52,bike-components,146.99,EUR,https://www.bike-components.de/en/SRAM/Shift-Brake-Lever-Kit-Force-E1-Axs-Disc-p215226/
2026-09-12,SR-FORCE-SET-PM,2361.34,bike-components,2810.0,EUR,https://www.bike-components.de/de/SRAM/Force-E1-AXS-HRD-FM-Powermeter-Gruppe-2x12-fach-33-46-p218460/
2026-09-12,SR-RIVAL-STBR,16.8,bike-discount,19.99,EUR,https://www.bike-discount.de/en/sram-rival/force/red-axs-brake-caliper-service-kit
2026-09-12,SR-RIVAL-RD,163.02,bike-components,193.99,EUR,https://www.bike-components.de/en/SRAM/Rival-E1-AXS-12-speed-rear-derailleur-p96663/
2026-09-12,SR-RIVAL-FD,106.61,mantel,129.0,EUR,https://www.mantel.com/en/sram-rival-axs-e1-embargo-17-6-front-derailleur
2026-09-12,SR-RIVAL-FC,58.82,bike-components,69.99,EUR,https://www.bike-components.de/en/SRAM/Rival-DUB-2x12-speed-Crankset-p81651/
2026-09-12,SR-RIVAL-FC-PM,226.01,rose,268.95,EUR,https://www.rosebikes.de/p/sram-rival-axstm-power-meter-kurbel-2-x-12-fach-2700080
2026-09-12,SR-RIVAL-CS,66.38,bike-components,78.99,EUR,https://www.bike-components.de/en/SRAM/XG-1250-12-speed-Cassette-for-Rival-p81658/
2026-09-12,SR-RIVAL-CN,15.92,rose,18.95,EUR,https://www.rosebikes.de/p/sram-rival-2-x-12-fach-axs-kettenblatt-innen-2699864
2026-09-12,SR-RIVAL-SET,18.7,kupkolo,549.0,CZK,https://www.kupkolo.cz/servisni-sada-pro-sram-brzdovy-trmen-rival-axs_z122150/
2026-09-12,SR-RIVAL-SET-PM,1462.18,bike-components,1740.0,EUR,https://www.bike-components.de/de/SRAM/Rival-E1-AXS-HRD-FM-Powermeter-Gruppe-2x12-fach-35-48-p218860/
2026-09-12,SR-FORCE-D2-SET,16.8,bike-discount,19.99,EUR,https://www.bike-discount.de/en/sram-rival/force/red-axs-brake-caliper-service-kit
2026-09-12,SR-RIVAL-D1-SET,5.45,bike-components,6.49,EUR,https://www.bike-components.de/en/SRAM/Mounting-Adjustment-Bolt-Kit-for-Rival-eTap-AXS-Rear-Derailleur-p81638/
2026-09-12,SR-RED-D1-SET,4.19,bike-components,4.99,EUR,https://www.bike-components.de/en/SRAM/Pushrod-Kit-for-Red-eTap-AXS-E1-p96247/
2026-09-12,SR-X-BATTERY,38.45,kupkolo,1129.0,CZK,https://www.kupkolo.cz/sram-baterie-etap-axs-pro-prehazovacku-nebo-presmykac-1kus_z100168/
2026-09-12,SR-X-CHARGER,34.67,mantel,41.95,EUR,https://www.mantel.com/en/sram-etap-axs-battery-charger
2026-09-12,SR-X-PACELINE-X-160,45.57,hupnakolo,1338.0,CZK,https://www.hupnakolo.cz/sram-paceline-x-center-lock-160-mm---dvoudilny-brzdovy-kotouc-rounded-edges/
2026-09-13,SH-105-STBR,156.34,kupkolo,4590.0,CZK,https://www.kupkolo.cz/radici-a-brzdova-paka-shimano-105-di2-st-r7170-2x12_z119215/
2026-09-13,SH-105-RD,126.04,bike-components,149.99,EUR,https://www.bike-components.de/en/Shimano/105-Di2-Rear-Derailleur-Shadow-RD-R7150-12-speed-p88619/
2026-09-13,SH-105-FD,54.61,bike-components,64.99,EUR,https://www.bike-components.de/de/Shimano/105-Di2-Umwerfer-FD-R7150-2-12-fach-p88620/
2026-09-13,SH-105-FC,60.46,rose,71.95,EUR,https://www.rosebikes.de/p/shimano-105-fc-r7100-hollowtech-ii-kurbel-2-x-12-fach-5034-2701936
2026-09-13,SH-105-CS,41.97,rose,49.95,EUR,https://www.rosebikes.de/p/shimano-105-cs-r7100-12-fach-zahnkranz-2713281
2026-09-13,SH-105-CS2,46.21,bike-components,54.99,EUR,https://www.bike-components.de/en/Shimano/CS-HG710-12-12-speed-Cassette-p88624/
2026-09-13,SH-105-CN,14.61,hupnakolo,429.0,CZK,https://www.hupnakolo.cz/shimano-retez-slx-cn-m7100-12rychl-116cl--s-rychlospojkou-box-20-ks/
2026-09-13,SH-105-SET,671.43,bike-discount,799.0,EUR,https://www.bike-discount.de/de/shimano-105-di2-r7170-2x12-fach-gruppe-disc-top-deal
2026-09-13,SH-ULT-STBR,234.41,rose,278.95,EUR,https://www.rosebikes.de/p/shimano-ultegra-di2-st-r8170-sti-brems-schalthebelkombination-mit-br-r8170-scheibenbremse-j-kit-direct-2700381
2026-09-13,SH-ULT-RD,1.25,bike-components,1.49,EUR,https://www.bike-components.de/en/Shimano/Adjustment-Gauge-for-RD-R9250-RD-R8150-p92737/
2026-09-13,SH-ULT-FD,126.04,bike-components,149.99,EUR,https://www.bike-components.de/en/Shimano/Ultegra-Di2-FD-R8150-2-12-speed-Front-Derailleur-p84391/
2026-09-13,SH-ULT-FC,17.25,mantel,156.0,DKK,https://www.mantel.com/dk/shimano-ultegra-fc-r8100-klinge
2026-09-13,SH-ULT-FC-PM,2.15,hupnakolo,63.0,CZK,https://www.hupnakolo.cz/adapter-predni-brzdy-is-pm-203-mm/
2026-09-13,SH-ULT-CS,109.24,bike-components,129.99,EUR,https://www.bike-components.de/en/Shimano/Ultegra-Cassette-CS-R8100-Chain-CN-M8101-12-speed-Wear-Set-p213611/
2026-09-13,SH-ULT-CN,20.11,starbike,23.93,EUR,https://www.starbike.com/en/shimano-xt-cn-m8100-12-speed-chain/
2026-09-13,SH-ULT-SET,1008.39,bike-discount,1199.99,EUR,https://www.bike-discount.de/de/shimano-ultegra-di2-r8170-2x12-fach-gruppe-disc-140/160mm-1
2026-09-13,SH-ULT-SET-PM,1420.16,bike-discount,1689.99,EUR,https://www.bike-discount.de/de/shimano-ultegra-di2-r8170-p-2x12-fach-powermeter-gruppe-disc-160/160mm
2026-09-13,SH-DA-STBR,316.05,kupkolo,9279.0,CZK,https://www.kupkolo.cz/radici-a-brzdova-paka-shimano-dura-ace-di2-st-r9270-trmen-br-r9270_z123165/
2026-09-13,SH-DA-RD,1.25,bike-components,1.49,EUR,https://www.bike-components.de/en/Shimano/Adjustment-Gauge-for-RD-R9250-RD-R8150-p92737/
2026-09-13,SH-DA-FD,210.08,bike-components,249.99,EUR,https://www.bike-components.de/en/Shimano/Dura-Ace-Di2-FD-R9250-2-12-speed-Front-Derailleur-p84376/
2026-09-13,SH-DA-FC,25.87,mantel,234.0,DKK,https://www.mantel.com/dk/shimano-dura-ace-fc-r9200-klinge
2026-09-13,SH-DA-FC-PM,5.03,bike-components,5.99,EUR,https://www.bike-components.de/en/Shimano/Magnet-Set-for-FC-R9100-P-FC-R9200-P-Power-Meters-p63981/
2026-09-13,SH-DA-CS,122.65,rose,145.95,EUR,https://www.rosebikes.de/p/shimano-dura-ace-cs-r9200-12-fach-zahnkranz-11-30-2705202
2026-09-13,SH-DA-CN,31.64,starbike,37.65,EUR,https://www.starbike.com/en/shimano-xtr-cn-9100-chain/
2026-09-13,SH-DA-SET,1679.83,bike-discount,1999.0,EUR,https://www.bike-discount.de/de/shimano-dura-ace-di2-r9270-2x12-fach-gruppe-disc-140/160mm
2026-09-13,SH-X-BT-DN300,5.03,bike-discount,5.99,EUR,https://www.bike-discount.de/it/shimano-unita-adattatore-per-bt-dn300
2026-09-13,SH-X-EW-EC300,26.88,bike-components,31.99,EUR,https://www.bike-components.de/en/Shimano/USB-Charging-Cable-EW-EC300-for-BT-DN300-Di2-FC-R9200-P-Power-Meter-p84426/
2026-09-13,SH-X-RT-CL800,31.34,hupnakolo,920.0,CZK,https://www.hupnakolo.cz/brzdovy-kotouc-shimano-rt-cl800-160mm-center-lock--ice-technologies--v-krabicce/
2026-09-13,SH-X-RT-CL900,45.88,hupnakolo,1347.0,CZK,https://www.hupnakolo.cz/shimano-brzd-kotouc-ostatni-rt-cl900-center-lock-160-mm-pro-ice-tech-lock-ring--interni-/
2026-09-13,SR-RED-STBR,402.52,bike-components,479.0,EUR,https://www.bike-components.de/en/SRAM/Red-E1-AXS-HRD-Disc-Brake-with-Shift-Brake-Lever-p94400/
2026-09-13,SR-RED-RD,436.13,bike-components,519.0,EUR,https://www.bike-components.de/en/SRAM/Red-E1-AXS-12-speed-Rear-Derailleur-p94401/
2026-09-13,SR-RED-FD,5.87,bike-components,6.99,EUR,https://www.bike-components.de/en/SRAM/Adjustment-Gauge-for-Red-E1-AXS-Front-Derailleur-p94395/
2026-09-13,SR-RED-FC,251.26,bike-components,299.0,EUR,https://www.bike-components.de/en/SRAM/Red-E1-DUB-2x12-speed-Carbon-Crankset-p94131/
2026-09-13,SR-RED-FC-PM,630.24,bike-discount,749.99,EUR,https://www.bike-discount.de/de/sram-red-axs-dub-powermeter-2x12-fach-carbon-kurbel-50/37
2026-09-13,SR-RED-CS,186.96,hupnakolo,5489.0,CZK,https://www.hupnakolo.cz/sram-red-xg-1290-12rychlostni-kazeta-2/
2026-09-13,SR-RED-CN,20.13,rose,23.95,EUR,https://www.rosebikes.de/p/sram-red-22force-22-kettenblatt-859274
2026-09-13,SR-RED-SET,294.11,bike-discount,349.99,EUR,https://www.bike-discount.de/de/sram-red-axs-e1-hrd-schalt-bremshebel-kit
2026-09-13,SR-RED-SET-PM,504.19,bike-discount,599.99,EUR,https://www.bike-discount.de/de/sram-red-axs-e1-powermeter-kit
2026-09-13,SR-FORCE-STBR,43.69,bike-discount,51.99,EUR,https://www.bike-discount.de/de/sram-force-axs-e1-12-fach-schaltrollen-set
2026-09-13,SR-FORCE-RD,226.01,rose,268.95,EUR,https://www.rosebikes.de/p/sram-force-axstm-12-fach-schaltwerk-159625
2026-09-13,SR-FORCE-FD,139.49,bike-components,165.99,EUR,https://www.bike-components.de/en/SRAM/Force-E1-AXS-Front-Derailleur-2-speed-p96643/
2026-09-13,SR-FORCE-FC,56.29,bike-components,66.99,EUR,https://www.bike-components.de/en/SRAM/Force-AXS-2x12-Crankset-p217468/
2026-09-13,SR-FORCE-FC-PM,268.87,rose,319.95,EUR,https://www.rosebikes.de/p/sram-force-1r-axstm-power-meter-kurbel-1-x-12-fach-2718601
2026-09-13,SR-FORCE-CS,109.24,bike-components,129.99,EUR,https://www.bike-components.de/en/SRAM/Force-XG-1270-E1-12-speed-cassette-p96652/
2026-09-13,SR-FORCE-CN,1.87,hupnakolo,55.0,CZK,https://www.hupnakolo.cz/spojka-pyc-pro-9-retez--1sada-1-blistr-6ks-spojek/
2026-09-13,SR-FORCE-SET,123.52,bike-components,146.99,EUR,https://www.bike-components.de/en/SRAM/Shift-Brake-Lever-Kit-Force-E1-Axs-Disc-p215226/
2026-09-13,SR-FORCE-SET-PM,2361.34,bike-components,2810.0,EUR,https://www.bike-components.de/de/SRAM/Force-E1-AXS-HRD-FM-Powermeter-Gruppe-2x12-fach-33-46-p218460/
2026-09-13,SR-RIVAL-STBR,16.8,bike-discount,19.99,EUR,https://www.bike-discount.de/en/sram-rival/force/red-axs-brake-caliper-service-kit
2026-09-13,SR-RIVAL-RD,163.02,bike-components,193.99,EUR,https://www.bike-components.de/en/SRAM/Rival-E1-AXS-12-speed-rear-derailleur-p96663/
2026-09-13,SR-RIVAL-FD,106.61,mantel,129.0,EUR,https://www.mantel.com/en/sram-rival-axs-e1-embargo-17-6-front-derailleur
2026-09-13,SR-RIVAL-FC,58.82,bike-components,69.99,EUR,https://www.bike-components.de/en/SRAM/Rival-DUB-2x12-speed-Crankset-p81651/
2026-09-13,SR-RIVAL-FC-PM,226.01,rose,268.95,EUR,https://www.rosebikes.de/p/sram-rival-axstm-power-meter-kurbel-2-x-12-fach-2700080
2026-09-13,SR-RIVAL-CS,66.38,bike-components,78.99,EUR,https://www.bike-components.de/en/SRAM/XG-1250-12-speed-Cassette-for-Rival-p81658/
2026-09-13,SR-RIVAL-CN,15.92,rose,18.95,EUR,https://www.rosebikes.de/p/sram-rival-2-x-12-fach-axs-kettenblatt-innen-2699864
2026-09-13,SR-RIVAL-SET,18.7,kupkolo,549.0,CZK,https://www.kupkolo.cz/servisni-sada-pro-sram-brzdovy-trmen-rival-axs_z122150/
2026-09-13,SR-RIVAL-SET-PM,1462.18,bike-components,1740.0,EUR,https://www.bike-components.de/de/SRAM/Rival-E1-AXS-HRD-FM-Powermeter-Gruppe-2x12-fach-35-48-p218860/
2026-09-13,SR-FORCE-D2-SET,16.8,bike-discount,19.99,EUR,https://www.bike-discount.de/en/sram-rival/force/red-axs-brake-caliper-service-kit
2026-09-13,SR-RIVAL-D1-SET,5.45,bike-components,6.49,EUR,https://www.bike-components.de/en/SRAM/Mounting-Adjustment-Bolt-Kit-for-Rival-eTap-AXS-Rear-Derailleur-p81638/
2026-09-13,SR-RED-D1-SET,4.19,bike-components,4.99,EUR,https://www.bike-components.de/en/SRAM/Pushrod-Kit-for-Red-eTap-AXS-E1-p96247/
2026-09-13,SR-X-BATTERY,38.45,kupkolo,1129.0,CZK,https://www.kupkolo.cz/sram-baterie-etap-axs-pro-prehazovacku-nebo-presmykac-1kus_z100168/
2026-09-13,SR-X-CHARGER,34.67,mantel,41.95,EUR,https://www.mantel.com/en/sram-etap-axs-battery-charger
2026-09-13,SR-X-PACELINE-X-160,45.57,hupnakolo,1338.0,CZK,https://www.hupnakolo.cz/sram-paceline-x-center-lock-160-mm---dvoudilny-brzdovy-kotouc-rounded-edges/
2026-09-14,SH-105-STBR,156.34,kupkolo,4590.0,CZK,https://www.kupkolo.cz/radici-a-brzdova-paka-shimano-105-di2-st-r7170-2x12_z119215/
2026-09-14,SH-105-RD,126.04,bike-components,149.99,EUR,https://www.bike-components.de/en/Shimano/105-Di2-Rear-Derailleur-Shadow-RD-R7150-12-speed-p88619/
2026-09-14,SH-105-FD,54.61,bike-components,64.99,EUR,https://www.bike-components.de/de/Shimano/105-Di2-Umwerfer-FD-R7150-2-12-fach-p88620/
2026-09-14,SH-105-FC,60.46,rose,71.95,EUR,https://www.rosebikes.de/p/shimano-105-fc-r7100-hollowtech-ii-kurbel-2-x-12-fach-5034-2701936
2026-09-14,SH-105-CS,41.97,rose,49.95,EUR,https://www.rosebikes.de/p/shimano-105-cs-r7100-12-fach-zahnkranz-2713281
2026-09-14,SH-105-CS2,46.21,bike-components,54.99,EUR,https://www.bike-components.de/en/Shimano/CS-HG710-12-12-speed-Cassette-p88624/
2026-09-14,SH-105-CN,14.61,hupnakolo,429.0,CZK,https://www.hupnakolo.cz/shimano-retez-slx-cn-m7100-12rychl-116cl--s-rychlospojkou-box-20-ks/
2026-09-14,SH-105-SET,671.43,bike-discount,799.0,EUR,https://www.bike-discount.de/de/shimano-105-di2-r7170-2x12-fach-gruppe-disc-top-deal
2026-09-14,SH-ULT-STBR,234.41,rose,278.95,EUR,https://www.rosebikes.de/p/shimano-ultegra-di2-st-r8170-sti-brems-schalthebelkombination-mit-br-r8170-scheibenbremse-j-kit-direct-2700381
2026-09-14,SH-ULT-RD,1.25,bike-components,1.49,EUR,https://www.bike-components.de/en/Shimano/Adjustment-Gauge-for-RD-R9250-RD-R8150-p92737/
2026-09-14,SH-ULT-FD,125.68,hupnakolo,3690.0,CZK,https://www.hupnakolo.cz/shimano-presmykac-ultegra-di2-fd-r8150-pro-2x12-navarka-down-swing61-66-pro-50-54z-max-16z-kapac-ba/
2026-09-14,SH-ULT-FC,17.25,mantel,156.0,DKK,https://www.mantel.com/dk/shimano-ultegra-fc-r8100-klinge
2026-09-14,SH-ULT-FC-PM,2.15,hupnakolo,63.0,CZK,https://www.hupnakolo.cz/adapter-predni-brzdy-is-pm-203-mm/
2026-09-14,SH-ULT-CS,109.24,bike-components,129.99,EUR,https://www.bike-components.de/en/Shimano/Ultegra-Cassette-CS-R8100-Chain-CN-M8101-12-speed-Wear-Set-p213611/
2026-09-14,SH-ULT-CN,23.49,rose,27.95,EUR,https://www.rosebikes.de/p/shimano-deore-xt-ultegra-cn-m8100-hg-12-fach-kette-2678940
2026-09-14,SH-ULT-SET,1008.39,bike-discount,1199.99,EUR,https://www.bike-discount.de/de/shimano-ultegra-di2-r8170-2x12-fach-gruppe-disc-140/160mm-1
2026-09-14,SH-ULT-SET-PM,1420.16,bike-discount,1689.99,EUR,https://www.bike-discount.de/de/shimano-ultegra-di2-r8170-p-2x12-fach-powermeter-gruppe-disc-160/160mm
2026-09-14,SH-DA-STBR,316.05,kupkolo,9279.0,CZK,https://www.kupkolo.cz/radici-a-brzdova-paka-shimano-dura-ace-di2-st-r9270-trmen-br-r9270_z123165/
2026-09-14,SH-DA-RD,1.25,bike-components,1.49,EUR,https://www.bike-components.de/en/Shimano/Adjustment-Gauge-for-RD-R9250-RD-R8150-p92737/
2026-09-14,SH-DA-FD,210.08,bike-components,249.99,EUR,https://www.bike-components.de/en/Shimano/Dura-Ace-Di2-FD-R9250-2-12-speed-Front-Derailleur-p84376/
2026-09-14,SH-DA-FC,25.87,mantel,234.0,DKK,https://www.mantel.com/dk/shimano-dura-ace-fc-r9200-klinge
2026-09-14,SH-DA-FC-PM,5.03,bike-components,5.99,EUR,https://www.bike-components.de/en/Shimano/Magnet-Set-for-FC-R9100-P-FC-R9200-P-Power-Meters-p63981/
2026-09-14,SH-DA-CS,122.65,rose,145.95,EUR,https://www.rosebikes.de/p/shimano-dura-ace-cs-r9200-12-fach-zahnkranz-11-30-2705202
2026-09-14,SH-DA-CN,31.64,starbike,37.65,EUR,https://www.starbike.com/en/shimano-xtr-cn-9100-chain/
2026-09-14,SH-DA-SET,1652.07,mantel,1999.0,EUR,https://www.mantel.com/en/shimano-dura-ace-r9200-di2-disc-groupset
2026-09-14,SH-X-BT-DN300,5.03,bike-discount,5.99,EUR,https://www.bike-discount.de/it/shimano-unita-adattatore-per-bt-dn300
2026-09-14,SH-X-EW-EC300,26.88,bike-components,31.99,EUR,https://www.bike-components.de/en/Shimano/USB-Charging-Cable-EW-EC300-for-BT-DN300-Di2-FC-R9200-P-Power-Meter-p84426/
2026-09-14,SH-X-RT-CL800,31.34,hupnakolo,920.0,CZK,https://www.hupnakolo.cz/brzdovy-kotouc-shimano-rt-cl800-160mm-center-lock--ice-technologies--v-krabicce/
2026-09-14,SH-X-RT-CL900,45.88,hupnakolo,1347.0,CZK,https://www.hupnakolo.cz/shimano-brzd-kotouc-ostatni-rt-cl900-center-lock-160-mm-pro-ice-tech-lock-ring--interni-/
2026-09-14,SR-RED-STBR,402.52,bike-components,479.0,EUR,https://www.bike-components.de/en/SRAM/Red-E1-AXS-HRD-Disc-Brake-with-Shift-Brake-Lever-p94400/
2026-09-14,SR-RED-RD,436.13,bike-components,519.0,EUR,https://www.bike-components.de/en/SRAM/Red-E1-AXS-12-speed-Rear-Derailleur-p94401/
2026-09-14,SR-RED-FD,5.87,bike-components,6.99,EUR,https://www.bike-components.de/en/SRAM/Adjustment-Gauge-for-Red-E1-AXS-Front-Derailleur-p94395/
2026-09-14,SR-RED-FC,251.26,bike-components,299.0,EUR,https://www.bike-components.de/en/SRAM/Red-E1-DUB-2x12-speed-Carbon-Crankset-p94131/
2026-09-14,SR-RED-FC-PM,630.24,bike-discount,749.99,EUR,https://www.bike-discount.de/de/sram-red-axs-dub-powermeter-2x12-fach-carbon-kurbel-50/37
2026-09-14,SR-RED-CS,186.96,hupnakolo,5489.0,CZK,https://www.hupnakolo.cz/sram-red-xg-1290-12rychlostni-kazeta-2/
2026-09-14,SR-RED-CN,20.13,rose,23.95,EUR,https://www.rosebikes.de/p/sram-red-22force-22-kettenblatt-859274
2026-09-14,SR-RED-SET,294.11,bike-discount,349.99,EUR,https://www.bike-discount.de/de/sram-red-axs-e1-hrd-schalt-bremshebel-kit
2026-09-14,SR-RED-SET-PM,504.19,bike-discount,599.99,EUR,https://www.bike-discount.de/de/sram-red-axs-e1-powermeter-kit
2026-09-14,SR-FORCE-STBR,43.69,bike-discount,51.99,EUR,https://www.bike-discount.de/de/sram-force-axs-e1-12-fach-schaltrollen-set
2026-09-14,SR-FORCE-RD,226.01,rose,268.95,EUR,https://www.rosebikes.de/p/sram-force-axstm-12-fach-schaltwerk-159625
2026-09-14,SR-FORCE-FD,139.49,bike-components,165.99,EUR,https://www.bike-components.de/en/SRAM/Force-E1-AXS-Front-Derailleur-2-speed-p96643/
2026-09-14,SR-FORCE-FC,56.29,bike-components,66.99,EUR,https://www.bike-components.de/en/SRAM/Force-AXS-2x12-Crankset-p217468/
2026-09-14,SR-FORCE-FC-PM,268.87,rose,319.95,EUR,https://www.rosebikes.de/p/sram-force-1r-axstm-power-meter-kurbel-1-x-12-fach-2718601
2026-09-14,SR-FORCE-CS,109.24,bike-components,129.99,EUR,https://www.bike-components.de/en/SRAM/Force-XG-1270-E1-12-speed-cassette-p96652/
2026-09-14,SR-FORCE-CN,1.87,hupnakolo,55.0,CZK,https://www.hupnakolo.cz/spojka-pyc-pro-9-retez--1sada-1-blistr-6ks-spojek/
2026-09-14,SR-FORCE-SET,123.52,bike-components,146.99,EUR,https://www.bike-components.de/en/SRAM/Shift-Brake-Lever-Kit-Force-E1-Axs-Disc-p215226/
2026-09-14,SR-FORCE-SET-PM,2361.34,bike-components,2810.0,EUR,https://www.bike-components.de/de/SRAM/Force-E1-AXS-HRD-FM-Powermeter-Gruppe-2x12-fach-33-46-p218460/
2026-09-14,SR-RIVAL-STBR,16.8,bike-discount,19.99,EUR,https://www.bike-discount.de/en/sram-rival/force/red-axs-brake-caliper-service-kit
2026-09-14,SR-RIVAL-RD,163.02,bike-components,193.99,EUR,https://www.bike-components.de/en/SRAM/Rival-E1-AXS-12-speed-rear-derailleur-p96663/
2026-09-14,SR-RIVAL-FD,106.61,mantel,129.0,EUR,https://www.mantel.com/en/sram-rival-axs-e1-embargo-17-6-front-derailleur
2026-09-14,SR-RIVAL-FC,58.82,bike-components,69.99,EUR,https://www.bike-components.de/en/SRAM/Rival-DUB-2x12-speed-Crankset-p81651/
2026-09-14,SR-RIVAL-FC-PM,226.01,rose,268.95,EUR,https://www.rosebikes.de/p/sram-rival-axstm-power-meter-kurbel-2-x-12-fach-2700080
2026-09-14,SR-RIVAL-CS,66.38,bike-components,78.99,EUR,https://www.bike-components.de/en/SRAM/XG-1250-12-speed-Cassette-for-Rival-p81658/
2026-09-14,SR-RIVAL-CN,15.92,rose,18.95,EUR,https://www.rosebikes.de/p/sram-rival-2-x-12-fach-axs-kettenblatt-innen-2699864
2026-09-14,SR-RIVAL-SET,18.7,kupkolo,549.0,CZK,https://www.kupkolo.cz/servisni-sada-pro-sram-brzdovy-trmen-rival-axs_z122150/
2026-09-14,SR-RIVAL-SET-PM,1462.18,bike-components,1740.0,EUR,https://www.bike-components.de/de/SRAM/Rival-E1-AXS-HRD-FM-Powermeter-Gruppe-2x12-fach-35-48-p218860/
2026-09-14,SR-FORCE-D2-SET,16.8,bike-discount,19.99,EUR,https://www.bike-discount.de/en/sram-rival/force/red-axs-brake-caliper-service-kit
2026-09-14,SR-RIVAL-D1-SET,5.45,bike-components,6.49,EUR,https://www.bike-components.de/en/SRAM/Mounting-Adjustment-Bolt-Kit-for-Rival-eTap-AXS-Rear-Derailleur-p81638/
2026-09-14,SR-RED-D1-SET,4.19,bike-components,4.99,EUR,https://www.bike-components.de/en/SRAM/Pushrod-Kit-for-Red-eTap-AXS-E1-p96247/
2026-09-14,SR-X-BATTERY,38.45,kupkolo,1129.0,CZK,https://www.kupkolo.cz/sram-baterie-etap-axs-pro-prehazovacku-nebo-presmykac-1kus_z100168/
2026-09-14,SR-X-CHARGER,34.67,mantel,41.95,EUR,https://www.mantel.com/en/sram-etap-axs-battery-charger
2026-09-14,SR-X-PACELINE-X-160,45.57,hupnakolo,1338.0,CZK,https://www.hupnakolo.cz/sram-paceline-x-center-lock-160-mm---dvoudilny-brzdovy-kotouc-rounded-edges/
2026-09-15,SH-105-STBR,156.15,kupkolo,4590.0,CZK,https://www.kupkolo.cz/radici-a-brzdova-paka-shimano-105-di2-st-r7170-2x12_z119215/
2026-09-15,SH-105-RD,126.04,bike-components,149.99,EUR,https://www.bike-components.de/en/Shimano/105-Di2-Rear-Derailleur-Shadow-RD-R7150-12-speed-p88619/
2026-09-15,SH-105-FD,54.61,bike-components,64.99,EUR,https://www.bike-components.de/de/Shimano/105-Di2-Umwerfer-FD-R7150-2-12-fach-p88620/
2026-09-15,SH-105-FC,60.46,rose,71.95,EUR,https://www.rosebikes.de/p/shimano-105-fc-r7100-hollowtech-ii-kurbel-2-x-12-fach-5034-2701936
2026-09-15,SH-105-CS,41.97,rose,49.95,EUR,https://www.rosebikes.de/p/shimano-105-cs-r7100-12-fach-zahnkranz-2713281
2026-09-15,SH-105-CS2,46.21,bike-components,54.99,EUR,https://www.bike-components.de/en/Shimano/CS-HG710-12-12-speed-Cassette-p88624/
2026-09-15,SH-105-CN,14.59,hupnakolo,429.0,CZK,https://www.hupnakolo.cz/shimano-retez-slx-cn-m7100-12rychl-116cl--s-rychlospojkou-box-20-ks/
2026-09-15,SH-105-SET,671.43,bike-discount,799.0,EUR,https://www.bike-discount.de/de/shimano-105-di2-r7170-2x12-fach-gruppe-disc-top-deal
2026-09-15,SH-ULT-STBR,234.41,rose,278.95,EUR,https://www.rosebikes.de/p/shimano-ultegra-di2-st-r8170-sti-brems-schalthebelkombination-mit-br-r8170-scheibenbremse-j-kit-direct-2700381
2026-09-15,SH-ULT-RD,1.25,bike-components,1.49,EUR,https://www.bike-components.de/en/Shimano/Adjustment-Gauge-for-RD-R9250-RD-R8150-p92737/
2026-09-15,SH-ULT-FD,125.77,hupnakolo,3697.0,CZK,https://www.hupnakolo.cz/shimano-presmykac-ultegra-di2-fd-r8150-pro-2x12-navarka-down-swing61-66-pro-50-54z-max-16z-kapac-ba/
2026-09-15,SH-ULT-FC,17.25,mantel,156.0,DKK,https://www.mantel.com/dk/shimano-ultegra-fc-r8100-klinge
2026-09-15,SH-ULT-FC-PM,2.14,hupnakolo,63.0,CZK,https://www.hupnakolo.cz/adapter-predni-brzdy-is-pm-203-mm/
2026-09-15,SH-ULT-CS,109.24,bike-components,129.99,EUR,https://www.bike-components.de/en/Shimano/Ultegra-Cassette-CS-R8100-Chain-CN-M8101-12-speed-Wear-Set-p213611/
2026-09-15,SH-ULT-CN,20.11,starbike,23.93,EUR,https://www.starbike.com/en/shimano-xt-cn-m8100-12-speed-chain/
2026-09-15,SH-ULT-SET,1008.39,bike-discount,1199.99,EUR,https://www.bike-discount.de/de/shimano-ultegra-di2-r8170-2x12-fach-gruppe-disc-140/160mm-1
2026-09-15,SH-ULT-SET-PM,1420.16,bike-discount,1689.99,EUR,https://www.bike-discount.de/de/shimano-ultegra-di2-r8170-p-2x12-fach-powermeter-gruppe-disc-160/160mm
2026-09-15,SH-DA-STBR,315.66,kupkolo,9279.0,CZK,https://www.kupkolo.cz/radici-a-brzdova-paka-shimano-dura-ace-di2-st-r9270-trmen-br-r9270_z123165/
2026-09-15,SH-DA-RD,1.25,bike-components,1.49,EUR,https://www.bike-components.de/en/Shimano/Adjustment-Gauge-for-RD-R9250-RD-R8150-p92737/
2026-09-15,SH-DA-FD,210.08,bike-components,249.99,EUR,https://www.bike-components.de/en/Shimano/Dura-Ace-Di2-FD-R9250-2-12-speed-Front-Derailleur-p84376/
2026-09-15,SH-DA-FC,25.87,mantel,234.0,DKK,https://www.mantel.com/dk/shimano-dura-ace-fc-r9200-klinge
2026-09-15,SH-DA-FC-PM,5.03,bike-components,5.99,EUR,https://www.bike-components.de/en/Shimano/Magnet-Set-for-FC-R9100-P-FC-R9200-P-Power-Meters-p63981/
2026-09-15,SH-DA-CS,122.65,rose,145.95,EUR,https://www.rosebikes.de/p/shimano-dura-ace-cs-r9200-12-fach-zahnkranz-11-30-2705202
2026-09-15,SH-DA-CN,31.57,hupnakolo,928.0,CZK,https://www.hupnakolo.cz/shimano-xtr-cn-m9100/
2026-09-15,SH-DA-SET,1652.07,mantel,1999.0,EUR,https://www.mantel.com/en/shimano-dura-ace-r9200-di2-disc-groupset
2026-09-15,SH-X-BT-DN300,5.03,bike-discount,5.99,EUR,https://www.bike-discount.de/it/shimano-unita-adattatore-per-bt-dn300
2026-09-15,SH-X-EW-EC300,26.88,bike-components,31.99,EUR,https://www.bike-components.de/en/Shimano/USB-Charging-Cable-EW-EC300-for-BT-DN300-Di2-FC-R9200-P-Power-Meter-p84426/
2026-09-15,SH-X-RT-CL800,31.3,hupnakolo,920.0,CZK,https://www.hupnakolo.cz/brzdovy-kotouc-shimano-rt-cl800-160mm-center-lock--ice-technologies--v-krabicce/
2026-09-15,SH-X-RT-CL900,45.82,hupnakolo,1347.0,CZK,https://www.hupnakolo.cz/shimano-brzd-kotouc-ostatni-rt-cl900-center-lock-160-mm-pro-ice-tech-lock-ring--interni-/
2026-09-15,SR-RED-STBR,402.52,bike-components,479.0,EUR,https://www.bike-components.de/en/SRAM/Red-E1-AXS-HRD-Disc-Brake-with-Shift-Brake-Lever-p94400/
2026-09-15,SR-RED-RD,436.13,bike-components,519.0,EUR,https://www.bike-components.de/en/SRAM/Red-E1-AXS-12-speed-Rear-Derailleur-p94401/
2026-09-15,SR-RED-FD,5.87,bike-components,6.99,EUR,https://www.bike-components.de/en/SRAM/Adjustment-Gauge-for-Red-E1-AXS-Front-Derailleur-p94395/
2026-09-15,SR-RED-FC,251.26,bike-components,299.0,EUR,https://www.bike-components.de/en/SRAM/Red-E1-DUB-2x12-speed-Carbon-Crankset-p94131/
2026-09-15,SR-RED-FC-PM,630.24,bike-discount,749.99,EUR,https://www.bike-discount.de/de/sram-red-axs-dub-powermeter-2x12-fach-carbon-kurbel-50/37
2026-09-15,SR-RED-CS,186.73,hupnakolo,5489.0,CZK,https://www.hupnakolo.cz/sram-red-xg-1290-12rychlostni-kazeta-2/
2026-09-15,SR-RED-CN,20.13,rose,23.95,EUR,https://www.rosebikes.de/p/sram-red-22force-22-kettenblatt-859274
2026-09-15,SR-RED-SET,294.11,bike-discount,349.99,EUR,https://www.bike-discount.de/de/sram-red-axs-e1-hrd-schalt-bremshebel-kit
2026-09-15,SR-RED-SET-PM,504.19,bike-discount,599.99,EUR,https://www.bike-discount.de/de/sram-red-axs-e1-powermeter-kit
2026-09-15,SR-FORCE-STBR,43.69,bike-discount,51.99,EUR,https://www.bike-discount.de/de/sram-force-axs-e1-12-fach-schaltrollen-set
2026-09-15,SR-FORCE-RD,226.01,rose,268.95,EUR,https://www.rosebikes.de/p/sram-force-axstm-12-fach-schaltwerk-159625
2026-09-15,SR-FORCE-FD,139.49,bike-components,165.99,EUR,https://www.bike-components.de/en/SRAM/Force-E1-AXS-Front-Derailleur-2-speed-p96643/
2026-09-15,SR-FORCE-FC,56.29,bike-components,66.99,EUR,https://www.bike-components.de/en/SRAM/Force-AXS-2x12-Crankset-p217468/
2026-09-15,SR-FORCE-FC-PM,268.87,rose,319.95,EUR,https://www.rosebikes.de/p/sram-force-1r-axstm-power-meter-kurbel-1-x-12-fach-2718601
2026-09-15,SR-FORCE-CS,109.24,bike-components,129.99,EUR,https://www.bike-components.de/en/SRAM/Force-XG-1270-E1-12-speed-cassette-p96652/
2026-09-15,SR-FORCE-CN,1.87,hupnakolo,55.0,CZK,https://www.hupnakolo.cz/spojka-pyc-pro-9-retez--1sada-1-blistr-6ks-spojek/
2026-09-15,SR-FORCE-SET,123.52,bike-components,146.99,EUR,https://www.bike-components.de/en/SRAM/Shift-Brake-Lever-Kit-Force-E1-Axs-Disc-p215226/
2026-09-15,SR-FORCE-SET-PM,2361.34,bike-components,2810.0,EUR,https://www.bike-components.de/de/SRAM/Force-E1-AXS-HRD-FM-Powermeter-Gruppe-2x12-fach-33-46-p218460/
2026-09-15,SR-RIVAL-STBR,16.8,bike-discount,19.99,EUR,https://www.bike-discount.de/en/sram-rival/force/red-axs-brake-caliper-service-kit
2026-09-15,SR-RIVAL-RD,163.02,bike-components,193.99,EUR,https://www.bike-components.de/en/SRAM/Rival-E1-AXS-12-speed-rear-derailleur-p96663/
2026-09-15,SR-RIVAL-FD,109.24,bike-components,129.99,EUR,https://www.bike-components.de/en/SRAM/Rival-E1-AXS-Front-Derailleur-2-speed-p96664/
2026-09-15,SR-RIVAL-FC,58.82,bike-components,69.99,EUR,https://www.bike-components.de/en/SRAM/Rival-DUB-2x12-speed-Crankset-p81651/
2026-09-15,SR-RIVAL-FC-PM,226.01,rose,268.95,EUR,https://www.rosebikes.de/p/sram-rival-axstm-power-meter-kurbel-2-x-12-fach-2700080
2026-09-15,SR-RIVAL-CS,66.38,bike-components,78.99,EUR,https://www.bike-components.de/en/SRAM/XG-1250-12-speed-Cassette-for-Rival-p81658/
2026-09-15,SR-RIVAL-CN,15.92,rose,18.95,EUR,https://www.rosebikes.de/p/sram-rival-2-x-12-fach-axs-kettenblatt-innen-2699864
2026-09-15,SR-RIVAL-SET,18.68,kupkolo,549.0,CZK,https://www.kupkolo.cz/servisni-sada-pro-sram-brzdovy-trmen-rival-axs_z122150/
2026-09-15,SR-RIVAL-SET-PM,1462.18,bike-components,1740.0,EUR,https://www.bike-components.de/de/SRAM/Rival-E1-AXS-HRD-FM-Powermeter-Gruppe-2x12-fach-35-48-p218860/
2026-09-15,SR-FORCE-D2-SET,16.8,bike-discount,19.99,EUR,https://www.bike-discount.de/en/sram-rival/force/red-axs-brake-caliper-service-kit
2026-09-15,SR-RIVAL-D1-SET,5.45,bike-components,6.49,EUR,https://www.bike-components.de/en/SRAM/Mounting-Adjustment-Bolt-Kit-for-Rival-eTap-AXS-Rear-Derailleur-p81638/
2026-09-15,SR-RED-D1-SET,4.19,bike-components,4.99,EUR,https://www.bike-components.de/en/SRAM/Pushrod-Kit-for-Red-eTap-AXS-E1-p96247/
2026-09-15,SR-X-BATTERY,38.41,kupkolo,1129.0,CZK,https://www.kupkolo.cz/sram-baterie-etap-axs-pro-prehazovacku-nebo-presmykac-1kus_z100168/
2026-09-15,SR-X-CHARGER,33.02,mantel,39.95,EUR,https://www.mantel.com/en/sram-etap-axs-battery-charger
2026-09-15,SR-X-PACELINE-X-160,45.52,hupnakolo,1338.0,CZK,https://www.hupnakolo.cz/sram-paceline-x-center-lock-160-mm---dvoudilny-brzdovy-kotouc-rounded-edges/
2026-09-16,SH-105-STBR,156.16,kupkolo,4590.0,CZK,https://www.kupkolo.cz/radici-a-brzdova-paka-shimano-105-di2-st-r7170-2x12_z119215/
2026-09-16,SH-105-RD,126.04,bike-components,149.99,EUR,https://www.bike-components.de/en/Shimano/105-Di2-Rear-Derailleur-Shadow-RD-R7150-12-speed-p88619/
2026-09-16,SH-105-FD,54.61,bike-components,64.99,EUR,https://www.bike-components.de/de/Shimano/105-Di2-Umwerfer-FD-R7150-2-12-fach-p88620/
2026-09-16,SH-105-FC,60.46,rose,71.95,EUR,https://www.rosebikes.de/p/shimano-105-fc-r7100-hollowtech-ii-kurbel-2-x-12-fach-5034-2701936
2026-09-16,SH-105-CS,41.97,rose,49.95,EUR,https://www.rosebikes.de/p/shimano-105-cs-r7100-12-fach-zahnkranz-2713281
2026-09-16,SH-105-CS2,46.21,bike-components,54.99,EUR,https://www.bike-components.de/en/Shimano/CS-HG710-12-12-speed-Cassette-p88624/
2026-09-16,SH-105-CN,14.6,hupnakolo,429.0,CZK,https://www.hupnakolo.cz/shimano-retez-slx-cn-m7100-12rychl-116cl--s-rychlospojkou-box-20-ks/
2026-09-16,SH-105-SET,671.43,bike-discount,799.0,EUR,https://www.bike-discount.de/de/shimano-105-di2-r7170-2x12-fach-gruppe-disc-top-deal
2026-09-16,SH-ULT-STBR,234.41,rose,278.95,EUR,https://www.rosebikes.de/p/shimano-ultegra-di2-st-r8170-sti-brems-schalthebelkombination-mit-br-r8170-scheibenbremse-j-kit-direct-2700381
2026-09-16,SH-ULT-RD,1.25,bike-components,1.49,EUR,https://www.bike-components.de/en/Shimano/Adjustment-Gauge-for-RD-R9250-RD-R8150-p92737/
2026-09-16,SH-ULT-FD,125.78,hupnakolo,3697.0,CZK,https://www.hupnakolo.cz/shimano-presmykac-ultegra-di2-fd-r8150-pro-2x12-navarka-down-swing61-66-pro-50-54z-max-16z-kapac-ba/
2026-09-16,SH-ULT-FC,17.25,mantel,156.0,DKK,https://www.mantel.com/dk/shimano-ultegra-fc-r8100-klinge
2026-09-16,SH-ULT-FC-PM,2.14,hupnakolo,63.0,CZK,https://www.hupnakolo.cz/adapter-predni-brzdy-is-pm-203-mm/
2026-09-16,SH-ULT-CS,109.24,bike-components,129.99,EUR,https://www.bike-components.de/en/Shimano/Ultegra-Cassette-CS-R8100-Chain-CN-M8101-12-speed-Wear-Set-p213611/
2026-09-16,SH-ULT-CN,20.11,starbike,23.93,EUR,https://www.starbike.com/en/shimano-xt-cn-m8100-12-speed-chain/
2026-09-16,SH-ULT-SET,1008.39,bike-discount,1199.99,EUR,https://www.bike-discount.de/de/shimano-ultegra-di2-r8170-2x12-fach-gruppe-disc-140/160mm-1
2026-09-16,SH-ULT-SET-PM,1420.16,bike-discount,1689.99,EUR,https://www.bike-discount.de/de/shimano-ultegra-di2-r8170-p-2x12-fach-powermeter-gruppe-disc-160/160mm
2026-09-16,SH-DA-STBR,315.68,kupkolo,9279.0,CZK,https://www.kupkolo.cz/radici-a-brzdova-paka-shimano-dura-ace-di2-st-r9270-trmen-br-r9270_z123165/
2026-09-16,SH-DA-RD,1.25,bike-components,1.49,EUR,https://www.bike-components.de/en/Shimano/Adjustment-Gauge-for-RD-R9250-RD-R8150-p92737/
2026-09-16,SH-DA-FD,210.08,bike-components,249.99,EUR,https://www.bike-components.de/en/Shimano/Dura-Ace-Di2-FD-R9250-2-12-speed-Front-Derailleur-p84376/
2026-09-16,SH-DA-FC,25.87,mantel,234.0,DKK,https://www.mantel.com/dk/shimano-dura-ace-fc-r9200-klinge
2026-09-16,SH-DA-FC-PM,5.03,bike-components,5.99,EUR,https://www.bike-components.de/en/Shimano/Magnet-Set-for-FC-R9100-P-FC-R9200-P-Power-Meters-p63981/
2026-09-16,SH-DA-CS,122.65,rose,145.95,EUR,https://www.rosebikes.de/p/shimano-dura-ace-cs-r9200-12-fach-zahnkranz-11-30-2705202
2026-09-16,SH-DA-CN,31.57,hupnakolo,928.0,CZK,https://www.hupnakolo.cz/shimano-xtr-cn-m9100/
2026-09-16,SH-DA-SET,1652.07,mantel,1999.0,EUR,https://www.mantel.com/en/shimano-dura-ace-r9200-di2-disc-groupset
2026-09-16,SH-X-BT-DN300,5.03,bike-discount,5.99,EUR,https://www.bike-discount.de/it/shimano-unita-adattatore-per-bt-dn300
2026-09-16,SH-X-EW-EC300,26.88,bike-components,31.99,EUR,https://www.bike-components.de/en/Shimano/USB-Charging-Cable-EW-EC300-for-BT-DN300-Di2-FC-R9200-P-Power-Meter-p84426/
2026-09-16,SH-X-RT-CL800,31.3,hupnakolo,920.0,CZK,https://www.hupnakolo.cz/brzdovy-kotouc-shimano-rt-cl800-160mm-center-lock--ice-technologies--v-krabicce/
2026-09-16,SH-X-RT-CL900,45.83,hupnakolo,1347.0,CZK,https://www.hupnakolo.cz/shimano-brzd-kotouc-ostatni-rt-cl900-center-lock-160-mm-pro-ice-tech-lock-ring--interni-/
2026-09-16,SR-RED-STBR,402.52,bike-components,479.0,EUR,https://www.bike-components.de/en/SRAM/Red-E1-AXS-HRD-Disc-Brake-with-Shift-Brake-Lever-p94400/
2026-09-16,SR-RED-RD,436.13,bike-components,519.0,EUR,https://www.bike-components.de/en/SRAM/Red-E1-AXS-12-speed-Rear-Derailleur-p94401/
2026-09-16,SR-RED-FD,5.87,bike-components,6.99,EUR,https://www.bike-components.de/en/SRAM/Adjustment-Gauge-for-Red-E1-AXS-Front-Derailleur-p94395/
2026-09-16,SR-RED-FC,251.26,bike-components,299.0,EUR,https://www.bike-components.de/en/SRAM/Red-E1-DUB-2x12-speed-Carbon-Crankset-p94131/
2026-09-16,SR-RED-FC-PM,630.24,bike-discount,749.99,EUR,https://www.bike-discount.de/de/sram-red-axs-dub-powermeter-2x12-fach-carbon-kurbel-50/37
2026-09-16,SR-RED-CS,186.74,hupnakolo,5489.0,CZK,https://www.hupnakolo.cz/sram-red-xg-1290-12rychlostni-kazeta-2/
2026-09-16,SR-RED-CN,20.13,rose,23.95,EUR,https://www.rosebikes.de/p/sram-red-22force-22-kettenblatt-859274
2026-09-16,SR-RED-SET,294.11,bike-discount,349.99,EUR,https://www.bike-discount.de/de/sram-red-axs-e1-hrd-schalt-bremshebel-kit
2026-09-16,SR-RED-SET-PM,504.19,bike-discount,599.99,EUR,https://www.bike-discount.de/de/sram-red-axs-e1-powermeter-kit
2026-09-16,SR-FORCE-STBR,43.69,bike-discount,51.99,EUR,https://www.bike-discount.de/de/sram-force-axs-e1-12-fach-schaltrollen-set
2026-09-16,SR-FORCE-RD,219.79,mantel,265.95,EUR,https://www.mantel.com/en/sram-force-axs-e1-rd-rear-derailleur
2026-09-16,SR-FORCE-FD,139.49,bike-components,165.99,EUR,https://www.bike-components.de/en/SRAM/Force-E1-AXS-Front-Derailleur-2-speed-p96643/
2026-09-16,SR-FORCE-FC,56.29,bike-components,66.99,EUR,https://www.bike-components.de/en/SRAM/Force-AXS-2x12-Crankset-p217468/
2026-09-16,SR-FORCE-FC-PM,268.87,rose,319.95,EUR,https://www.rosebikes.de/p/sram-force-1r-axstm-power-meter-kurbel-1-x-12-fach-2718601
2026-09-16,SR-FORCE-CS,109.24,bike-components,129.99,EUR,https://www.bike-components.de/en/SRAM/Force-XG-1270-E1-12-speed-cassette-p96652/
2026-09-16,SR-FORCE-CN,1.87,hupnakolo,55.0,CZK,https://www.hupnakolo.cz/spojka-pyc-pro-9-retez--1sada-1-blistr-6ks-spojek/
2026-09-16,SR-FORCE-SET,123.52,bike-components,146.99,EUR,https://www.bike-components.de/en/SRAM/Shift-Brake-Lever-Kit-Force-E1-Axs-Disc-p215226/
2026-09-16,SR-FORCE-SET-PM,2361.34,bike-components,2810.0,EUR,https://www.bike-components.de/de/SRAM/Force-E1-AXS-HRD-FM-Powermeter-Gruppe-2x12-fach-33-46-p218460/
2026-09-16,SR-RIVAL-STBR,16.8,bike-discount,19.99,EUR,https://www.bike-discount.de/en/sram-rival/force/red-axs-brake-caliper-service-kit
2026-09-16,SR-RIVAL-RD,163.02,bike-components,193.99,EUR,https://www.bike-components.de/en/SRAM/Rival-E1-AXS-12-speed-rear-derailleur-p96663/
2026-09-16,SR-RIVAL-FD,109.24,bike-components,129.99,EUR,https://www.bike-components.de/en/SRAM/Rival-E1-AXS-Front-Derailleur-2-speed-p96664/
2026-09-16,SR-RIVAL-FC,58.82,bike-components,69.99,EUR,https://www.bike-components.de/en/SRAM/Rival-DUB-2x12-speed-Crankset-p81651/
2026-09-16,SR-RIVAL-FC-PM,226.01,rose,268.95,EUR,https://www.rosebikes.de/p/sram-rival-axstm-power-meter-kurbel-2-x-12-fach-2700080
2026-09-16,SR-RIVAL-CS,66.38,bike-components,78.99,EUR,https://www.bike-components.de/en/SRAM/XG-1250-12-speed-Cassette-for-Rival-p81658/
2026-09-16,SR-RIVAL-CN,15.92,rose,18.95,EUR,https://www.rosebikes.de/p/sram-rival-2-x-12-fach-axs-kettenblatt-innen-2699864
2026-09-16,SR-RIVAL-SET,18.68,kupkolo,549.0,CZK,https://www.kupkolo.cz/servisni-sada-pro-sram-brzdovy-trmen-rival-axs_z122150/
2026-09-16,SR-RIVAL-SET-PM,1462.18,bike-components,1740.0,EUR,https://www.bike-components.de/de/SRAM/Rival-E1-AXS-HRD-FM-Powermeter-Gruppe-2x12-fach-35-48-p218860/
2026-09-16,SR-FORCE-D2-SET,16.8,bike-discount,19.99,EUR,https://www.bike-discount.de/en/sram-rival/force/red-axs-brake-caliper-service-kit
2026-09-16,SR-RIVAL-D1-SET,5.45,bike-components,6.49,EUR,https://www.bike-components.de/en/SRAM/Mounting-Adjustment-Bolt-Kit-for-Rival-eTap-AXS-Rear-Derailleur-p81638/
2026-09-16,SR-RED-D1-SET,4.19,bike-components,4.99,EUR,https://www.bike-components.de/en/SRAM/Pushrod-Kit-for-Red-eTap-AXS-E1-p96247/
2026-09-16,SR-X-BATTERY,38.41,kupkolo,1129.0,CZK,https://www.kupkolo.cz/sram-baterie-etap-axs-pro-prehazovacku-nebo-presmykac-1kus_z100168/
2026-09-16,SR-X-CHARGER,33.02,mantel,39.95,EUR,https://www.mantel.com/en/sram-etap-axs-battery-charger
2026-09-16,SR-X-PACELINE-X-160,45.52,hupnakolo,1338.0,CZK,https://www.hupnakolo.cz/sram-paceline-x-center-lock-160-mm---dvoudilny-brzdovy-kotouc-rounded-edges/
2026-09-17,SH-105-STBR,156.02,kupkolo,4590.0,CZK,https://www.kupkolo.cz/radici-a-brzdova-paka-shimano-105-di2-st-r7170-2x12_z119215/
2026-09-17,SH-105-RD,126.04,bike-components,149.99,EUR,https://www.bike-components.de/en/Shimano/105-Di2-Rear-Derailleur-Shadow-RD-R7150-12-speed-p88619/
2026-09-17,SH-105-FD,54.61,bike-components,64.99,EUR,https://www.bike-components.de/de/Shimano/105-Di2-Umwerfer-FD-R7150-2-12-fach-p88620/
2026-09-17,SH-105-FC,60.46,rose,71.95,EUR,https://www.rosebikes.de/p/shimano-105-fc-r7100-hollowtech-ii-kurbel-2-x-12-fach-5034-2701936
2026-09-17,SH-105-CS,41.97,rose,49.95,EUR,https://www.rosebikes.de/p/shimano-105-cs-r7100-12-fach-zahnkranz-2713281
2026-09-17,SH-105-CS2,46.21,bike-components,54.99,EUR,https://www.bike-components.de/en/Shimano/CS-HG710-12-12-speed-Cassette-p88624/
2026-09-17,SH-105-CN,14.58,hupnakolo,429.0,CZK,https://www.hupnakolo.cz/shimano-retez-slx-cn-m7100-12rychl-116cl--s-rychlospojkou-box-20-ks/
2026-09-17,SH-105-SET,671.43,bike-discount,799.0,EUR,https://www.bike-discount.de/de/shimano-105-di2-r7170-2x12-fach-gruppe-disc-top-deal
2026-09-17,SH-ULT-STBR,234.41,rose,278.95,EUR,https://www.rosebikes.de/p/shimano-ultegra-di2-st-r8170-sti-brems-schalthebelkombination-mit-br-r8170-scheibenbremse-j-kit-direct-2700381
2026-09-17,SH-ULT-RD,1.25,bike-components,1.49,EUR,https://www.bike-components.de/en/Shimano/Adjustment-Gauge-for-RD-R9250-RD-R8150-p92737/
2026-09-17,SH-ULT-FD,125.67,hupnakolo,3697.0,CZK,https://www.hupnakolo.cz/shimano-presmykac-ultegra-di2-fd-r8150-pro-2x12-navarka-down-swing61-66-pro-50-54z-max-16z-kapac-ba/
2026-09-17,SH-ULT-FC,17.25,mantel,156.0,DKK,https://www.mantel.com/dk/shimano-ultegra-fc-r8100-klinge
2026-09-17,SH-ULT-FC-PM,2.14,hupnakolo,63.0,CZK,https://www.hupnakolo.cz/adapter-predni-brzdy-is-pm-203-mm/
2026-09-17,SH-ULT-CS,109.24,bike-components,129.99,EUR,https://www.bike-components.de/en/Shimano/Ultegra-Cassette-CS-R8100-Chain-CN-M8101-12-speed-Wear-Set-p213611/
2026-09-17,SH-ULT-CN,20.11,starbike,23.93,EUR,https://www.starbike.com/en/shimano-xt-cn-m8100-12-speed-chain/
2026-09-17,SH-ULT-SET,1008.39,bike-discount,1199.99,EUR,https://www.bike-discount.de/de/shimano-ultegra-di2-r8170-2x12-fach-gruppe-disc-140/160mm-1
2026-09-17,SH-ULT-SET-PM,1420.16,bike-discount,1689.99,EUR,https://www.bike-discount.de/de/shimano-ultegra-di2-r8170-p-2x12-fach-powermeter-gruppe-disc-160/160mm
2026-09-17,SH-DA-STBR,315.41,kupkolo,9279.0,CZK,https://www.kupkolo.cz/radici-a-brzdova-paka-shimano-dura-ace-di2-st-r9270-trmen-br-r9270_z123165/
2026-09-17,SH-DA-RD,1.25,bike-components,1.49,EUR,https://www.bike-components.de/en/Shimano/Adjustment-Gauge-for-RD-R9250-RD-R8150-p92737/
2026-09-17,SH-DA-FD,210.08,bike-components,249.99,EUR,https://www.bike-components.de/en/Shimano/Dura-Ace-Di2-FD-R9250-2-12-speed-Front-Derailleur-p84376/
2026-09-17,SH-DA-FC,25.87,mantel,234.0,DKK,https://www.mantel.com/dk/shimano-dura-ace-fc-r9200-klinge
2026-09-17,SH-DA-FC-PM,5.03,bike-components,5.99,EUR,https://www.bike-components.de/en/Shimano/Magnet-Set-for-FC-R9100-P-FC-R9200-P-Power-Meters-p63981/
2026-09-17,SH-DA-CS,122.65,rose,145.95,EUR,https://www.rosebikes.de/p/shimano-dura-ace-cs-r9200-12-fach-zahnkranz-11-30-2705202
2026-09-17,SH-DA-CN,31.64,starbike,37.65,EUR,https://www.starbike.com/en/shimano-xtr-cn-9100-chain/
2026-09-17,SH-DA-SET,1652.07,mantel,1999.0,EUR,https://www.mantel.com/en/shimano-dura-ace-r9200-di2-disc-groupset
2026-09-17,SH-X-BT-DN300,5.03,bike-discount,5.99,EUR,https://www.bike-discount.de/it/shimano-unita-adattatore-per-bt-dn300
2026-09-17,SH-X-EW-EC300,26.88,bike-components,31.99,EUR,https://www.bike-components.de/en/Shimano/USB-Charging-Cable-EW-EC300-for-BT-DN300-Di2-FC-R9200-P-Power-Meter-p84426/
2026-09-17,SH-X-RT-CL800,31.27,hupnakolo,920.0,CZK,https://www.hupnakolo.cz/brzdovy-kotouc-shimano-rt-cl800-160mm-center-lock--ice-technologies--v-krabicce/
2026-09-17,SH-X-RT-CL900,45.79,hupnakolo,1347.0,CZK,https://www.hupnakolo.cz/shimano-brzd-kotouc-ostatni-rt-cl900-center-lock-160-mm-pro-ice-tech-lock-ring--interni-/
2026-09-17,SR-RED-STBR,402.52,bike-components,479.0,EUR,https://www.bike-components.de/en/SRAM/Red-E1-AXS-HRD-Disc-Brake-with-Shift-Brake-Lever-p94400/
2026-09-17,SR-RED-RD,436.13,bike-components,519.0,EUR,https://www.bike-components.de/en/SRAM/Red-E1-AXS-12-speed-Rear-Derailleur-p94401/
2026-09-17,SR-RED-FD,5.87,bike-components,6.99,EUR,https://www.bike-components.de/en/SRAM/Adjustment-Gauge-for-Red-E1-AXS-Front-Derailleur-p94395/
2026-09-17,SR-RED-FC,251.26,bike-components,299.0,EUR,https://www.bike-components.de/en/SRAM/Red-E1-DUB-2x12-speed-Carbon-Crankset-p94131/
2026-09-17,SR-RED-FC-PM,630.24,bike-discount,749.99,EUR,https://www.bike-discount.de/de/sram-red-axs-dub-powermeter-2x12-fach-carbon-kurbel-50/37
2026-09-17,SR-RED-CS,186.58,hupnakolo,5489.0,CZK,https://www.hupnakolo.cz/sram-red-xg-1290-12rychlostni-kazeta-2/
2026-09-17,SR-RED-CN,20.13,rose,23.95,EUR,https://www.rosebikes.de/p/sram-red-22force-22-kettenblatt-859274
2026-09-17,SR-RED-SET,294.11,bike-discount,349.99,EUR,https://www.bike-discount.de/de/sram-red-axs-e1-hrd-schalt-bremshebel-kit
2026-09-17,SR-RED-SET-PM,504.19,bike-discount,599.99,EUR,https://www.bike-discount.de/de/sram-red-axs-e1-powermeter-kit
2026-09-17,SR-FORCE-STBR,43.69,bike-discount,51.99,EUR,https://www.bike-discount.de/de/sram-force-axs-e1-12-fach-schaltrollen-set
2026-09-17,SR-FORCE-RD,219.79,mantel,265.95,EUR,https://www.mantel.com/en/sram-force-axs-e1-rd-rear-derailleur
2026-09-17,SR-FORCE-FD,139.49,bike-components,165.99,EUR,https://www.bike-components.de/en/SRAM/Force-E1-AXS-Front-Derailleur-2-speed-p96643/
2026-09-17,SR-FORCE-FC,56.29,bike-components,66.99,EUR,https://www.bike-components.de/en/SRAM/Force-AXS-2x12-Crankset-p217468/
2026-09-17,SR-FORCE-FC-PM,268.87,rose,319.95,EUR,https://www.rosebikes.de/p/sram-force-1r-axstm-power-meter-kurbel-1-x-12-fach-2718601
2026-09-17,SR-FORCE-CS,109.24,bike-components,129.99,EUR,https://www.bike-components.de/en/SRAM/Force-XG-1270-E1-12-speed-cassette-p96652/
2026-09-17,SR-FORCE-CN,1.87,hupnakolo,55.0,CZK,https://www.hupnakolo.cz/spojka-pyc-pro-9-retez--1sada-1-blistr-6ks-spojek/
2026-09-17,SR-FORCE-SET,123.52,bike-components,146.99,EUR,https://www.bike-components.de/en/SRAM/Shift-Brake-Lever-Kit-Force-E1-Axs-Disc-p215226/
2026-09-17,SR-FORCE-SET-PM,2361.34,bike-components,2810.0,EUR,https://www.bike-components.de/de/SRAM/Force-E1-AXS-HRD-FM-Powermeter-Gruppe-2x12-fach-33-46-p218460/
2026-09-17,SR-RIVAL-STBR,16.8,bike-discount,19.99,EUR,https://www.bike-discount.de/en/sram-rival/force/red-axs-brake-caliper-service-kit
2026-09-17,SR-RIVAL-RD,163.02,bike-components,193.99,EUR,https://www.bike-components.de/en/SRAM/Rival-E1-AXS-12-speed-rear-derailleur-p96663/
2026-09-17,SR-RIVAL-FD,109.24,bike-components,129.99,EUR,https://www.bike-components.de/en/SRAM/Rival-E1-AXS-Front-Derailleur-2-speed-p96664/
2026-09-17,SR-RIVAL-FC,58.82,bike-components,69.99,EUR,https://www.bike-components.de/en/SRAM/Rival-DUB-2x12-speed-Crankset-p81651/
2026-09-17,SR-RIVAL-FC-PM,226.01,rose,268.95,EUR,https://www.rosebikes.de/p/sram-rival-axstm-power-meter-kurbel-2-x-12-fach-2700080
2026-09-17,SR-RIVAL-CS,66.38,bike-components,78.99,EUR,https://www.bike-components.de/en/SRAM/XG-1250-12-speed-Cassette-for-Rival-p81658/
2026-09-17,SR-RIVAL-CN,15.92,rose,18.95,EUR,https://www.rosebikes.de/p/sram-rival-2-x-12-fach-axs-kettenblatt-innen-2699864
2026-09-17,SR-RIVAL-SET,18.66,kupkolo,549.0,CZK,https://www.kupkolo.cz/servisni-sada-pro-sram-brzdovy-trmen-rival-axs_z122150/
2026-09-17,SR-RIVAL-SET-PM,1462.18,bike-components,1740.0,EUR,https://www.bike-components.de/de/SRAM/Rival-E1-AXS-HRD-FM-Powermeter-Gruppe-2x12-fach-35-48-p218860/
2026-09-17,SR-FORCE-D2-SET,16.8,bike-discount,19.99,EUR,https://www.bike-discount.de/en/sram-rival/force/red-axs-brake-caliper-service-kit
2026-09-17,SR-RIVAL-D1-SET,5.45,bike-components,6.49,EUR,https://www.bike-components.de/en/SRAM/Mounting-Adjustment-Bolt-Kit-for-Rival-eTap-AXS-Rear-Derailleur-p81638/
2026-09-17,SR-RED-D1-SET,4.19,bike-components,4.99,EUR,https://www.bike-components.de/en/SRAM/Pushrod-Kit-for-Red-eTap-AXS-E1-p96247/
2026-09-17,SR-X-BATTERY,38.38,kupkolo,1129.0,CZK,https://www.kupkolo.cz/sram-baterie-etap-axs-pro-prehazovacku-nebo-presmykac-1kus_z100168/
2026-09-17,SR-X-CHARGER,33.02,mantel,39.95,EUR,https://www.mantel.com/en/sram-etap-axs-battery-charger
2026-09-17,SR-X-PACELINE-160,30.05,hupnakolo,884.0,CZK,https://www.hupnakolo.cz/00-5018-248-001-sram-am-db-rotor-cl-paceline-160-roundedlr-a2/
2026-09-18,SH-105-STBR,156.06,kupkolo,4590.0,CZK,https://www.kupkolo.cz/radici-a-brzdova-paka-shimano-105-di2-st-r7170-2x12_z119215/
2026-09-18,SH-105-RD,126.04,bike-components,149.99,EUR,https://www.bike-components.de/en/Shimano/105-Di2-Rear-Derailleur-Shadow-RD-R7150-12-speed-p88619/
2026-09-18,SH-105-FD,54.61,bike-components,64.99,EUR,https://www.bike-components.de/de/Shimano/105-Di2-Umwerfer-FD-R7150-2-12-fach-p88620/
2026-09-18,SH-105-FC,60.46,rose,71.95,EUR,https://www.rosebikes.de/p/shimano-105-fc-r7100-hollowtech-ii-kurbel-2-x-12-fach-5034-2701936
2026-09-18,SH-105-CS,41.97,rose,49.95,EUR,https://www.rosebikes.de/p/shimano-105-cs-r7100-12-fach-zahnkranz-2713281
2026-09-18,SH-105-CS2,46.21,bike-components,54.99,EUR,https://www.bike-components.de/en/Shimano/CS-HG710-12-12-speed-Cassette-p88624/
2026-09-18,SH-105-CN,14.59,hupnakolo,429.0,CZK,https://www.hupnakolo.cz/shimano-retez-slx-cn-m7100-12rychl-116cl--s-rychlospojkou-box-20-ks/
2026-09-18,SH-105-SET,671.43,bike-discount,799.0,EUR,https://www.bike-discount.de/de/shimano-105-di2-r7170-2x12-fach-gruppe-disc-top-deal
2026-09-18,SH-ULT-STBR,234.41,rose,278.95,EUR,https://www.rosebikes.de/p/shimano-ultegra-di2-st-r8170-sti-brems-schalthebelkombination-mit-br-r8170-scheibenbremse-j-kit-direct-2700381
2026-09-18,SH-ULT-RD,1.25,bike-components,1.49,EUR,https://www.bike-components.de/en/Shimano/Adjustment-Gauge-for-RD-R9250-RD-R8150-p92737/
2026-09-18,SH-ULT-FD,125.69,hupnakolo,3697.0,CZK,https://www.hupnakolo.cz/shimano-presmykac-ultegra-di2-fd-r8150-pro-2x12-navarka-down-swing61-66-pro-50-54z-max-16z-kapac-ba/
2026-09-18,SH-ULT-FC,17.25,mantel,156.0,DKK,https://www.mantel.com/dk/shimano-ultegra-fc-r8100-klinge
2026-09-18,SH-ULT-FC-PM,2.14,hupnakolo,63.0,CZK,https://www.hupnakolo.cz/adapter-predni-brzdy-is-pm-203-mm/
2026-09-18,SH-ULT-CS,109.24,bike-components,129.99,EUR,https://www.bike-components.de/en/Shimano/Ultegra-Cassette-CS-R8100-Chain-CN-M8101-12-speed-Wear-Set-p213611/
2026-09-18,SH-ULT-CN,20.11,starbike,23.93,EUR,https://www.starbike.com/en/shimano-xt-cn-m8100-12-speed-chain/
2026-09-18,SH-ULT-SET,1008.39,bike-discount,1199.99,EUR,https://www.bike-discount.de/de/shimano-ultegra-di2-r8170-2x12-fach-gruppe-disc-140/160mm-1
2026-09-18,SH-ULT-SET-PM,1420.16,bike-discount,1689.99,EUR,https://www.bike-discount.de/de/shimano-ultegra-di2-r8170-p-2x12-fach-powermeter-gruppe-disc-160/160mm
2026-09-18,SH-DA-STBR,315.48,kupkolo,9279.0,CZK,https://www.kupkolo.cz/radici-a-brzdova-paka-shimano-dura-ace-di2-st-r9270-trmen-br-r9270_z123165/
2026-09-18,SH-DA-RD,1.25,bike-components,1.49,EUR,https://www.bike-components.de/en/Shimano/Adjustment-Gauge-for-RD-R9250-RD-R8150-p92737/
2026-09-18,SH-DA-FD,210.08,bike-components,249.99,EUR,https://www.bike-components.de/en/Shimano/Dura-Ace-Di2-FD-R9250-2-12-speed-Front-Derailleur-p84376/
2026-09-18,SH-DA-FC,25.87,mantel,234.0,DKK,https://www.mantel.com/dk/shimano-dura-ace-fc-r9200-klinge
2026-09-18,SH-DA-FC-PM,5.03,bike-components,5.99,EUR,https://www.bike-components.de/en/Shimano/Magnet-Set-for-FC-R9100-P-FC-R9200-P-Power-Meters-p63981/
2026-09-18,SH-DA-CS,122.65,rose,145.95,EUR,https://www.rosebikes.de/p/shimano-dura-ace-cs-r9200-12-fach-zahnkranz-11-30-2705202
2026-09-18,SH-DA-CN,31.64,starbike,37.65,EUR,https://www.starbike.com/en/shimano-xtr-cn-9100-chain/
2026-09-18,SH-DA-SET,1652.07,mantel,1999.0,EUR,https://www.mantel.com/en/shimano-dura-ace-r9200-di2-disc-groupset
2026-09-18,SH-X-BT-DN300,5.03,bike-discount,5.99,EUR,https://www.bike-discount.de/it/shimano-unita-adattatore-per-bt-dn300
2026-09-18,SH-X-EW-EC300,26.88,bike-components,31.99,EUR,https://www.bike-components.de/en/Shimano/USB-Charging-Cable-EW-EC300-for-BT-DN300-Di2-FC-R9200-P-Power-Meter-p84426/
2026-09-18,SH-X-RT-CL800,31.28,hupnakolo,920.0,CZK,https://www.hupnakolo.cz/brzdovy-kotouc-shimano-rt-cl800-160mm-center-lock--ice-technologies--v-krabicce/
2026-09-18,SH-X-RT-CL900,45.8,hupnakolo,1347.0,CZK,https://www.hupnakolo.cz/shimano-brzd-kotouc-ostatni-rt-cl900-center-lock-160-mm-pro-ice-tech-lock-ring--interni-/
2026-09-18,SR-RED-STBR,402.52,bike-components,479.0,EUR,https://www.bike-components.de/en/SRAM/Red-E1-AXS-HRD-Disc-Brake-with-Shift-Brake-Lever-p94400/
2026-09-18,SR-RED-RD,436.13,bike-components,519.0,EUR,https://www.bike-components.de/en/SRAM/Red-E1-AXS-12-speed-Rear-Derailleur-p94401/
2026-09-18,SR-RED-FD,5.87,bike-components,6.99,EUR,https://www.bike-components.de/en/SRAM/Adjustment-Gauge-for-Red-E1-AXS-Front-Derailleur-p94395/
2026-09-18,SR-RED-FC,251.26,bike-components,299.0,EUR,https://www.bike-components.de/en/SRAM/Red-E1-DUB-2x12-speed-Carbon-Crankset-p94131/
2026-09-18,SR-RED-FC-PM,630.24,bike-discount,749.99,EUR,https://www.bike-discount.de/de/sram-red-axs-dub-powermeter-2x12-fach-carbon-kurbel-50/37
2026-09-18,SR-RED-CS,186.62,hupnakolo,5489.0,CZK,https://www.hupnakolo.cz/sram-red-xg-1290-12rychlostni-kazeta-2/
2026-09-18,SR-RED-CN,20.13,rose,23.95,EUR,https://www.rosebikes.de/p/sram-red-22force-22-kettenblatt-859274
2026-09-18,SR-RED-SET,294.11,bike-discount,349.99,EUR,https://www.bike-discount.de/de/sram-red-axs-e1-hrd-schalt-bremshebel-kit
2026-09-18,SR-RED-SET-PM,504.19,bike-discount,599.99,EUR,https://www.bike-discount.de/de/sram-red-axs-e1-powermeter-kit
2026-09-18,SR-FORCE-STBR,43.69,bike-discount,51.99,EUR,https://www.bike-discount.de/de/sram-force-axs-e1-12-fach-schaltrollen-set
2026-09-18,SR-FORCE-RD,219.79,mantel,265.95,EUR,https://www.mantel.com/en/sram-force-axs-e1-rd-rear-derailleur
2026-09-18,SR-FORCE-FD,139.49,bike-components,165.99,EUR,https://www.bike-components.de/en/SRAM/Force-E1-AXS-Front-Derailleur-2-speed-p96643/
2026-09-18,SR-FORCE-FC,56.29,bike-components,66.99,EUR,https://www.bike-components.de/en/SRAM/Force-AXS-2x12-Crankset-p217468/
2026-09-18,SR-FORCE-FC-PM,268.87,rose,319.95,EUR,https://www.rosebikes.de/p/sram-force-1r-axstm-power-meter-kurbel-1-x-12-fach-2718601
2026-09-18,SR-FORCE-CS,114.13,hupnakolo,3357.0,CZK,https://www.hupnakolo.cz/sram-force-xg-1270-12rychlostni-kazeta/
2026-09-18,SR-FORCE-CN,1.87,hupnakolo,55.0,CZK,https://www.hupnakolo.cz/spojka-pyc-pro-9-retez--1sada-1-blistr-6ks-spojek/
2026-09-18,SR-FORCE-SET,123.52,bike-components,146.99,EUR,https://www.bike-components.de/en/SRAM/Shift-Brake-Lever-Kit-Force-E1-Axs-Disc-p215226/
2026-09-18,SR-FORCE-SET-PM,2361.34,bike-components,2810.0,EUR,https://www.bike-components.de/de/SRAM/Force-E1-AXS-HRD-FM-Powermeter-Gruppe-2x12-fach-33-46-p218460/
2026-09-18,SR-RIVAL-STBR,16.8,bike-discount,19.99,EUR,https://www.bike-discount.de/en/sram-rival/force/red-axs-brake-caliper-service-kit
2026-09-18,SR-RIVAL-RD,163.02,bike-components,193.99,EUR,https://www.bike-components.de/en/SRAM/Rival-E1-AXS-12-speed-rear-derailleur-p96663/
2026-09-18,SR-RIVAL-FD,109.24,bike-components,129.99,EUR,https://www.bike-components.de/en/SRAM/Rival-E1-AXS-Front-Derailleur-2-speed-p96664/
2026-09-18,SR-RIVAL-FC,58.82,bike-components,69.99,EUR,https://www.bike-components.de/en/SRAM/Rival-DUB-2x12-speed-Crankset-p81651/
2026-09-18,SR-RIVAL-FC-PM,226.01,rose,268.95,EUR,https://www.rosebikes.de/p/sram-rival-axstm-power-meter-kurbel-2-x-12-fach-2700080
2026-09-18,SR-RIVAL-CS,66.38,bike-components,78.99,EUR,https://www.bike-components.de/en/SRAM/XG-1250-12-speed-Cassette-for-Rival-p81658/
2026-09-18,SR-RIVAL-CN,15.92,rose,18.95,EUR,https://www.rosebikes.de/p/sram-rival-2-x-12-fach-axs-kettenblatt-innen-2699864
2026-09-18,SR-RIVAL-SET,18.67,kupkolo,549.0,CZK,https://www.kupkolo.cz/servisni-sada-pro-sram-brzdovy-trmen-rival-axs_z122150/
2026-09-18,SR-RIVAL-SET-PM,1462.18,bike-components,1740.0,EUR,https://www.bike-components.de/de/SRAM/Rival-E1-AXS-HRD-FM-Powermeter-Gruppe-2x12-fach-35-48-p218860/
2026-09-18,SR-FORCE-D2-SET,16.8,bike-discount,19.99,EUR,https://www.bike-discount.de/en/sram-rival/force/red-axs-brake-caliper-service-kit
2026-09-18,SR-RIVAL-D1-SET,5.45,bike-components,6.49,EUR,https://www.bike-components.de/en/SRAM/Mounting-Adjustment-Bolt-Kit-for-Rival-eTap-AXS-Rear-Derailleur-p81638/
2026-09-18,SR-RED-D1-SET,4.19,bike-components,4.99,EUR,https://www.bike-components.de/en/SRAM/Pushrod-Kit-for-Red-eTap-AXS-E1-p96247/
2026-09-18,SR-X-BATTERY,38.38,kupkolo,1129.0,CZK,https://www.kupkolo.cz/sram-baterie-etap-axs-pro-prehazovacku-nebo-presmykac-1kus_z100168/
2026-09-18,SR-X-CHARGER,33.02,mantel,39.95,EUR,https://www.mantel.com/en/sram-etap-axs-battery-charger
2026-09-18,SR-X-PACELINE-160,30.06,hupnakolo,884.0,CZK,https://www.hupnakolo.cz/00-5018-248-001-sram-am-db-rotor-cl-paceline-160-roundedlr-a2/
2026-09-19,SH-105-STBR,155.86,kupkolo,4590.0,CZK,https://www.kupkolo.cz/radici-a-brzdova-paka-shimano-105-di2-st-r7170-2x12_z119215/
2026-09-19,SH-105-RD,126.04,bike-components,149.99,EUR,https://www.bike-components.de/en/Shimano/105-Di2-Rear-Derailleur-Shadow-RD-R7150-12-speed-p88619/
2026-09-19,SH-105-FD,54.61,bike-components,64.99,EUR,https://www.bike-components.de/de/Shimano/105-Di2-Umwerfer-FD-R7150-2-12-fach-p88620/
2026-09-19,SH-105-FC,60.46,rose,71.95,EUR,https://www.rosebikes.de/p/shimano-105-fc-r7100-hollowtech-ii-kurbel-2-x-12-fach-5034-2701936
2026-09-19,SH-105-CS,41.97,rose,49.95,EUR,https://www.rosebikes.de/p/shimano-105-cs-r7100-12-fach-zahnkranz-2713281
2026-09-19,SH-105-CS2,46.21,bike-components,54.99,EUR,https://www.bike-components.de/en/Shimano/CS-HG710-12-12-speed-Cassette-p88624/
2026-09-19,SH-105-CN,14.57,hupnakolo,429.0,CZK,https://www.hupnakolo.cz/shimano-retez-slx-cn-m7100-12rychl-116cl--s-rychlospojkou-box-20-ks/
2026-09-19,SH-105-SET,671.43,bike-discount,799.0,EUR,https://www.bike-discount.de/de/shimano-105-di2-r7170-2x12-fach-gruppe-disc-top-deal
2026-09-19,SH-ULT-STBR,234.41,rose,278.95,EUR,https://www.rosebikes.de/p/shimano-ultegra-di2-st-r8170-sti-brems-schalthebelkombination-mit-br-r8170-scheibenbremse-j-kit-direct-2700381
2026-09-19,SH-ULT-RD,1.25,bike-components,1.49,EUR,https://www.bike-components.de/en/Shimano/Adjustment-Gauge-for-RD-R9250-RD-R8150-p92737/
2026-09-19,SH-ULT-FD,125.53,hupnakolo,3697.0,CZK,https://www.hupnakolo.cz/shimano-presmykac-ultegra-di2-fd-r8150-pro-2x12-navarka-down-swing61-66-pro-50-54z-max-16z-kapac-ba/
2026-09-19,SH-ULT-FC,17.25,mantel,156.0,DKK,https://www.mantel.com/dk/shimano-ultegra-fc-r8100-klinge
2026-09-19,SH-ULT-FC-PM,2.14,hupnakolo,63.0,CZK,https://www.hupnakolo.cz/adapter-predni-brzdy-is-pm-203-mm/
2026-09-19,SH-ULT-CS,109.24,bike-components,129.99,EUR,https://www.bike-components.de/en/Shimano/Ultegra-Cassette-CS-R8100-Chain-CN-M8101-12-speed-Wear-Set-p213611/
2026-09-19,SH-ULT-CN,20.11,starbike,23.93,EUR,https://www.starbike.com/en/shimano-xt-cn-m8100-12-speed-chain/
2026-09-19,SH-ULT-SET,1008.39,bike-discount,1199.99,EUR,https://www.bike-discount.de/de/shimano-ultegra-di2-r8170-2x12-fach-gruppe-disc-140/160mm-1
2026-09-19,SH-ULT-SET-PM,1420.16,bike-discount,1689.99,EUR,https://www.bike-discount.de/de/shimano-ultegra-di2-r8170-p-2x12-fach-powermeter-gruppe-disc-160/160mm
2026-09-19,SH-DA-STBR,315.07,kupkolo,9279.0,CZK,https://www.kupkolo.cz/radici-a-brzdova-paka-shimano-dura-ace-di2-st-r9270-trmen-br-r9270_z123165/
2026-09-19,SH-DA-RD,1.25,bike-components,1.49,EUR,https://www.bike-components.de/en/Shimano/Adjustment-Gauge-for-RD-R9250-RD-R8150-p92737/
2026-09-19,SH-DA-FD,216.6,kupkolo,6379.0,CZK,https://www.kupkolo.cz/presmykac-shimano-dura-ace-fd-r9250-2x12-di2_z116539/
2026-09-19,SH-DA-FC,25.87,mantel,234.0,DKK,https://www.mantel.com/dk/shimano-dura-ace-fc-r9200-klinge
2026-09-19,SH-DA-FC-PM,5.06,kupkolo,149.0,CZK,https://www.kupkolo.cz/predni-adapter-kot-brzdy-a2z-pm-pm-180-f180_z3923/
2026-09-19,SH-DA-CS,122.65,rose,145.95,EUR,https://www.rosebikes.de/p/shimano-dura-ace-cs-r9200-12-fach-zahnkranz-11-30-2705202
2026-09-19,SH-DA-CN,31.64,starbike,37.65,EUR,https://www.starbike.com/en/shimano-xtr-cn-9100-chain/
2026-09-19,SH-DA-SET,1652.07,mantel,1999.0,EUR,https://www.mantel.com/en/shimano-dura-ace-r9200-di2-disc-groupset
2026-09-19,SH-X-BT-DN300,5.03,bike-discount,5.99,EUR,https://www.bike-discount.de/it/shimano-unita-adattatore-per-bt-dn300
2026-09-19,SH-X-EW-EC300,26.88,bike-components,31.99,EUR,https://www.bike-components.de/en/Shimano/USB-Charging-Cable-EW-EC300-for-BT-DN300-Di2-FC-R9200-P-Power-Meter-p84426/
2026-09-19,SH-X-RT-CL800,31.24,hupnakolo,920.0,CZK,https://www.hupnakolo.cz/brzdovy-kotouc-shimano-rt-cl800-160mm-center-lock--ice-technologies--v-krabicce/
2026-09-19,SH-X-RT-CL900,45.74,hupnakolo,1347.0,CZK,https://www.hupnakolo.cz/shimano-brzd-kotouc-ostatni-rt-cl900-center-lock-160-mm-pro-ice-tech-lock-ring--interni-/
2026-09-19,SR-RED-STBR,402.52,bike-components,479.0,EUR,https://www.bike-components.de/en/SRAM/Red-E1-AXS-HRD-Disc-Brake-with-Shift-Brake-Lever-p94400/
2026-09-19,SR-RED-RD,436.13,bike-components,519.0,EUR,https://www.bike-components.de/en/SRAM/Red-E1-AXS-12-speed-Rear-Derailleur-p94401/
2026-09-19,SR-RED-FD,6.71,bike-components,7.99,EUR,https://www.bike-components.de/en/SRAM/Adjustment-Gauge-for-Red-E1-AXS-Front-Derailleur-p94395/
2026-09-19,SR-RED-FC,251.26,bike-components,299.0,EUR,https://www.bike-components.de/en/SRAM/Red-E1-DUB-2x12-speed-Carbon-Crankset-p94131/
2026-09-19,SR-RED-FC-PM,630.24,bike-discount,749.99,EUR,https://www.bike-discount.de/de/sram-red-axs-dub-powermeter-2x12-fach-carbon-kurbel-50/37
2026-09-19,SR-RED-CS,186.38,hupnakolo,5489.0,CZK,https://www.hupnakolo.cz/sram-red-xg-1290-12rychlostni-kazeta-2/
2026-09-19,SR-RED-CN,20.13,rose,23.95,EUR,https://www.rosebikes.de/p/sram-red-22force-22-kettenblatt-859274
2026-09-19,SR-RED-SET,294.11,bike-discount,349.99,EUR,https://www.bike-discount.de/de/sram-red-axs-e1-hrd-schalt-bremshebel-kit
2026-09-19,SR-RED-SET-PM,504.19,bike-discount,599.99,EUR,https://www.bike-discount.de/de/sram-red-axs-e1-powermeter-kit
2026-09-19,SR-FORCE-STBR,43.69,bike-discount,51.99,EUR,https://www.bike-discount.de/de/sram-force-axs-e1-12-fach-schaltrollen-set
2026-09-19,SR-FORCE-RD,219.79,mantel,265.95,EUR,https://www.mantel.com/en/sram-force-axs-e1-rd-rear-derailleur
2026-09-19,SR-FORCE-FD,151.25,bike-components,179.99,EUR,https://www.bike-components.de/en/SRAM/Force-E1-AXS-Front-Derailleur-2-speed-p96643/
2026-09-19,SR-FORCE-FC,56.29,bike-components,66.99,EUR,https://www.bike-components.de/en/SRAM/Force-AXS-2x12-Crankset-p217468/
2026-09-19,SR-FORCE-FC-PM,268.87,rose,319.95,EUR,https://www.rosebikes.de/p/sram-force-1r-axstm-power-meter-kurbel-1-x-12-fach-2718601
2026-09-19,SR-FORCE-CS,113.99,hupnakolo,3357.0,CZK,https://www.hupnakolo.cz/sram-force-xg-1270-12rychlostni-kazeta/
2026-09-19,SR-FORCE-CN,1.87,hupnakolo,55.0,CZK,https://www.hupnakolo.cz/spojka-pyc-pro-9-retez--1sada-1-blistr-6ks-spojek/
2026-09-19,SR-FORCE-SET,176.46,bike-components,209.99,EUR,https://www.bike-components.de/en/SRAM/Shift-Brake-Lever-Kit-Force-E1-Axs-Disc-p215226/
2026-09-19,SR-FORCE-SET-PM,2361.34,bike-components,2810.0,EUR,https://www.bike-components.de/de/SRAM/Force-E1-AXS-HRD-FM-Powermeter-Gruppe-2x12-fach-33-46-p218460/
2026-09-19,SR-RIVAL-STBR,16.8,bike-discount,19.99,EUR,https://www.bike-discount.de/en/sram-rival/force/red-axs-brake-caliper-service-kit
2026-09-19,SR-RIVAL-RD,180.66,bike-components,214.99,EUR,https://www.bike-components.de/en/SRAM/Rival-E1-AXS-12-speed-rear-derailleur-p96663/
2026-09-19,SR-RIVAL-FD,109.24,bike-components,129.99,EUR,https://www.bike-components.de/en/SRAM/Rival-E1-AXS-Front-Derailleur-2-speed-p96664/
2026-09-19,SR-RIVAL-FC,58.82,bike-components,69.99,EUR,https://www.bike-components.de/en/SRAM/Rival-DUB-2x12-speed-Crankset-p81651/
2026-09-19,SR-RIVAL-FC-PM,207.55,bike-components,246.99,EUR,https://www.bike-components.de/en/SRAM/Rival-E1-DUB-DM-2x12-speed-Powermeter-Crankset-p96666/
2026-09-19,SR-RIVAL-CS,66.38,bike-components,78.99,EUR,https://www.bike-components.de/en/SRAM/XG-1250-12-speed-Cassette-for-Rival-p81658/
2026-09-19,SR-RIVAL-CN,15.92,rose,18.95,EUR,https://www.rosebikes.de/p/sram-rival-2-x-12-fach-axs-kettenblatt-innen-2699864
2026-09-19,SR-RIVAL-SET,18.64,kupkolo,549.0,CZK,https://www.kupkolo.cz/servisni-sada-pro-sram-brzdovy-trmen-rival-axs_z122150/
2026-09-19,SR-RIVAL-SET-PM,1462.18,bike-components,1740.0,EUR,https://www.bike-components.de/de/SRAM/Rival-E1-AXS-HRD-FM-Powermeter-Gruppe-2x12-fach-35-48-p218860/
2026-09-19,SR-FORCE-D2-SET,16.8,bike-discount,19.99,EUR,https://www.bike-discount.de/en/sram-rival/force/red-axs-brake-caliper-service-kit
2026-09-19,SR-RIVAL-D1-SET,5.45,bike-components,6.49,EUR,https://www.bike-components.de/en/SRAM/Mounting-Adjustment-Bolt-Kit-for-Rival-eTap-AXS-Rear-Derailleur-p81638/
2026-09-19,SR-RED-D1-SET,4.19,bike-components,4.99,EUR,https://www.bike-components.de/en/SRAM/Pushrod-Kit-for-Red-eTap-AXS-E1-p96247/
2026-09-19,SR-X-BATTERY,38.34,kupkolo,1129.0,CZK,https://www.kupkolo.cz/sram-baterie-etap-axs-pro-prehazovacku-nebo-presmykac-1kus_z100168/
2026-09-19,SR-X-CHARGER,33.02,mantel,39.95,EUR,https://www.mantel.com/en/sram-etap-axs-battery-charger
2026-09-19,SR-X-PACELINE-160,30.02,hupnakolo,884.0,CZK,https://www.hupnakolo.cz/00-5018-248-001-sram-am-db-rotor-cl-paceline-160-roundedlr-a2/
2026-09-20,SH-105-STBR,155.86,kupkolo,4590.0,CZK,https://www.kupkolo.cz/radici-a-brzdova-paka-shimano-105-di2-st-r7170-2x12_z119215/
2026-09-20,SH-105-RD,126.04,bike-components,149.99,EUR,https://www.bike-components.de/en/Shimano/105-Di2-Rear-Derailleur-Shadow-RD-R7150-12-speed-p88619/
2026-09-20,SH-105-FD,84.03,bike-discount,99.99,EUR,https://www.bike-discount.de/de/shimano-105-di2-fd-r7150-2x12-fach-umwerfer
2026-09-20,SH-105-FC,90.49,hupnakolo,2665.0,CZK,https://www.hupnakolo.cz/shimano-kliky-105-fc-r7100-integr-klika-2x12-cerna-bez-bb-misek-bal/
2026-09-20,SH-105-CS2,46.21,bike-components,54.99,EUR,https://www.bike-components.de/en/Shimano/CS-HG710-12-12-speed-Cassette-p88624/
2026-09-20,SH-105-CN,14.57,hupnakolo,429.0,CZK,https://www.hupnakolo.cz/shimano-retez-slx-cn-m7100-12rychl-116cl--s-rychlospojkou-box-20-ks/
2026-09-20,SH-105-SET,671.43,bike-discount,799.0,EUR,https://www.bike-discount.de/de/shimano-105-di2-r7170-2x12-fach-gruppe-disc-top-deal
2026-09-20,SH-ULT-STBR,237.28,hupnakolo,6988.0,CZK,https://www.hupnakolo.cz/shimano-kot-brzd-set-ultegra-br-r8170-st-r8170-zadprava-j-kit-di2-bez-adapt-polymer-chl-bh90170c/
2026-09-20,SH-ULT-RD,210.08,bike-components,250.0,EUR,https://www.bike-components.de/en/Shimano/Ultegra-Di2-Rear-Derailleur-Shadow-RD-R8150-12-speed-p212608/
2026-09-20,SH-ULT-FD,125.53,hupnakolo,3697.0,CZK,https://www.hupnakolo.cz/shimano-presmykac-ultegra-di2-fd-r8150-pro-2x12-navarka-down-swing61-66-pro-50-54z-max-16z-kapac-ba/
2026-09-20,SH-ULT-FC,148.69,kupkolo,4379.0,CZK,https://www.kupkolo.cz/kliky-shimano-ultegra-fc-r8100_z116228/
2026-09-20,SH-ULT-FC-PM,17.64,bike-discount,20.99,EUR,https://www.bike-discount.de/de/hope-adapter-h-pm-zu-pm-vorne-183
2026-09-20,SH-ULT-CS,109.24,bike-components,129.99,EUR,https://www.bike-components.de/en/Shimano/Ultegra-Cassette-CS-R8100-Chain-CN-M8101-12-speed-Wear-Set-p213611/
2026-09-20,SH-ULT-CN,20.11,starbike,23.93,EUR,https://www.starbike.com/en/shimano-xt-cn-m8100-12-speed-chain/
2026-09-20,SH-ULT-SET,1008.39,bike-discount,1199.99,EUR,https://www.bike-discount.de/de/shimano-ultegra-di2-r8170-2x12-fach-gruppe-disc-140/160mm-1
2026-09-20,SH-ULT-SET-PM,1420.16,bike-discount,1689.99,EUR,https://www.bike-discount.de/de/shimano-ultegra-di2-r8170-p-2x12-fach-powermeter-gruppe-disc-160/160mm
2026-09-20,SH-DA-STBR,432.69,starbike,514.9,EUR,https://www.starbike.com/en/shimano-dura-ace-st-r9270-di2-12-speed-sti-shift-and-brake-lever-hydraulic/
2026-09-20,SH-DA-RD,390.39,hupnakolo,11497.0,CZK,https://www.hupnakolo.cz/shimano-prehazovacka-dura-ace-di2-rd-r9250-12-rychl--bal/
2026-09-20,SH-DA-FD,216.6,kupkolo,6379.0,CZK,https://www.kupkolo.cz/presmykac-shimano-dura-ace-fd-r9250-2x12-di2_z116539/
2026-09-20,SH-DA-FC,209.24,bike-components,249.0,EUR,https://www.bike-components.de/en/Shimano/Dura-Ace-Hollowtech-II-FC-R9200-Crankset-p84383/
2026-09-20,SH-DA-FC-PM,17.64,bike-discount,20.99,EUR,https://www.bike-discount.de/de/hope-adapter-h-pm-zu-pm-vorne-183
2026-09-20,SH-DA-CS,165.67,kupkolo,4879.0,CZK,https://www.kupkolo.cz/kazeta-silnicni-shimano-dura-ace-cs-r9200-12s_z114733/
2026-09-20,SH-DA-CN,31.64,starbike,37.65,EUR,https://www.starbike.com/en/shimano-xtr-cn-9100-chain/
2026-09-20,SH-DA-SET,1679.83,bike-discount,1999.0,EUR,https://www.bike-discount.de/de/shimano-dura-ace-di2-r9270-2x12-fach-gruppe-disc-140/160mm
2026-09-20,SH-X-BT-DN300,94.74,kupkolo,2790.0,CZK,https://www.kupkolo.cz/shimano-baterie-di2-bt-dn300_z116543/
2026-09-20,SH-X-EW-EC300,26.88,bike-components,31.99,EUR,https://www.bike-components.de/en/Shimano/USB-Charging-Cable-EW-EC300-for-BT-DN300-Di2-FC-R9200-P-Power-Meter-p84426/
2026-09-20,SH-X-RT-CL800,31.24,hupnakolo,920.0,CZK,https://www.hupnakolo.cz/brzdovy-kotouc-shimano-rt-cl800-160mm-center-lock--ice-technologies--v-krabicce/
2026-09-20,SH-X-RT-CL900,45.74,hupnakolo,1347.0,CZK,https://www.hupnakolo.cz/shimano-brzd-kotouc-ostatni-rt-cl900-center-lock-160-mm-pro-ice-tech-lock-ring--interni-/
2026-09-20,SR-RED-SET,2418.0,starbike,2877.42,EUR,https://www.starbike.com/en/sram-red-axs-road-groupset-1-12-speed-hydraulic-disc-brake-flatmount/
2026-09-20,SR-FORCE-SET,1090.67,starbike,1297.9,EUR,https://www.starbike.com/en/sram-force-axs-2-speed-groupset-hydraulic-without-crank-36t-rear-derailleur-disc-flatmount-incl-160mm-brake-rotor/
2026-09-20,SR-RIVAL-SET,1008.39,bike-discount,1199.99,EUR,https://www.bike-discount.de/de/sram-rival-e1-axs-2x12-fach-48/35t-gruppe
2026-09-20,SR-FORCE-D2-SET,1090.67,starbike,1297.9,EUR,https://www.starbike.com/en/sram-force-axs-2-speed-groupset-hydraulic-without-crank-36t-rear-derailleur-disc-flatmount-incl-160mm-brake-rotor/
2026-09-21,SH-105-STBR,155.86,kupkolo,4590.0,CZK,https://www.kupkolo.cz/radici-a-brzdova-paka-shimano-105-di2-st-r7170-2x12_z119215/
2026-09-21,SH-105-RD,126.04,bike-components,149.99,EUR,https://www.bike-components.de/en/Shimano/105-Di2-Rear-Derailleur-Shadow-RD-R7150-12-speed-p88619/
2026-09-21,SH-105-FD,84.03,bike-discount,99.99,EUR,https://www.bike-discount.de/de/shimano-105-di2-fd-r7150-2x12-fach-umwerfer
2026-09-21,SH-105-FC,90.49,hupnakolo,2665.0,CZK,https://www.hupnakolo.cz/shimano-kliky-105-fc-r7100-integr-klika-2x12-cerna-bez-bb-misek-bal/
2026-09-21,SH-105-CS2,46.21,bike-components,54.99,EUR,https://www.bike-components.de/en/Shimano/CS-HG710-12-12-speed-Cassette-p88624/
2026-09-21,SH-105-CN,14.57,hupnakolo,429.0,CZK,https://www.hupnakolo.cz/shimano-retez-slx-cn-m7100-12rychl-116cl--s-rychlospojkou-box-20-ks/
2026-09-21,SH-105-SET,671.43,bike-discount,799.0,EUR,https://www.bike-discount.de/de/shimano-105-di2-r7170-2x12-fach-gruppe-disc-top-deal
2026-09-21,SH-ULT-STBR,237.28,hupnakolo,6988.0,CZK,https://www.hupnakolo.cz/shimano-kot-brzd-set-ultegra-br-r8170-st-r8170-zadprava-j-kit-di2-bez-adapt-polymer-chl-bh90170c/
2026-09-21,SH-ULT-RD,210.08,bike-components,250.0,EUR,https://www.bike-components.de/en/Shimano/Ultegra-Di2-Rear-Derailleur-Shadow-RD-R8150-12-speed-p212608/
2026-09-21,SH-ULT-FD,126.04,bike-components,149.99,EUR,https://www.bike-components.de/en/Shimano/Ultegra-Di2-FD-R8150-2-12-speed-Front-Derailleur-p84391/
2026-09-21,SH-ULT-FC,148.69,kupkolo,4379.0,CZK,https://www.kupkolo.cz/kliky-shimano-ultegra-fc-r8100_z116228/
2026-09-21,SH-ULT-FC-PM,17.64,bike-discount,20.99,EUR,https://www.bike-discount.de/de/hope-adapter-h-pm-zu-pm-vorne-183
2026-09-21,SH-ULT-CS,109.24,bike-components,129.99,EUR,https://www.bike-components.de/en/Shimano/Ultegra-Cassette-CS-R8100-Chain-CN-M8101-12-speed-Wear-Set-p213611/
2026-09-21,SH-ULT-CN,20.11,starbike,23.93,EUR,https://www.starbike.com/en/shimano-xt-cn-m8100-12-speed-chain/
2026-09-21,SH-ULT-SET,1008.39,bike-discount,1199.99,EUR,https://www.bike-discount.de/de/shimano-ultegra-di2-r8170-2x12-fach-gruppe-disc-140/160mm-1
2026-09-21,SH-ULT-SET-PM,1420.16,bike-discount,1689.99,EUR,https://www.bike-discount.de/de/shimano-ultegra-di2-r8170-p-2x12-fach-powermeter-gruppe-disc-160/160mm
2026-09-21,SH-DA-STBR,432.69,starbike,514.9,EUR,https://www.starbike.com/en/shimano-dura-ace-st-r9270-di2-12-speed-sti-shift-and-brake-lever-hydraulic/
2026-09-21,SH-DA-RD,390.39,hupnakolo,11497.0,CZK,https://www.hupnakolo.cz/shimano-prehazovacka-dura-ace-di2-rd-r9250-12-rychl--bal/
2026-09-21,SH-DA-FD,216.6,kupkolo,6379.0,CZK,https://www.kupkolo.cz/presmykac-shimano-dura-ace-fd-r9250-2x12-di2_z116539/
2026-09-21,SH-DA-FC,209.24,bike-components,249.0,EUR,https://www.bike-components.de/en/Shimano/Dura-Ace-Hollowtech-II-FC-R9200-Crankset-p84383/
2026-09-21,SH-DA-FC-PM,17.64,bike-discount,20.99,EUR,https://www.bike-discount.de/de/hope-adapter-h-pm-zu-pm-vorne-183
2026-09-21,SH-DA-CS,165.67,kupkolo,4879.0,CZK,https://www.kupkolo.cz/kazeta-silnicni-shimano-dura-ace-cs-r9200-12s_z114733/
2026-09-21,SH-DA-CN,31.64,starbike,37.65,EUR,https://www.starbike.com/en/shimano-xtr-cn-9100-chain/
2026-09-21,SH-DA-SET,1679.83,bike-discount,1999.0,EUR,https://www.bike-discount.de/de/shimano-dura-ace-di2-r9270-2x12-fach-gruppe-disc-140/160mm
2026-09-21,SH-X-BT-DN300,94.74,kupkolo,2790.0,CZK,https://www.kupkolo.cz/shimano-baterie-di2-bt-dn300_z116543/
2026-09-21,SH-X-EW-EC300,26.88,bike-components,31.99,EUR,https://www.bike-components.de/en/Shimano/USB-Charging-Cable-EW-EC300-for-BT-DN300-Di2-FC-R9200-P-Power-Meter-p84426/
2026-09-21,SH-X-RT-CL800,31.24,hupnakolo,920.0,CZK,https://www.hupnakolo.cz/brzdovy-kotouc-shimano-rt-cl800-160mm-center-lock--ice-technologies--v-krabicce/
2026-09-21,SH-X-RT-CL900,45.74,hupnakolo,1347.0,CZK,https://www.hupnakolo.cz/shimano-brzd-kotouc-ostatni-rt-cl900-center-lock-160-mm-pro-ice-tech-lock-ring--interni-/
2026-09-21,SR-RED-SET,2418.0,starbike,2877.42,EUR,https://www.starbike.com/en/sram-red-axs-road-groupset-1-12-speed-hydraulic-disc-brake-flatmount/
2026-09-21,SR-FORCE-SET,1090.67,starbike,1297.9,EUR,https://www.starbike.com/en/sram-force-axs-2-speed-groupset-hydraulic-without-crank-36t-rear-derailleur-disc-flatmount-incl-160mm-brake-rotor/
2026-09-21,SR-RIVAL-SET,1008.39,bike-discount,1199.99,EUR,https://www.bike-discount.de/de/sram-rival-e1-axs-2x12-fach-48/35t-gruppe
2026-09-21,SR-FORCE-D2-SET,1090.67,starbike,1297.9,EUR,https://www.starbike.com/en/sram-force-axs-2-speed-groupset-hydraulic-without-crank-36t-rear-derailleur-disc-flatmount-incl-160mm-brake-rotor/
2026-09-22,SH-105-STBR,155.77,kupkolo,4590.0,CZK,https://www.kupkolo.cz/radici-a-brzdova-paka-shimano-105-di2-st-r7170-2x12_z119215/
2026-09-22,SH-105-RD,126.04,bike-components,149.99,EUR,https://www.bike-components.de/en/Shimano/105-Di2-Rear-Derailleur-Shadow-RD-R7150-12-speed-p88619/
2026-09-22,SH-105-FD,84.03,bike-discount,99.99,EUR,https://www.bike-discount.de/de/shimano-105-di2-fd-r7150-2x12-fach-umwerfer
2026-09-22,SH-105-FC,90.44,hupnakolo,2665.0,CZK,https://www.hupnakolo.cz/shimano-kliky-105-fc-r7100-integr-klika-2x12-cerna-bez-bb-misek-bal/
2026-09-22,SH-105-CS2,46.21,bike-components,54.99,EUR,https://www.bike-components.de/en/Shimano/CS-HG710-12-12-speed-Cassette-p88624/
2026-09-22,SH-105-CN,14.56,hupnakolo,429.0,CZK,https://www.hupnakolo.cz/shimano-retez-slx-cn-m7100-12rychl-116cl--s-rychlospojkou-box-20-ks/
2026-09-22,SH-105-SET,671.43,bike-discount,799.0,EUR,https://www.bike-discount.de/de/shimano-105-di2-r7170-2x12-fach-gruppe-disc-top-deal
2026-09-22,SH-ULT-STBR,237.16,hupnakolo,6988.0,CZK,https://www.hupnakolo.cz/shimano-kot-brzd-set-ultegra-br-r8170-st-r8170-zadprava-j-kit-di2-bez-adapt-polymer-chl-bh90170c/
2026-09-22,SH-ULT-RD,210.08,bike-components,250.0,EUR,https://www.bike-components.de/en/Shimano/Ultegra-Di2-Rear-Derailleur-Shadow-RD-R8150-12-speed-p212608/
2026-09-22,SH-ULT-FD,126.04,bike-components,149.99,EUR,https://www.bike-components.de/en/Shimano/Ultegra-Di2-FD-R8150-2-12-speed-Front-Derailleur-p84391/
2026-09-22,SH-ULT-FC,148.61,kupkolo,4379.0,CZK,https://www.kupkolo.cz/kliky-shimano-ultegra-fc-r8100_z116228/
2026-09-22,SH-ULT-FC-PM,17.64,bike-discount,20.99,EUR,https://www.bike-discount.de/de/hope-adapter-h-pm-zu-pm-vorne-183
2026-09-22,SH-ULT-CS,109.24,bike-components,129.99,EUR,https://www.bike-components.de/en/Shimano/Ultegra-Cassette-CS-R8100-Chain-CN-M8101-12-speed-Wear-Set-p213611/
2026-09-22,SH-ULT-CN,20.11,starbike,23.93,EUR,https://www.starbike.com/en/shimano-xt-cn-m8100-12-speed-chain/
2026-09-22,SH-ULT-SET,1008.39,bike-discount,1199.99,EUR,https://www.bike-discount.de/de/shimano-ultegra-di2-r8170-2x12-fach-gruppe-disc-140/160mm-1
2026-09-22,SH-ULT-SET-PM,1420.16,bike-discount,1689.99,EUR,https://www.bike-discount.de/de/shimano-ultegra-di2-r8170-p-2x12-fach-powermeter-gruppe-disc-160/160mm
2026-09-22,SH-DA-STBR,432.69,starbike,514.9,EUR,https://www.starbike.com/en/shimano-dura-ace-st-r9270-di2-12-speed-sti-shift-and-brake-lever-hydraulic/
2026-09-22,SH-DA-RD,390.18,hupnakolo,11497.0,CZK,https://www.hupnakolo.cz/shimano-prehazovacka-dura-ace-di2-rd-r9250-12-rychl--bal/
2026-09-22,SH-DA-FD,216.49,kupkolo,6379.0,CZK,https://www.kupkolo.cz/presmykac-shimano-dura-ace-fd-r9250-2x12-di2_z116539/
2026-09-22,SH-DA-FC,209.24,bike-components,249.0,EUR,https://www.bike-components.de/en/Shimano/Dura-Ace-Hollowtech-II-FC-R9200-Crankset-p84383/
2026-09-22,SH-DA-FC-PM,17.64,bike-discount,20.99,EUR,https://www.bike-discount.de/de/hope-adapter-h-pm-zu-pm-vorne-183
2026-09-22,SH-DA-CS,165.58,kupkolo,4879.0,CZK,https://www.kupkolo.cz/kazeta-silnicni-shimano-dura-ace-cs-r9200-12s_z114733/
2026-09-22,SH-DA-CN,31.64,starbike,37.65,EUR,https://www.starbike.com/en/shimano-xtr-cn-9100-chain/
2026-09-22,SH-DA-SET,1679.83,bike-discount,1999.0,EUR,https://www.bike-discount.de/de/shimano-dura-ace-di2-r9270-2x12-fach-gruppe-disc-140/160mm
2026-09-22,SH-X-BT-DN300,94.69,kupkolo,2790.0,CZK,https://www.kupkolo.cz/shimano-baterie-di2-bt-dn300_z116543/
2026-09-22,SH-X-EW-EC300,26.88,bike-components,31.99,EUR,https://www.bike-components.de/en/Shimano/USB-Charging-Cable-EW-EC300-for-BT-DN300-Di2-FC-R9200-P-Power-Meter-p84426/
2026-09-22,SH-X-RT-CL800,31.22,hupnakolo,920.0,CZK,https://www.hupnakolo.cz/brzdovy-kotouc-shimano-rt-cl800-160mm-center-lock--ice-technologies--v-krabicce/
2026-09-22,SH-X-RT-CL900,45.71,hupnakolo,1347.0,CZK,https://www.hupnakolo.cz/shimano-brzd-kotouc-ostatni-rt-cl900-center-lock-160-mm-pro-ice-tech-lock-ring--interni-/
2026-09-22,SR-RED-SET,2418.0,starbike,2877.42,EUR,https://www.starbike.com/en/sram-red-axs-road-groupset-1-12-speed-hydraulic-disc-brake-flatmount/
2026-09-22,SR-FORCE-SET,1090.67,starbike,1297.9,EUR,https://www.starbike.com/en/sram-force-axs-2-speed-groupset-hydraulic-without-crank-36t-rear-derailleur-disc-flatmount-incl-160mm-brake-rotor/
2026-09-22,SR-RIVAL-SET,966.38,bike-discount,1149.99,EUR,https://www.bike-discount.de/de/sram-rival-e1-axs-2x12-fach-48/35t-gruppe
2026-09-22,SR-FORCE-D2-SET,1090.67,starbike,1297.9,EUR,https://www.starbike.com/en/sram-force-axs-2-speed-groupset-hydraulic-without-crank-36t-rear-derailleur-disc-flatmount-incl-160mm-brake-rotor/
2026-09-23,SH-105-STBR,155.82,kupkolo,4590.0,CZK,https://www.kupkolo.cz/radici-a-brzdova-paka-shimano-105-di2-st-r7170-2x12_z119215/
2026-09-23,SH-105-RD,126.04,bike-components,149.99,EUR,https://www.bike-components.de/en/Shimano/105-Di2-Rear-Derailleur-Shadow-RD-R7150-12-speed-p88619/
2026-09-23,SH-105-FD,84.03,bike-discount,99.99,EUR,https://www.bike-discount.de/de/shimano-105-di2-fd-r7150-2x12-fach-umwerfer
2026-09-23,SH-105-FC,90.47,hupnakolo,2665.0,CZK,https://www.hupnakolo.cz/shimano-kliky-105-fc-r7100-integr-klika-2x12-cerna-bez-bb-misek-bal/
2026-09-23,SH-105-CS2,46.21,bike-components,54.99,EUR,https://www.bike-components.de/en/Shimano/CS-HG710-12-12-speed-Cassette-p88624/
2026-09-23,SH-105-CN,14.56,hupnakolo,429.0,CZK,https://www.hupnakolo.cz/shimano-retez-slx-cn-m7100-12rychl-116cl--s-rychlospojkou-box-20-ks/
2026-09-23,SH-105-SET,671.43,bike-discount,799.0,EUR,https://www.bike-discount.de/de/shimano-105-di2-r7170-2x12-fach-gruppe-disc-top-deal
2026-09-23,SH-ULT-STBR,237.23,hupnakolo,6988.0,CZK,https://www.hupnakolo.cz/shimano-kot-brzd-set-ultegra-br-r8170-st-r8170-zadprava-j-kit-di2-bez-adapt-polymer-chl-bh90170c/
2026-09-23,SH-ULT-RD,210.08,bike-components,250.0,EUR,https://www.bike-components.de/en/Shimano/Ultegra-Di2-Rear-Derailleur-Shadow-RD-R8150-12-speed-p212608/
2026-09-23,SH-ULT-FD,126.04,bike-components,149.99,EUR,https://www.bike-components.de/en/Shimano/Ultegra-Di2-FD-R8150-2-12-speed-Front-Derailleur-p84391/
2026-09-23,SH-ULT-FC,148.66,kupkolo,4379.0,CZK,https://www.kupkolo.cz/kliky-shimano-ultegra-fc-r8100_z116228/
2026-09-23,SH-ULT-FC-PM,17.64,bike-discount,20.99,EUR,https://www.bike-discount.de/de/hope-adapter-h-pm-zu-pm-vorne-183
2026-09-23,SH-ULT-CS,109.24,bike-components,129.99,EUR,https://www.bike-components.de/en/Shimano/Ultegra-Cassette-CS-R8100-Chain-CN-M8101-12-speed-Wear-Set-p213611/
2026-09-23,SH-ULT-CN,20.11,starbike,23.93,EUR,https://www.starbike.com/en/shimano-xt-cn-m8100-12-speed-chain/
2026-09-23,SH-ULT-SET,1008.39,bike-discount,1199.99,EUR,https://www.bike-discount.de/de/shimano-ultegra-di2-r8170-2x12-fach-gruppe-disc-140/160mm-1
2026-09-23,SH-ULT-SET-PM,1420.16,bike-discount,1689.99,EUR,https://www.bike-discount.de/de/shimano-ultegra-di2-r8170-p-2x12-fach-powermeter-gruppe-disc-160/160mm
2026-09-23,SH-DA-STBR,432.69,starbike,514.9,EUR,https://www.starbike.com/en/shimano-dura-ace-st-r9270-di2-12-speed-sti-shift-and-brake-lever-hydraulic/
2026-09-23,SH-DA-RD,390.31,hupnakolo,11497.0,CZK,https://www.hupnakolo.cz/shimano-prehazovacka-dura-ace-di2-rd-r9250-12-rychl--bal/
2026-09-23,SH-DA-FD,216.56,kupkolo,6379.0,CZK,https://www.kupkolo.cz/presmykac-shimano-dura-ace-fd-r9250-2x12-di2_z116539/
2026-09-23,SH-DA-FC,209.24,bike-components,249.0,EUR,https://www.bike-components.de/en/Shimano/Dura-Ace-Hollowtech-II-FC-R9200-Crankset-p84383/
2026-09-23,SH-DA-FC-PM,17.64,bike-discount,20.99,EUR,https://www.bike-discount.de/de/hope-adapter-h-pm-zu-pm-vorne-183
2026-09-23,SH-DA-CS,165.64,kupkolo,4879.0,CZK,https://www.kupkolo.cz/kazeta-silnicni-shimano-dura-ace-cs-r9200-12s_z114733/
2026-09-23,SH-DA-CN,31.64,starbike,37.65,EUR,https://www.starbike.com/en/shimano-xtr-cn-9100-chain/
2026-09-23,SH-DA-SET,1679.83,bike-discount,1999.0,EUR,https://www.bike-discount.de/de/shimano-dura-ace-di2-r9270-2x12-fach-gruppe-disc-140/160mm
2026-09-23,SH-X-BT-DN300,94.72,kupkolo,2790.0,CZK,https://www.kupkolo.cz/shimano-baterie-di2-bt-dn300_z116543/
2026-09-23,SH-X-EW-EC300,26.88,bike-components,31.99,EUR,https://www.bike-components.de/en/Shimano/USB-Charging-Cable-EW-EC300-for-BT-DN300-Di2-FC-R9200-P-Power-Meter-p84426/
2026-09-23,SH-X-RT-CL800,31.23,hupnakolo,920.0,CZK,https://www.hupnakolo.cz/brzdovy-kotouc-shimano-rt-cl800-160mm-center-lock--ice-technologies--v-krabicce/
2026-09-23,SH-X-RT-CL900,45.73,hupnakolo,1347.0,CZK,https://www.hupnakolo.cz/shimano-brzd-kotouc-ostatni-rt-cl900-center-lock-160-mm-pro-ice-tech-lock-ring--interni-/
2026-09-23,SR-RED-SET,2418.0,starbike,2877.42,EUR,https://www.starbike.com/en/sram-red-axs-road-groupset-1-12-speed-hydraulic-disc-brake-flatmount/
2026-09-23,SR-FORCE-SET,1090.67,starbike,1297.9,EUR,https://www.starbike.com/en/sram-force-axs-2-speed-groupset-hydraulic-without-crank-36t-rear-derailleur-disc-flatmount-incl-160mm-brake-rotor/
2026-09-23,SR-RIVAL-SET,966.38,bike-discount,1149.99,EUR,https://www.bike-discount.de/de/sram-rival-e1-axs-2x12-fach-48/35t-gruppe
2026-09-23,SR-FORCE-D2-SET,1090.67,starbike,1297.9,EUR,https://www.starbike.com/en/sram-force-axs-2-speed-groupset-hydraulic-without-crank-36t-rear-derailleur-disc-flatmount-incl-160mm-brake-rotor/
2026-09-24,SH-105-STBR,155.58,kupkolo,4590.0,CZK,https://www.kupkolo.cz/radici-a-brzdova-paka-shimano-105-di2-st-r7170-2x12_z119215/
2026-09-24,SH-105-RD,118.63,hupnakolo,3500.0,CZK,https://www.hupnakolo.cz/shimano-prehazovacka-105-rd-r7150-12-rychl--max-36z-min-11z-kapacita-41z-bal/
2026-09-24,SH-105-FD,84.03,bike-discount,99.99,EUR,https://www.bike-discount.de/de/shimano-105-di2-fd-r7150-2x12-fach-umwerfer
2026-09-24,SH-105-FC,90.33,hupnakolo,2665.0,CZK,https://www.hupnakolo.cz/shimano-kliky-105-fc-r7100-integr-klika-2x12-cerna-bez-bb-misek-bal/
2026-09-24,SH-105-CS2,46.21,bike-components,54.99,EUR,https://www.bike-components.de/en/Shimano/CS-HG710-12-12-speed-Cassette-p88624/
2026-09-24,SH-105-CN,14.54,hupnakolo,429.0,CZK,https://www.hupnakolo.cz/shimano-retez-slx-cn-m7100-12rychl-116cl--s-rychlospojkou-box-20-ks/
2026-09-24,SH-105-SET,671.43,bike-discount,799.0,EUR,https://www.bike-discount.de/de/shimano-105-di2-r7170-2x12-fach-gruppe-disc-top-deal
2026-09-24,SH-ULT-STBR,236.85,hupnakolo,6988.0,CZK,https://www.hupnakolo.cz/shimano-kot-brzd-set-ultegra-br-r8170-st-r8170-zadprava-j-kit-di2-bez-adapt-polymer-chl-bh90170c/
2026-09-24,SH-ULT-RD,210.08,bike-components,250.0,EUR,https://www.bike-components.de/en/Shimano/Ultegra-Di2-Rear-Derailleur-Shadow-RD-R8150-12-speed-p212608/
2026-09-24,SH-ULT-FD,126.04,bike-components,149.99,EUR,https://www.bike-components.de/en/Shimano/Ultegra-Di2-FD-R8150-2-12-speed-Front-Derailleur-p84391/
2026-09-24,SH-ULT-FC,148.42,kupkolo,4379.0,CZK,https://www.kupkolo.cz/kliky-shimano-ultegra-fc-r8100_z116228/
2026-09-24,SH-ULT-FC-PM,17.64,bike-discount,20.99,EUR,https://www.bike-discount.de/de/hope-adapter-h-pm-zu-pm-vorne-183
2026-09-24,SH-ULT-CS,109.24,bike-components,129.99,EUR,https://www.bike-components.de/en/Shimano/Ultegra-Cassette-CS-R8100-Chain-CN-M8101-12-speed-Wear-Set-p213611/
2026-09-24,SH-ULT-CN,20.11,starbike,23.93,EUR,https://www.starbike.com/en/shimano-xt-cn-m8100-12-speed-chain/
2026-09-24,SH-ULT-SET,1008.39,bike-discount,1199.99,EUR,https://www.bike-discount.de/de/shimano-ultegra-di2-r8170-2x12-fach-gruppe-disc-140/160mm-1
2026-09-24,SH-ULT-SET-PM,1420.16,bike-discount,1689.99,EUR,https://www.bike-discount.de/de/shimano-ultegra-di2-r8170-p-2x12-fach-powermeter-gruppe-disc-160/160mm
2026-09-24,SH-DA-STBR,432.69,starbike,514.9,EUR,https://www.starbike.com/en/shimano-dura-ace-st-r9270-di2-12-speed-sti-shift-and-brake-lever-hydraulic/
2026-09-24,SH-DA-RD,389.68,hupnakolo,11497.0,CZK,https://www.hupnakolo.cz/shimano-prehazovacka-dura-ace-di2-rd-r9250-12-rychl--bal/
2026-09-24,SH-DA-FD,216.21,kupkolo,6379.0,CZK,https://www.kupkolo.cz/presmykac-shimano-dura-ace-fd-r9250-2x12-di2_z116539/
2026-09-24,SH-DA-FC,209.24,bike-components,249.0,EUR,https://www.bike-components.de/en/Shimano/Dura-Ace-Hollowtech-II-FC-R9200-Crankset-p84383/
2026-09-24,SH-DA-FC-PM,17.64,bike-discount,20.99,EUR,https://www.bike-discount.de/de/hope-adapter-h-pm-zu-pm-vorne-183
2026-09-24,SH-DA-CS,165.37,kupkolo,4879.0,CZK,https://www.kupkolo.cz/kazeta-silnicni-shimano-dura-ace-cs-r9200-12s_z114733/
2026-09-24,SH-DA-CN,31.64,starbike,37.65,EUR,https://www.starbike.com/en/shimano-xtr-cn-9100-chain/
2026-09-24,SH-DA-SET,1679.83,bike-discount,1999.0,EUR,https://www.bike-discount.de/de/shimano-dura-ace-di2-r9270-2x12-fach-gruppe-disc-140/160mm
2026-09-24,SH-X-BT-DN300,94.57,kupkolo,2790.0,CZK,https://www.kupkolo.cz/shimano-baterie-di2-bt-dn300_z116543/
2026-09-24,SH-X-EW-EC300,26.88,bike-components,31.99,EUR,https://www.bike-components.de/en/Shimano/USB-Charging-Cable-EW-EC300-for-BT-DN300-Di2-FC-R9200-P-Power-Meter-p84426/
2026-09-24,SH-X-RT-CL800,31.18,hupnakolo,920.0,CZK,https://www.hupnakolo.cz/brzdovy-kotouc-shimano-rt-cl800-160mm-center-lock--ice-technologies--v-krabicce/
2026-09-24,SH-X-RT-CL900,45.66,hupnakolo,1347.0,CZK,https://www.hupnakolo.cz/shimano-brzd-kotouc-ostatni-rt-cl900-center-lock-160-mm-pro-ice-tech-lock-ring--interni-/
2026-09-24,SR-RED-SET,2415.0,starbike,2873.85,EUR,https://www.starbike.com/en/sram-red-axs-road-groupset-1-12-speed-hydraulic-disc-brake-flatmount/
2026-09-24,SR-FORCE-SET,1090.67,starbike,1297.9,EUR,https://www.starbike.com/en/sram-force-axs-2-speed-groupset-hydraulic-without-crank-36t-rear-derailleur-disc-flatmount-incl-160mm-brake-rotor/
2026-09-24,SR-RIVAL-SET,966.38,bike-discount,1149.99,EUR,https://www.bike-discount.de/de/sram-rival-e1-axs-2x12-fach-48/35t-gruppe
2026-09-24,SR-FORCE-D2-SET,1090.67,starbike,1297.9,EUR,https://www.starbike.com/en/sram-force-axs-2-speed-groupset-hydraulic-without-crank-36t-rear-derailleur-disc-flatmount-incl-160mm-brake-rotor/
2026-09-25,SH-105-STBR,155.47,kupkolo,4590.0,CZK,https://www.kupkolo.cz/radici-a-brzdova-paka-shimano-105-di2-st-r7170-2x12_z119215/
2026-09-25,SH-105-RD,126.04,bike-components,149.99,EUR,https://www.bike-components.de/en/Shimano/105-Di2-Rear-Derailleur-Shadow-RD-R7150-12-speed-p88619/
2026-09-25,SH-105-FD,84.03,bike-discount,99.99,EUR,https://www.bike-discount.de/de/shimano-105-di2-fd-r7150-2x12-fach-umwerfer
2026-09-25,SH-105-FC,90.27,hupnakolo,2665.0,CZK,https://www.hupnakolo.cz/shimano-kliky-105-fc-r7100-integr-klika-2x12-cerna-bez-bb-misek-bal/
2026-09-25,SH-105-CS2,46.21,bike-components,54.99,EUR,https://www.bike-components.de/en/Shimano/CS-HG710-12-12-speed-Cassette-p88624/
2026-09-25,SH-105-CN,14.53,hupnakolo,429.0,CZK,https://www.hupnakolo.cz/shimano-retez-slx-cn-m7100-12rychl-116cl--s-rychlospojkou-box-20-ks/
2026-09-25,SH-105-SET,671.43,bike-discount,799.0,EUR,https://www.bike-discount.de/de/shimano-105-di2-r7170-2x12-fach-gruppe-disc-top-deal
2026-09-25,SH-ULT-STBR,235.38,hupnakolo,6949.0,CZK,https://www.hupnakolo.cz/shimano-kot-brzd-set-ultegra-br-r8170-st-r8170-zadprava-j-kit-di2-bez-adapt-polymer-chl-bh90170c/
2026-09-25,SH-ULT-RD,201.44,hupnakolo,5947.0,CZK,https://www.hupnakolo.cz/shimano-prehazovacka-ultegra-di2-rd-r8150-12-rychl--bal/
2026-09-25,SH-ULT-FD,126.04,bike-components,149.99,EUR,https://www.bike-components.de/en/Shimano/Ultegra-Di2-FD-R8150-2-12-speed-Front-Derailleur-p84391/
2026-09-25,SH-ULT-FC,148.33,kupkolo,4379.0,CZK,https://www.kupkolo.cz/kliky-shimano-ultegra-fc-r8100_z116228/
2026-09-25,SH-ULT-FC-PM,17.64,bike-discount,20.99,EUR,https://www.bike-discount.de/de/hope-adapter-h-pm-zu-pm-vorne-183
2026-09-25,SH-ULT-CS,109.24,bike-components,129.99,EUR,https://www.bike-components.de/en/Shimano/Ultegra-Cassette-CS-R8100-Chain-CN-M8101-12-speed-Wear-Set-p213611/
2026-09-25,SH-ULT-CN,20.11,starbike,23.93,EUR,https://www.starbike.com/en/shimano-xt-cn-m8100-12-speed-chain/
2026-09-25,SH-ULT-SET,1008.39,bike-discount,1199.99,EUR,https://www.bike-discount.de/de/shimano-ultegra-di2-r8170-2x12-fach-gruppe-disc-140/160mm-1
2026-09-25,SH-ULT-SET-PM,1819.24,starbike,2164.9,EUR,https://www.starbike.com/en/shimano-ultegra-di2-r8100-2x12-speed-powermeter-flatmount-groupset-electric/
2026-09-25,SH-DA-STBR,432.69,starbike,514.9,EUR,https://www.starbike.com/en/shimano-dura-ace-st-r9270-di2-12-speed-sti-shift-and-brake-lever-hydraulic/
2026-09-25,SH-DA-RD,390.95,hupnakolo,11542.0,CZK,https://www.hupnakolo.cz/shimano-prehazovacka-dura-ace-di2-rd-r9250-12-rychl--bal/
2026-09-25,SH-DA-FD,235.29,bike-discount,279.99,EUR,https://www.bike-discount.de/de/shimano-dura-ace-di2-fd-r9250-2x12-fach-umwerfer
2026-09-25,SH-DA-FC,209.24,bike-components,249.0,EUR,https://www.bike-components.de/en/Shimano/Dura-Ace-Hollowtech-II-FC-R9200-Crankset-p84383/
2026-09-25,SH-DA-FC-PM,17.64,bike-discount,20.99,EUR,https://www.bike-discount.de/de/hope-adapter-h-pm-zu-pm-vorne-183
2026-09-25,SH-DA-CS,165.26,kupkolo,4879.0,CZK,https://www.kupkolo.cz/kazeta-silnicni-shimano-dura-ace-cs-r9200-12s_z114733/
2026-09-25,SH-DA-CN,31.64,starbike,37.65,EUR,https://www.starbike.com/en/shimano-xtr-cn-9100-chain/
2026-09-25,SH-DA-SET,1679.83,bike-discount,1999.0,EUR,https://www.bike-discount.de/de/shimano-dura-ace-di2-r9270-2x12-fach-gruppe-disc-140/160mm
2026-09-25,SH-X-BT-DN300,94.5,kupkolo,2790.0,CZK,https://www.kupkolo.cz/shimano-baterie-di2-bt-dn300_z116543/
2026-09-25,SH-X-EW-EC300,26.88,bike-components,31.99,EUR,https://www.bike-components.de/en/Shimano/USB-Charging-Cable-EW-EC300-for-BT-DN300-Di2-FC-R9200-P-Power-Meter-p84426/
2026-09-25,SH-X-RT-CL800,31.16,hupnakolo,920.0,CZK,https://www.hupnakolo.cz/brzdovy-kotouc-shimano-rt-cl800-160mm-center-lock--ice-technologies--v-krabicce/
2026-09-25,SH-X-RT-CL900,40.24,hupnakolo,1188.0,CZK,https://www.hupnakolo.cz/shimano-brzd-kotouc-ostatni-rt-cl900-center-lock-160-mm-pro-ice-tech-lock-ring--interni-/
2026-09-25,SR-RED-SET,2322.0,starbike,2763.18,EUR,https://www.starbike.com/en/sram-red-axs-road-groupset-1-12-speed-hydraulic-disc-brake-flatmount/
2026-09-25,SR-FORCE-SET,1090.67,starbike,1297.9,EUR,https://www.starbike.com/en/sram-force-axs-2-speed-groupset-hydraulic-without-crank-36t-rear-derailleur-disc-flatmount-incl-160mm-brake-rotor/
2026-09-25,SR-RIVAL-SET,966.38,bike-discount,1149.99,EUR,https://www.bike-discount.de/de/sram-rival-e1-axs-2x12-fach-48/35t-gruppe
2026-09-25,SR-FORCE-D2-SET,1090.67,starbike,1297.9,EUR,https://www.starbike.com/en/sram-force-axs-2-speed-groupset-hydraulic-without-crank-36t-rear-derailleur-disc-flatmount-incl-160mm-brake-rotor/
